test_id,message_length,sha256_bits_changed,esha256_bits_changed
1,16,134,128
2,17,120,142
3,18,135,133
4,19,120,120
5,20,124,134
6,21,129,142
7,22,138,117
8,23,119,137
9,24,129,132
10,25,115,117
11,26,133,139
12,27,125,120
13,28,123,131
14,29,129,135
15,30,137,137
16,31,125,115
17,32,116,130
18,33,130,125
19,34,123,127
20,35,136,139
21,36,123,123
22,37,119,135
23,38,138,126
24,39,124,135
25,40,127,122
26,41,124,128
27,42,129,127
28,43,131,141
29,44,119,125
30,45,128,119
31,46,120,110
32,47,134,125
33,48,143,125
34,49,127,129
35,50,122,119
36,51,136,138
37,52,121,142
38,53,129,111
39,54,124,131
40,55,128,127
41,56,128,144
42,57,142,128
43,58,114,126
44,59,142,128
45,60,128,122
46,61,126,130
47,62,133,115
48,63,130,126
49,64,128,132
50,65,128,127
51,66,119,123
52,67,128,126
53,68,128,129
54,69,119,128
55,70,115,123
56,71,131,138
57,72,119,120
58,73,127,142
59,74,126,145
60,75,135,140
61,76,131,127
62,77,133,131
63,78,134,128
64,79,137,108
65,80,121,123
66,81,120,121
67,82,110,125
68,83,132,123
69,84,138,128
70,85,126,130
71,86,130,121
72,87,137,140
73,88,133,131
74,89,136,121
75,90,119,113
76,91,115,119
77,92,113,128
78,93,120,125
79,94,121,115
80,95,134,128
81,96,126,146
82,97,131,110
83,98,126,129
84,99,122,131
85,100,127,116
86,101,129,125
87,102,133,121
88,103,123,128
89,104,131,131
90,105,134,139
91,106,134,122
92,107,128,123
93,108,137,137
94,109,142,139
95,110,116,128
96,111,128,128
97,112,116,133
98,113,145,145
99,114,126,133
100,115,125,115
101,116,136,121
102,117,134,129
103,118,132,112
104,119,130,125
105,120,121,129
106,121,133,125
107,122,123,124
108,123,137,144
109,124,126,133
110,125,125,128
111,126,123,122
112,127,117,125
113,16,143,117
114,17,122,135
115,18,126,130
116,19,136,141
117,20,136,123
118,21,133,132
119,22,123,126
120,23,127,137
121,24,115,122
122,25,121,120
123,26,112,121
124,27,150,127
125,28,143,126
126,29,130,120
127,30,138,116
128,31,134,138
129,32,133,134
130,33,124,122
131,34,120,127
132,35,135,116
133,36,122,124
134,37,117,130
135,38,128,143
136,39,146,130
137,40,123,116
138,41,131,129
139,42,128,112
140,43,141,120
141,44,123,140
142,45,123,126
143,46,119,143
144,47,128,121
145,48,124,126
146,49,136,120
147,50,122,114
148,51,124,118
149,52,129,142
150,53,132,140
151,54,143,125
152,55,147,134
153,56,119,135
154,57,135,127
155,58,130,121
156,59,114,123
157,60,130,126
158,61,123,123
159,62,115,130
160,63,133,123
161,64,125,124
162,65,135,133
163,66,129,129
164,67,121,116
165,68,132,123
166,69,124,127
167,70,120,118
168,71,117,135
169,72,120,112
170,73,131,124
171,74,123,125
172,75,128,138
173,76,137,126
174,77,118,128
175,78,135,140
176,79,122,127
177,80,132,125
178,81,133,138
179,82,138,128
180,83,137,131
181,84,140,128
182,85,115,132
183,86,143,131
184,87,126,143
185,88,130,129
186,89,135,129
187,90,135,131
188,91,126,125
189,92,130,141
190,93,125,117
191,94,133,137
192,95,126,138
193,96,127,127
194,97,117,131
195,98,127,124
196,99,144,139
197,100,136,116
198,101,137,140
199,102,148,136
200,103,114,117
201,104,137,124
202,105,127,130
203,106,131,143
204,107,144,127
205,108,117,127
206,109,126,144
207,110,141,130
208,111,128,119
209,112,133,126
210,113,124,121
211,114,131,133
212,115,120,142
213,116,129,117
214,117,135,144
215,118,137,130
216,119,126,127
217,120,124,135
218,121,136,136
219,122,133,138
220,123,139,140
221,124,125,129
222,125,125,133
223,126,126,130
224,127,118,133
225,16,117,119
226,17,122,127
227,18,122,132
228,19,135,140
229,20,137,128
230,21,128,118
231,22,123,139
232,23,127,121
233,24,133,123
234,25,139,132
235,26,120,129
236,27,125,107
237,28,142,121
238,29,129,129
239,30,141,145
240,31,130,115
241,32,142,117
242,33,130,125
243,34,113,129
244,35,121,122
245,36,133,125
246,37,142,145
247,38,133,138
248,39,128,137
249,40,134,120
250,41,122,144
251,42,121,106
252,43,124,137
253,44,134,129
254,45,124,120
255,46,148,136
256,47,136,137
257,48,133,125
258,49,127,123
259,50,141,128
260,51,140,137
261,52,125,122
262,53,143,126
263,54,142,139
264,55,127,141
265,56,122,130
266,57,130,115
267,58,106,119
268,59,144,117
269,60,117,130
270,61,133,137
271,62,124,129
272,63,134,137
273,64,126,118
274,65,116,124
275,66,125,139
276,67,115,120
277,68,123,134
278,69,126,129
279,70,126,140
280,71,138,126
281,72,133,141
282,73,139,126
283,74,140,128
284,75,138,132
285,76,133,131
286,77,121,131
287,78,131,122
288,79,119,134
289,80,138,131
290,81,132,125
291,82,122,123
292,83,111,129
293,84,140,132
294,85,125,137
295,86,119,146
296,87,119,146
297,88,133,126
298,89,139,125
299,90,133,136
300,91,110,140
301,92,121,126
302,93,136,133
303,94,119,139
304,95,138,123
305,96,134,133
306,97,124,138
307,98,137,125
308,99,136,137
309,100,129,139
310,101,126,134
311,102,129,129
312,103,130,121
313,104,127,120
314,105,130,121
315,106,127,132
316,107,134,135
317,108,131,131
318,109,134,136
319,110,132,130
320,111,121,125
321,112,119,135
322,113,131,150
323,114,134,138
324,115,138,138
325,116,116,124
326,117,137,111
327,118,135,120
328,119,118,127
329,120,138,138
330,121,126,129
331,122,140,134
332,123,135,115
333,124,117,121
334,125,129,116
335,126,125,109
336,127,126,119
337,16,133,127
338,17,122,128
339,18,133,130
340,19,131,136
341,20,140,147
342,21,128,127
343,22,109,137
344,23,117,131
345,24,141,121
346,25,125,124
347,26,120,137
348,27,119,149
349,28,151,130
350,29,139,121
351,30,126,120
352,31,132,124
353,32,133,128
354,33,130,135
355,34,140,114
356,35,122,152
357,36,114,126
358,37,121,118
359,38,133,125
360,39,134,128
361,40,123,130
362,41,134,124
363,42,136,121
364,43,128,128
365,44,113,127
366,45,130,131
367,46,125,124
368,47,131,132
369,48,129,133
370,49,133,122
371,50,130,134
372,51,122,133
373,52,127,129
374,53,135,130
375,54,132,122
376,55,133,128
377,56,123,113
378,57,119,122
379,58,120,132
380,59,116,134
381,60,126,139
382,61,120,135
383,62,121,128
384,63,133,118
385,64,136,132
386,65,122,119
387,66,106,133
388,67,135,112
389,68,139,127
390,69,138,129
391,70,118,122
392,71,141,130
393,72,131,126
394,73,123,133
395,74,132,121
396,75,125,129
397,76,124,134
398,77,123,133
399,78,127,123
400,79,120,123
401,80,127,129
402,81,123,126
403,82,135,128
404,83,126,122
405,84,134,127
406,85,123,141
407,86,129,132
408,87,125,144
409,88,128,140
410,89,134,126
411,90,122,127
412,91,135,137
413,92,122,134
414,93,134,117
415,94,122,130
416,95,128,107
417,96,125,123
418,97,128,126
419,98,125,119
420,99,116,132
421,100,143,124
422,101,133,125
423,102,125,129
424,103,127,140
425,104,121,130
426,105,131,127
427,106,118,111
428,107,130,138
429,108,126,116
430,109,136,130
431,110,130,119
432,111,118,129
433,112,123,127
434,113,128,131
435,114,119,125
436,115,137,116
437,116,137,126
438,117,124,140
439,118,118,140
440,119,131,129
441,120,125,134
442,121,121,126
443,122,125,135
444,123,137,129
445,124,128,133
446,125,126,118
447,126,118,125
448,127,144,118
449,16,132,139
450,17,131,136
451,18,113,138
452,19,119,129
453,20,124,127
454,21,116,135
455,22,137,125
456,23,119,128
457,24,124,144
458,25,127,137
459,26,112,136
460,27,134,125
461,28,132,122
462,29,124,136
463,30,137,129
464,31,119,113
465,32,121,123
466,33,129,112
467,34,125,121
468,35,129,130
469,36,130,135
470,37,125,125
471,38,127,132
472,39,117,128
473,40,124,116
474,41,130,130
475,42,138,130
476,43,134,130
477,44,135,130
478,45,123,119
479,46,117,133
480,47,120,132
481,48,110,125
482,49,123,111
483,50,123,140
484,51,145,120
485,52,129,126
486,53,127,130
487,54,131,126
488,55,123,130
489,56,116,136
490,57,133,130
491,58,113,140
492,59,133,121
493,60,130,140
494,61,126,136
495,62,127,122
496,63,124,125
497,64,127,129
498,65,128,120
499,66,139,127
500,67,131,131
501,68,141,133
502,69,126,125
503,70,116,125
504,71,124,127
505,72,127,130
506,73,132,121
507,74,129,127
508,75,123,130
509,76,120,131
510,77,125,118
511,78,124,120
512,79,142,145
513,80,135,138
514,81,125,119
515,82,122,129
516,83,116,122
517,84,122,134
518,85,127,126
519,86,137,135
520,87,126,121
521,88,138,123
522,89,129,124
523,90,119,138
524,91,132,136
525,92,126,139
526,93,128,122
527,94,131,130
528,95,129,129
529,96,120,125
530,97,130,120
531,98,130,138
532,99,111,128
533,100,117,133
534,101,120,141
535,102,136,137
536,103,122,138
537,104,136,122
538,105,102,133
539,106,127,122
540,107,131,134
541,108,127,133
542,109,110,125
543,110,129,132
544,111,133,118
545,112,133,127
546,113,145,117
547,114,113,113
548,115,119,113
549,116,132,134
550,117,130,126
551,118,124,119
552,119,122,145
553,120,143,129
554,121,119,124
555,122,138,123
556,123,122,116
557,124,109,122
558,125,125,128
559,126,121,128
560,127,140,131
561,16,127,132
562,17,134,136
563,18,123,127
564,19,121,126
565,20,125,124
566,21,113,130
567,22,136,126
568,23,126,127
569,24,138,125
570,25,125,123
571,26,129,117
572,27,132,119
573,28,139,136
574,29,117,139
575,30,123,119
576,31,121,126
577,32,127,122
578,33,143,126
579,34,138,129
580,35,134,121
581,36,129,137
582,37,121,109
583,38,131,133
584,39,129,128
585,40,137,128
586,41,138,136
587,42,111,130
588,43,130,120
589,44,126,123
590,45,134,124
591,46,126,117
592,47,125,136
593,48,125,123
594,49,133,129
595,50,124,132
596,51,120,135
597,52,125,128
598,53,129,128
599,54,132,112
600,55,133,119
601,56,119,125
602,57,121,133
603,58,155,140
604,59,132,119
605,60,121,133
606,61,113,125
607,62,118,137
608,63,134,131
609,64,136,138
610,65,130,133
611,66,123,137
612,67,143,128
613,68,131,123
614,69,123,147
615,70,133,123
616,71,136,126
617,72,129,128
618,73,119,128
619,74,126,135
620,75,136,127
621,76,126,128
622,77,149,133
623,78,129,127
624,79,113,124
625,80,124,134
626,81,137,132
627,82,133,136
628,83,128,132
629,84,128,135
630,85,122,131
631,86,117,109
632,87,133,137
633,88,136,134
634,89,122,135
635,90,119,132
636,91,137,125
637,92,135,111
638,93,145,135
639,94,126,123
640,95,130,121
641,96,128,120
642,97,128,127
643,98,120,116
644,99,124,130
645,100,124,130
646,101,143,125
647,102,127,129
648,103,125,115
649,104,126,132
650,105,128,139
651,106,134,132
652,107,139,114
653,108,132,121
654,109,144,132
655,110,122,124
656,111,117,123
657,112,124,120
658,113,129,140
659,114,118,122
660,115,130,128
661,116,127,125
662,117,132,121
663,118,123,124
664,119,133,133
665,120,120,128
666,121,134,138
667,122,127,132
668,123,138,130
669,124,126,132
670,125,139,126
671,126,127,125
672,127,118,136
673,16,118,131
674,17,129,124
675,18,137,120
676,19,125,138
677,20,132,130
678,21,136,115
679,22,128,134
680,23,133,142
681,24,112,127
682,25,135,124
683,26,126,130
684,27,128,118
685,28,129,122
686,29,118,117
687,30,126,134
688,31,134,128
689,32,125,123
690,33,121,122
691,34,128,123
692,35,141,135
693,36,136,124
694,37,134,135
695,38,126,117
696,39,114,121
697,40,125,120
698,41,131,133
699,42,129,139
700,43,132,130
701,44,114,133
702,45,130,143
703,46,135,131
704,47,120,119
705,48,135,120
706,49,126,114
707,50,121,130
708,51,120,126
709,52,135,142
710,53,118,124
711,54,117,131
712,55,125,115
713,56,118,117
714,57,128,115
715,58,135,122
716,59,116,137
717,60,125,120
718,61,139,130
719,62,122,127
720,63,138,130
721,64,142,126
722,65,146,131
723,66,124,131
724,67,124,123
725,68,132,124
726,69,123,124
727,70,131,116
728,71,121,122
729,72,152,120
730,73,134,121
731,74,129,125
732,75,140,118
733,76,130,136
734,77,143,123
735,78,131,128
736,79,130,123
737,80,135,131
738,81,128,125
739,82,133,123
740,83,125,116
741,84,117,130
742,85,131,132
743,86,131,131
744,87,132,132
745,88,125,137
746,89,136,138
747,90,131,126
748,91,129,119
749,92,140,131
750,93,120,136
751,94,137,123
752,95,136,141
753,96,130,127
754,97,129,142
755,98,129,131
756,99,126,120
757,100,129,113
758,101,133,139
759,102,138,116
760,103,138,135
761,104,125,119
762,105,124,112
763,106,120,133
764,107,119,127
765,108,124,125
766,109,123,124
767,110,125,129
768,111,122,130
769,112,117,121
770,113,127,132
771,114,130,134
772,115,138,131
773,116,134,105
774,117,137,121
775,118,135,128
776,119,123,133
777,120,129,140
778,121,128,120
779,122,127,124
780,123,128,136
781,124,138,140
782,125,130,130
783,126,133,131
784,127,127,124
785,16,140,126
786,17,136,144
787,18,144,134
788,19,144,137
789,20,135,143
790,21,126,123
791,22,139,130
792,23,115,128
793,24,129,133
794,25,125,135
795,26,128,132
796,27,124,119
797,28,119,118
798,29,114,122
799,30,124,130
800,31,128,126
801,32,126,112
802,33,133,133
803,34,141,138
804,35,133,135
805,36,122,119
806,37,128,115
807,38,116,130
808,39,128,125
809,40,127,134
810,41,117,138
811,42,123,120
812,43,147,137
813,44,129,120
814,45,133,134
815,46,122,121
816,47,132,133
817,48,126,115
818,49,128,135
819,50,130,121
820,51,127,127
821,52,126,131
822,53,134,131
823,54,111,134
824,55,129,125
825,56,120,121
826,57,115,123
827,58,132,140
828,59,119,143
829,60,123,117
830,61,110,134
831,62,124,111
832,63,124,121
833,64,118,126
834,65,139,129
835,66,120,143
836,67,128,129
837,68,134,125
838,69,123,127
839,70,127,129
840,71,131,116
841,72,112,137
842,73,127,118
843,74,119,125
844,75,136,131
845,76,119,128
846,77,123,124
847,78,139,126
848,79,129,124
849,80,135,137
850,81,122,119
851,82,127,137
852,83,117,130
853,84,130,126
854,85,133,126
855,86,132,122
856,87,129,131
857,88,133,135
858,89,139,126
859,90,122,133
860,91,122,136
861,92,133,127
862,93,125,124
863,94,128,129
864,95,127,124
865,96,134,131
866,97,115,138
867,98,120,125
868,99,133,121
869,100,127,135
870,101,126,115
871,102,133,119
872,103,119,112
873,104,134,146
874,105,120,114
875,106,129,125
876,107,129,130
877,108,133,134
878,109,135,127
879,110,142,117
880,111,127,129
881,112,121,132
882,113,118,138
883,114,136,135
884,115,137,132
885,116,134,140
886,117,135,138
887,118,141,130
888,119,135,146
889,120,115,115
890,121,124,125
891,122,123,121
892,123,125,133
893,124,116,131
894,125,135,121
895,126,130,125
896,127,132,140
897,16,131,139
898,17,136,132
899,18,122,124
900,19,124,126
901,20,131,132
902,21,128,132
903,22,134,123
904,23,135,121
905,24,121,140
906,25,123,135
907,26,116,132
908,27,127,133
909,28,133,125
910,29,140,124
911,30,136,114
912,31,133,137
913,32,130,135
914,33,132,128
915,34,147,114
916,35,133,132
917,36,112,124
918,37,115,131
919,38,130,118
920,39,127,119
921,40,137,117
922,41,119,129
923,42,131,126
924,43,138,124
925,44,129,130
926,45,131,127
927,46,132,132
928,47,146,128
929,48,125,137
930,49,119,128
931,50,117,125
932,51,130,135
933,52,131,124
934,53,120,122
935,54,139,141
936,55,112,128
937,56,133,126
938,57,136,124
939,58,132,128
940,59,130,132
941,60,127,123
942,61,134,142
943,62,117,122
944,63,133,126
945,64,119,127
946,65,106,120
947,66,118,137
948,67,126,125
949,68,138,131
950,69,129,129
951,70,129,125
952,71,143,127
953,72,134,128
954,73,126,121
955,74,126,128
956,75,142,122
957,76,128,128
958,77,133,131
959,78,117,121
960,79,134,122
961,80,133,134
962,81,129,116
963,82,125,129
964,83,118,135
965,84,139,124
966,85,126,117
967,86,123,113
968,87,119,122
969,88,125,127
970,89,121,130
971,90,136,132
972,91,133,127
973,92,129,122
974,93,138,124
975,94,124,124
976,95,128,119
977,96,123,119
978,97,132,129
979,98,137,116
980,99,123,133
981,100,124,125
982,101,130,121
983,102,134,133
984,103,137,132
985,104,120,134
986,105,120,141
987,106,128,118
988,107,124,127
989,108,140,118
990,109,132,132
991,110,127,126
992,111,127,140
993,112,142,134
994,113,131,135
995,114,121,115
996,115,120,124
997,116,132,129
998,117,134,134
999,118,139,119
1000,119,125,124
1001,120,134,123
1002,121,127,118
1003,122,132,129
1004,123,122,125
1005,124,122,122
1006,125,147,135
1007,126,131,131
1008,127,125,126
1009,16,133,127
1010,17,135,120
1011,18,125,121
1012,19,136,140
1013,20,132,130
1014,21,120,129
1015,22,135,122
1016,23,140,126
1017,24,134,128
1018,25,127,115
1019,26,123,130
1020,27,128,130
1021,28,128,134
1022,29,139,115
1023,30,132,126
1024,31,134,129
1025,32,117,131
1026,33,140,123
1027,34,124,128
1028,35,126,125
1029,36,121,114
1030,37,119,143
1031,38,114,131
1032,39,136,142
1033,40,133,129
1034,41,127,141
1035,42,122,121
1036,43,135,116
1037,44,122,115
1038,45,132,124
1039,46,130,120
1040,47,127,133
1041,48,123,129
1042,49,134,128
1043,50,136,122
1044,51,123,115
1045,52,130,120
1046,53,119,120
1047,54,129,131
1048,55,136,135
1049,56,124,131
1050,57,126,120
1051,58,131,136
1052,59,133,136
1053,60,125,123
1054,61,130,125
1055,62,114,117
1056,63,127,137
1057,64,127,135
1058,65,136,135
1059,66,123,126
1060,67,139,115
1061,68,127,132
1062,69,111,127
1063,70,128,120
1064,71,122,133
1065,72,108,124
1066,73,130,120
1067,74,134,124
1068,75,119,134
1069,76,130,127
1070,77,133,115
1071,78,106,146
1072,79,127,129
1073,80,118,138
1074,81,127,117
1075,82,121,119
1076,83,132,145
1077,84,117,113
1078,85,132,138
1079,86,121,127
1080,87,119,133
1081,88,128,115
1082,89,121,131
1083,90,121,119
1084,91,134,125
1085,92,125,143
1086,93,114,131
1087,94,128,128
1088,95,121,140
1089,96,129,123
1090,97,141,134
1091,98,142,134
1092,99,125,118
1093,100,121,136
1094,101,131,122
1095,102,125,106
1096,103,126,124
1097,104,135,117
1098,105,134,128
1099,106,127,122
1100,107,133,108
1101,108,123,131
1102,109,136,126
1103,110,130,125
1104,111,127,126
1105,112,130,125
1106,113,118,133
1107,114,111,120
1108,115,151,122
1109,116,136,128
1110,117,123,114
1111,118,120,125
1112,119,115,130
1113,120,122,141
1114,121,127,132
1115,122,125,130
1116,123,133,122
1117,124,128,119
1118,125,120,126
1119,126,121,134
1120,127,125,123
1121,16,141,140
1122,17,114,149
1123,18,121,130
1124,19,124,115
1125,20,129,126
1126,21,124,118
1127,22,109,133
1128,23,129,134
1129,24,142,128
1130,25,113,123
1131,26,127,118
1132,27,122,128
1133,28,128,132
1134,29,129,132
1135,30,143,146
1136,31,123,129
1137,32,116,129
1138,33,131,133
1139,34,120,123
1140,35,130,141
1141,36,130,111
1142,37,127,120
1143,38,151,121
1144,39,125,119
1145,40,124,115
1146,41,132,131
1147,42,126,150
1148,43,132,125
1149,44,139,112
1150,45,152,136
1151,46,121,144
1152,47,138,124
1153,48,129,119
1154,49,135,124
1155,50,123,117
1156,51,138,123
1157,52,136,120
1158,53,120,133
1159,54,138,127
1160,55,130,132
1161,56,132,118
1162,57,131,113
1163,58,119,135
1164,59,121,132
1165,60,116,121
1166,61,124,112
1167,62,118,136
1168,63,129,132
1169,64,130,116
1170,65,118,124
1171,66,117,125
1172,67,113,126
1173,68,130,154
1174,69,137,127
1175,70,125,116
1176,71,125,131
1177,72,139,126
1178,73,128,120
1179,74,113,137
1180,75,129,130
1181,76,143,144
1182,77,128,128
1183,78,139,122
1184,79,155,140
1185,80,131,128
1186,81,134,113
1187,82,132,138
1188,83,131,144
1189,84,116,129
1190,85,128,142
1191,86,132,119
1192,87,143,121
1193,88,136,133
1194,89,135,140
1195,90,122,130
1196,91,137,137
1197,92,122,132
1198,93,121,137
1199,94,121,116
1200,95,132,138
1201,96,126,122
1202,97,127,126
1203,98,129,140
1204,99,128,133
1205,100,118,130
1206,101,130,122
1207,102,126,129
1208,103,133,151
1209,104,123,140
1210,105,136,120
1211,106,132,121
1212,107,139,119
1213,108,131,117
1214,109,122,135
1215,110,127,144
1216,111,115,134
1217,112,126,128
1218,113,136,115
1219,114,110,141
1220,115,123,140
1221,116,138,126
1222,117,117,121
1223,118,123,123
1224,119,113,135
1225,120,131,126
1226,121,127,124
1227,122,141,132
1228,123,120,125
1229,124,128,133
1230,125,124,142
1231,126,136,134
1232,127,105,133
1233,16,129,123
1234,17,140,127
1235,18,130,136
1236,19,123,130
1237,20,135,129
1238,21,135,118
1239,22,120,111
1240,23,142,130
1241,24,123,141
1242,25,124,130
1243,26,122,111
1244,27,152,123
1245,28,137,118
1246,29,131,136
1247,30,125,136
1248,31,137,128
1249,32,129,124
1250,33,119,125
1251,34,128,136
1252,35,133,125
1253,36,135,142
1254,37,128,125
1255,38,131,135
1256,39,128,132
1257,40,113,118
1258,41,126,121
1259,42,127,126
1260,43,134,134
1261,44,124,123
1262,45,134,131
1263,46,133,133
1264,47,124,141
1265,48,126,133
1266,49,120,117
1267,50,143,118
1268,51,129,128
1269,52,122,121
1270,53,134,115
1271,54,122,124
1272,55,120,131
1273,56,132,138
1274,57,124,132
1275,58,118,132
1276,59,127,125
1277,60,149,124
1278,61,131,132
1279,62,130,131
1280,63,133,128
1281,64,132,133
1282,65,123,110
1283,66,130,129
1284,67,124,128
1285,68,133,127
1286,69,122,126
1287,70,125,130
1288,71,130,120
1289,72,127,125
1290,73,125,135
1291,74,119,123
1292,75,139,121
1293,76,120,129
1294,77,131,141
1295,78,128,122
1296,79,122,126
1297,80,121,126
1298,81,136,131
1299,82,128,120
1300,83,131,136
1301,84,132,133
1302,85,145,124
1303,86,136,124
1304,87,146,126
1305,88,127,127
1306,89,130,130
1307,90,128,113
1308,91,126,125
1309,92,130,122
1310,93,125,121
1311,94,122,136
1312,95,129,134
1313,96,136,123
1314,97,130,128
1315,98,138,129
1316,99,142,127
1317,100,118,128
1318,101,122,136
1319,102,133,123
1320,103,119,129
1321,104,133,139
1322,105,138,121
1323,106,98,119
1324,107,141,130
1325,108,119,124
1326,109,132,127
1327,110,143,128
1328,111,119,137
1329,112,136,122
1330,113,135,135
1331,114,128,117
1332,115,144,128
1333,116,126,123
1334,117,144,130
1335,118,132,129
1336,119,125,133
1337,120,125,115
1338,121,131,134
1339,122,127,115
1340,123,130,126
1341,124,135,136
1342,125,128,116
1343,126,126,131
1344,127,121,135
1345,16,118,128
1346,17,120,122
1347,18,133,141
1348,19,126,146
1349,20,148,134
1350,21,142,134
1351,22,126,134
1352,23,125,118
1353,24,123,128
1354,25,129,135
1355,26,126,133
1356,27,135,136
1357,28,128,137
1358,29,127,129
1359,30,125,126
1360,31,127,133
1361,32,114,107
1362,33,116,130
1363,34,122,134
1364,35,136,116
1365,36,130,110
1366,37,124,135
1367,38,123,125
1368,39,145,129
1369,40,128,114
1370,41,128,115
1371,42,133,123
1372,43,129,121
1373,44,129,130
1374,45,125,139
1375,46,132,123
1376,47,135,132
1377,48,118,114
1378,49,132,128
1379,50,127,130
1380,51,135,133
1381,52,139,111
1382,53,124,137
1383,54,136,113
1384,55,138,125
1385,56,136,148
1386,57,142,119
1387,58,121,129
1388,59,133,137
1389,60,105,137
1390,61,131,121
1391,62,129,132
1392,63,135,126
1393,64,136,121
1394,65,136,107
1395,66,135,126
1396,67,132,127
1397,68,138,143
1398,69,118,114
1399,70,127,139
1400,71,116,117
1401,72,131,130
1402,73,139,131
1403,74,141,143
1404,75,130,124
1405,76,125,123
1406,77,130,126
1407,78,127,132
1408,79,124,140
1409,80,114,121
1410,81,141,123
1411,82,119,125
1412,83,111,124
1413,84,124,129
1414,85,129,130
1415,86,137,129
1416,87,115,134
1417,88,117,134
1418,89,128,130
1419,90,119,134
1420,91,137,134
1421,92,137,119
1422,93,139,122
1423,94,131,126
1424,95,125,134
1425,96,113,126
1426,97,124,128
1427,98,127,97
1428,99,126,121
1429,100,138,112
1430,101,139,130
1431,102,118,139
1432,103,126,127
1433,104,128,132
1434,105,124,116
1435,106,139,134
1436,107,144,143
1437,108,133,131
1438,109,139,121
1439,110,129,123
1440,111,125,134
1441,112,136,119
1442,113,141,132
1443,114,133,134
1444,115,135,123
1445,116,126,119
1446,117,127,144
1447,118,116,129
1448,119,124,133
1449,120,143,132
1450,121,119,125
1451,122,137,117
1452,123,129,126
1453,124,139,139
1454,125,136,117
1455,126,129,140
1456,127,124,114
1457,16,123,134
1458,17,139,129
1459,18,140,125
1460,19,127,139
1461,20,137,131
1462,21,122,116
1463,22,134,140
1464,23,128,132
1465,24,135,120
1466,25,117,132
1467,26,139,125
1468,27,121,125
1469,28,126,128
1470,29,116,116
1471,30,140,137
1472,31,119,130
1473,32,141,115
1474,33,129,122
1475,34,134,137
1476,35,125,133
1477,36,128,139
1478,37,133,138
1479,38,144,127
1480,39,119,131
1481,40,144,139
1482,41,118,141
1483,42,130,126
1484,43,139,137
1485,44,140,129
1486,45,139,121
1487,46,130,126
1488,47,132,129
1489,48,132,128
1490,49,115,130
1491,50,126,141
1492,51,137,131
1493,52,119,140
1494,53,134,128
1495,54,133,122
1496,55,117,141
1497,56,129,130
1498,57,141,121
1499,58,134,142
1500,59,132,115
1501,60,127,135
1502,61,136,136
1503,62,136,140
1504,63,120,125
1505,64,120,138
1506,65,134,124
1507,66,132,122
1508,67,129,122
1509,68,127,127
1510,69,118,129
1511,70,130,128
1512,71,130,131
1513,72,127,123
1514,73,126,124
1515,74,134,137
1516,75,133,125
1517,76,138,127
1518,77,134,139
1519,78,120,126
1520,79,126,121
1521,80,126,122
1522,81,118,119
1523,82,134,127
1524,83,123,122
1525,84,125,126
1526,85,127,111
1527,86,128,124
1528,87,132,123
1529,88,136,131
1530,89,135,137
1531,90,120,130
1532,91,131,148
1533,92,116,129
1534,93,122,118
1535,94,122,119
1536,95,130,112
1537,96,145,133
1538,97,111,120
1539,98,125,116
1540,99,122,135
1541,100,141,128
1542,101,133,132
1543,102,124,142
1544,103,121,129
1545,104,116,143
1546,105,123,123
1547,106,131,127
1548,107,129,128
1549,108,128,126
1550,109,121,128
1551,110,134,120
1552,111,127,123
1553,112,118,123
1554,113,128,119
1555,114,124,143
1556,115,138,124
1557,116,122,117
1558,117,133,131
1559,118,124,126
1560,119,119,112
1561,120,129,120
1562,121,133,130
1563,122,129,142
1564,123,131,139
1565,124,119,134
1566,125,128,119
1567,126,125,123
1568,127,125,130
1569,16,122,138
1570,17,128,125
1571,18,137,135
1572,19,127,130
1573,20,114,126
1574,21,140,125
1575,22,120,124
1576,23,110,130
1577,24,129,135
1578,25,130,133
1579,26,131,120
1580,27,131,124
1581,28,130,126
1582,29,119,121
1583,30,124,129
1584,31,128,141
1585,32,143,123
1586,33,113,116
1587,34,132,134
1588,35,133,138
1589,36,140,127
1590,37,143,135
1591,38,131,134
1592,39,122,139
1593,40,122,139
1594,41,140,137
1595,42,126,142
1596,43,126,141
1597,44,132,109
1598,45,111,137
1599,46,121,129
1600,47,121,117
1601,48,133,128
1602,49,125,142
1603,50,129,126
1604,51,109,110
1605,52,137,143
1606,53,119,141
1607,54,131,124
1608,55,122,123
1609,56,127,122
1610,57,126,124
1611,58,129,126
1612,59,134,138
1613,60,124,130
1614,61,146,129
1615,62,126,128
1616,63,127,139
1617,64,117,111
1618,65,130,122
1619,66,119,133
1620,67,115,124
1621,68,141,136
1622,69,129,135
1623,70,117,125
1624,71,144,126
1625,72,128,128
1626,73,139,125
1627,74,134,130
1628,75,139,123
1629,76,121,127
1630,77,121,134
1631,78,124,133
1632,79,128,124
1633,80,122,126
1634,81,132,131
1635,82,133,122
1636,83,139,132
1637,84,120,126
1638,85,146,138
1639,86,130,144
1640,87,132,124
1641,88,122,121
1642,89,130,120
1643,90,134,119
1644,91,123,112
1645,92,123,134
1646,93,126,111
1647,94,136,116
1648,95,133,144
1649,96,121,125
1650,97,130,120
1651,98,135,130
1652,99,128,114
1653,100,136,121
1654,101,132,123
1655,102,119,119
1656,103,143,135
1657,104,133,133
1658,105,115,135
1659,106,131,115
1660,107,114,140
1661,108,115,134
1662,109,117,127
1663,110,133,122
1664,111,120,119
1665,112,125,129
1666,113,126,121
1667,114,138,141
1668,115,126,136
1669,116,132,117
1670,117,121,132
1671,118,133,119
1672,119,129,133
1673,120,137,124
1674,121,121,131
1675,122,121,119
1676,123,136,130
1677,124,129,127
1678,125,133,125
1679,126,128,112
1680,127,129,131
1681,16,115,131
1682,17,130,122
1683,18,119,122
1684,19,118,132
1685,20,126,137
1686,21,123,136
1687,22,135,132
1688,23,125,130
1689,24,117,117
1690,25,125,129
1691,26,138,137
1692,27,130,138
1693,28,139,128
1694,29,136,141
1695,30,127,126
1696,31,128,116
1697,32,122,139
1698,33,133,136
1699,34,141,136
1700,35,125,121
1701,36,128,124
1702,37,137,120
1703,38,133,122
1704,39,127,118
1705,40,125,132
1706,41,142,122
1707,42,145,107
1708,43,137,149
1709,44,126,133
1710,45,132,139
1711,46,126,117
1712,47,134,130
1713,48,125,131
1714,49,135,115
1715,50,132,133
1716,51,129,119
1717,52,146,133
1718,53,123,134
1719,54,119,125
1720,55,140,122
1721,56,131,140
1722,57,125,108
1723,58,115,140
1724,59,141,141
1725,60,133,113
1726,61,119,125
1727,62,135,133
1728,63,132,129
1729,64,127,130
1730,65,144,130
1731,66,134,131
1732,67,130,136
1733,68,129,142
1734,69,144,133
1735,70,129,129
1736,71,127,130
1737,72,137,118
1738,73,118,115
1739,74,124,136
1740,75,121,111
1741,76,130,130
1742,77,130,121
1743,78,128,116
1744,79,125,126
1745,80,119,122
1746,81,124,124
1747,82,141,136
1748,83,122,137
1749,84,124,129
1750,85,125,124
1751,86,144,133
1752,87,130,130
1753,88,131,139
1754,89,125,137
1755,90,125,127
1756,91,121,128
1757,92,123,124
1758,93,121,133
1759,94,126,134
1760,95,130,126
1761,96,112,122
1762,97,132,120
1763,98,132,122
1764,99,130,130
1765,100,137,131
1766,101,118,136
1767,102,113,139
1768,103,137,124
1769,104,122,138
1770,105,130,130
1771,106,127,138
1772,107,129,128
1773,108,130,126
1774,109,141,122
1775,110,116,141
1776,111,125,138
1777,112,118,137
1778,113,124,133
1779,114,146,113
1780,115,137,143
1781,116,123,137
1782,117,133,130
1783,118,109,131
1784,119,129,123
1785,120,125,148
1786,121,136,125
1787,122,127,138
1788,123,127,133
1789,124,128,136
1790,125,136,148
1791,126,136,130
1792,127,123,132
1793,16,121,115
1794,17,142,121
1795,18,123,118
1796,19,124,136
1797,20,131,136
1798,21,119,135
1799,22,142,127
1800,23,136,122
1801,24,120,129
1802,25,136,132
1803,26,137,126
1804,27,119,115
1805,28,145,149
1806,29,128,137
1807,30,126,124
1808,31,117,132
1809,32,136,116
1810,33,128,123
1811,34,132,139
1812,35,121,121
1813,36,127,117
1814,37,135,132
1815,38,126,110
1816,39,113,134
1817,40,117,133
1818,41,122,125
1819,42,121,117
1820,43,119,116
1821,44,138,137
1822,45,124,124
1823,46,146,134
1824,47,127,121
1825,48,132,127
1826,49,115,109
1827,50,136,129
1828,51,132,142
1829,52,133,131
1830,53,125,137
1831,54,119,132
1832,55,119,137
1833,56,119,136
1834,57,143,135
1835,58,132,112
1836,59,112,125
1837,60,122,112
1838,61,123,128
1839,62,123,131
1840,63,119,131
1841,64,134,119
1842,65,143,120
1843,66,124,112
1844,67,130,138
1845,68,138,124
1846,69,121,126
1847,70,140,142
1848,71,108,126
1849,72,130,119
1850,73,132,133
1851,74,124,117
1852,75,125,122
1853,76,121,123
1854,77,130,123
1855,78,138,127
1856,79,120,122
1857,80,127,129
1858,81,128,122
1859,82,124,131
1860,83,137,132
1861,84,113,117
1862,85,128,138
1863,86,125,136
1864,87,124,118
1865,88,115,123
1866,89,128,121
1867,90,123,121
1868,91,123,125
1869,92,129,115
1870,93,123,123
1871,94,121,128
1872,95,127,126
1873,96,135,130
1874,97,130,125
1875,98,128,139
1876,99,110,126
1877,100,139,143
1878,101,137,129
1879,102,123,115
1880,103,122,134
1881,104,142,133
1882,105,122,116
1883,106,123,130
1884,107,137,131
1885,108,129,120
1886,109,132,121
1887,110,134,123
1888,111,126,125
1889,112,122,135
1890,113,132,145
1891,114,120,137
1892,115,131,122
1893,116,128,137
1894,117,117,127
1895,118,129,125
1896,119,111,127
1897,120,127,135
1898,121,120,107
1899,122,119,132
1900,123,130,137
1901,124,136,129
1902,125,131,132
1903,126,118,136
1904,127,132,139
1905,16,116,123
1906,17,118,128
1907,18,112,137
1908,19,129,119
1909,20,121,132
1910,21,124,127
1911,22,130,127
1912,23,134,140
1913,24,152,123
1914,25,124,126
1915,26,131,149
1916,27,125,112
1917,28,131,127
1918,29,136,132
1919,30,136,125
1920,31,120,136
1921,32,130,129
1922,33,144,117
1923,34,127,126
1924,35,136,130
1925,36,143,134
1926,37,133,120
1927,38,124,125
1928,39,116,129
1929,40,131,125
1930,41,144,134
1931,42,137,132
1932,43,136,130
1933,44,129,125
1934,45,133,128
1935,46,118,127
1936,47,120,131
1937,48,122,121
1938,49,126,139
1939,50,122,129
1940,51,129,129
1941,52,134,132
1942,53,127,133
1943,54,118,118
1944,55,126,128
1945,56,139,135
1946,57,122,123
1947,58,126,142
1948,59,110,132
1949,60,123,109
1950,61,120,128
1951,62,118,128
1952,63,125,125
1953,64,108,107
1954,65,148,136
1955,66,129,131
1956,67,137,127
1957,68,127,117
1958,69,134,134
1959,70,135,144
1960,71,115,137
1961,72,132,128
1962,73,127,124
1963,74,133,126
1964,75,127,128
1965,76,127,132
1966,77,137,136
1967,78,130,116
1968,79,127,141
1969,80,129,142
1970,81,120,122
1971,82,142,121
1972,83,119,135
1973,84,136,119
1974,85,135,126
1975,86,131,134
1976,87,135,130
1977,88,125,121
1978,89,128,130
1979,90,125,129
1980,91,136,125
1981,92,122,114
1982,93,126,133
1983,94,135,119
1984,95,136,125
1985,96,127,126
1986,97,133,130
1987,98,134,126
1988,99,141,115
1989,100,122,124
1990,101,137,122
1991,102,123,111
1992,103,129,122
1993,104,140,136
1994,105,134,119
1995,106,133,136
1996,107,124,121
1997,108,126,135
1998,109,114,131
1999,110,115,117
2000,111,138,123
2001,112,150,120
2002,113,137,111
2003,114,134,122
2004,115,124,132
2005,116,125,124
2006,117,141,111
2007,118,120,135
2008,119,134,130
2009,120,116,129
2010,121,135,128
2011,122,128,106
2012,123,114,149
2013,124,136,121
2014,125,118,117
2015,126,144,139
2016,127,116,134
2017,16,117,109
2018,17,142,129
2019,18,124,135
2020,19,123,135
2021,20,115,127
2022,21,126,131
2023,22,120,126
2024,23,133,122
2025,24,124,126
2026,25,139,122
2027,26,123,123
2028,27,143,120
2029,28,129,120
2030,29,144,136
2031,30,110,132
2032,31,132,130
2033,32,124,130
2034,33,127,121
2035,34,131,134
2036,35,134,124
2037,36,120,131
2038,37,119,133
2039,38,114,127
2040,39,127,133
2041,40,149,132
2042,41,119,134
2043,42,141,119
2044,43,133,130
2045,44,140,128
2046,45,112,138
2047,46,131,131
2048,47,137,142
2049,48,118,123
2050,49,120,115
2051,50,122,136
2052,51,122,125
2053,52,126,131
2054,53,155,120
2055,54,116,114
2056,55,141,121
2057,56,138,132
2058,57,134,122
2059,58,125,136
2060,59,131,130
2061,60,117,131
2062,61,126,134
2063,62,124,132
2064,63,138,135
2065,64,129,126
2066,65,121,129
2067,66,128,129
2068,67,113,124
2069,68,118,122
2070,69,139,117
2071,70,120,130
2072,71,129,128
2073,72,119,122
2074,73,139,122
2075,74,118,121
2076,75,128,144
2077,76,131,116
2078,77,139,123
2079,78,114,134
2080,79,126,136
2081,80,114,116
2082,81,122,124
2083,82,138,131
2084,83,118,119
2085,84,121,134
2086,85,127,131
2087,86,125,128
2088,87,121,130
2089,88,135,127
2090,89,106,120
2091,90,118,118
2092,91,133,141
2093,92,130,131
2094,93,126,137
2095,94,126,140
2096,95,137,129
2097,96,132,120
2098,97,123,134
2099,98,130,117
2100,99,124,131
2101,100,126,127
2102,101,114,128
2103,102,120,131
2104,103,124,133
2105,104,127,127
2106,105,140,131
2107,106,130,124
2108,107,131,116
2109,108,92,119
2110,109,123,117
2111,110,121,134
2112,111,140,142
2113,112,113,128
2114,113,132,130
2115,114,139,126
2116,115,122,127
2117,116,135,119
2118,117,131,133
2119,118,151,140
2120,119,127,120
2121,120,131,137
2122,121,126,138
2123,122,137,134
2124,123,126,123
2125,124,138,129
2126,125,131,149
2127,126,129,122
2128,127,126,124
2129,16,134,139
2130,17,139,114
2131,18,118,135
2132,19,135,123
2133,20,120,114
2134,21,127,125
2135,22,131,132
2136,23,121,136
2137,24,125,128
2138,25,122,123
2139,26,128,119
2140,27,114,134
2141,28,128,138
2142,29,129,122
2143,30,145,130
2144,31,128,130
2145,32,126,120
2146,33,133,120
2147,34,135,142
2148,35,119,134
2149,36,131,135
2150,37,118,129
2151,38,119,124
2152,39,130,128
2153,40,116,136
2154,41,142,121
2155,42,137,112
2156,43,142,136
2157,44,129,129
2158,45,134,125
2159,46,132,135
2160,47,124,129
2161,48,136,130
2162,49,131,116
2163,50,125,128
2164,51,117,120
2165,52,138,148
2166,53,125,126
2167,54,129,143
2168,55,133,134
2169,56,127,137
2170,57,134,120
2171,58,139,135
2172,59,130,117
2173,60,127,145
2174,61,129,132
2175,62,126,131
2176,63,129,135
2177,64,131,135
2178,65,129,115
2179,66,143,122
2180,67,131,118
2181,68,128,134
2182,69,117,130
2183,70,127,128
2184,71,125,112
2185,72,137,134
2186,73,115,131
2187,74,116,145
2188,75,124,137
2189,76,128,136
2190,77,130,117
2191,78,134,134
2192,79,124,142
2193,80,131,136
2194,81,111,121
2195,82,113,122
2196,83,136,122
2197,84,124,120
2198,85,136,123
2199,86,127,124
2200,87,132,130
2201,88,136,134
2202,89,133,141
2203,90,124,111
2204,91,122,141
2205,92,129,133
2206,93,140,127
2207,94,135,147
2208,95,130,129
2209,96,116,123
2210,97,117,132
2211,98,126,135
2212,99,127,116
2213,100,121,139
2214,101,128,123
2215,102,132,113
2216,103,147,109
2217,104,137,120
2218,105,125,127
2219,106,132,111
2220,107,126,138
2221,108,129,128
2222,109,128,138
2223,110,141,141
2224,111,122,123
2225,112,127,120
2226,113,132,121
2227,114,116,137
2228,115,129,132
2229,116,121,117
2230,117,134,133
2231,118,136,128
2232,119,123,122
2233,120,139,120
2234,121,119,125
2235,122,142,119
2236,123,147,135
2237,124,123,135
2238,125,136,133
2239,126,127,126
2240,127,118,128
2241,16,126,115
2242,17,123,131
2243,18,129,140
2244,19,117,133
2245,20,136,131
2246,21,131,137
2247,22,139,132
2248,23,133,131
2249,24,132,134
2250,25,128,116
2251,26,133,127
2252,27,136,141
2253,28,118,124
2254,29,132,138
2255,30,123,124
2256,31,119,130
2257,32,132,142
2258,33,132,135
2259,34,129,117
2260,35,129,131
2261,36,129,120
2262,37,121,120
2263,38,132,144
2264,39,124,134
2265,40,144,129
2266,41,113,130
2267,42,124,128
2268,43,118,129
2269,44,123,138
2270,45,122,124
2271,46,132,122
2272,47,131,131
2273,48,124,134
2274,49,122,135
2275,50,116,122
2276,51,121,132
2277,52,137,114
2278,53,139,116
2279,54,129,115
2280,55,112,126
2281,56,125,127
2282,57,138,122
2283,58,124,132
2284,59,129,121
2285,60,134,122
2286,61,122,122
2287,62,127,122
2288,63,123,137
2289,64,116,132
2290,65,127,125
2291,66,126,127
2292,67,137,136
2293,68,137,125
2294,69,132,124
2295,70,119,122
2296,71,123,133
2297,72,128,132
2298,73,129,136
2299,74,118,124
2300,75,131,130
2301,76,134,126
2302,77,126,125
2303,78,119,140
2304,79,121,134
2305,80,134,124
2306,81,142,128
2307,82,114,129
2308,83,128,110
2309,84,116,131
2310,85,123,116
2311,86,120,131
2312,87,143,142
2313,88,118,137
2314,89,136,133
2315,90,138,125
2316,91,124,129
2317,92,121,123
2318,93,132,124
2319,94,137,110
2320,95,113,139
2321,96,120,120
2322,97,128,126
2323,98,145,140
2324,99,133,135
2325,100,118,129
2326,101,127,126
2327,102,128,134
2328,103,132,129
2329,104,128,120
2330,105,142,124
2331,106,141,108
2332,107,130,134
2333,108,127,133
2334,109,127,137
2335,110,143,129
2336,111,119,143
2337,112,111,119
2338,113,109,116
2339,114,116,132
2340,115,132,146
2341,116,125,125
2342,117,130,139
2343,118,121,134
2344,119,133,130
2345,120,112,130
2346,121,125,139
2347,122,111,119
2348,123,131,122
2349,124,138,129
2350,125,120,136
2351,126,117,131
2352,127,119,128
2353,16,128,133
2354,17,121,125
2355,18,130,116
2356,19,120,122
2357,20,135,126
2358,21,125,118
2359,22,123,133
2360,23,126,125
2361,24,119,111
2362,25,118,137
2363,26,113,121
2364,27,127,124
2365,28,110,132
2366,29,125,129
2367,30,117,130
2368,31,142,123
2369,32,141,123
2370,33,115,138
2371,34,127,118
2372,35,124,139
2373,36,119,105
2374,37,125,128
2375,38,119,122
2376,39,129,140
2377,40,132,114
2378,41,130,128
2379,42,113,123
2380,43,125,126
2381,44,129,119
2382,45,129,127
2383,46,134,128
2384,47,129,126
2385,48,125,124
2386,49,135,135
2387,50,131,114
2388,51,120,121
2389,52,123,120
2390,53,134,127
2391,54,137,119
2392,55,126,130
2393,56,122,136
2394,57,132,125
2395,58,131,124
2396,59,136,132
2397,60,135,106
2398,61,127,138
2399,62,138,133
2400,63,121,128
2401,64,118,133
2402,65,125,124
2403,66,126,125
2404,67,139,129
2405,68,124,141
2406,69,138,129
2407,70,123,137
2408,71,124,133
2409,72,111,129
2410,73,125,132
2411,74,121,139
2412,75,140,116
2413,76,122,133
2414,77,119,109
2415,78,128,129
2416,79,124,132
2417,80,122,140
2418,81,130,116
2419,82,122,128
2420,83,131,132
2421,84,121,107
2422,85,125,118
2423,86,116,125
2424,87,130,124
2425,88,118,125
2426,89,119,134
2427,90,125,156
2428,91,124,123
2429,92,133,122
2430,93,130,131
2431,94,138,146
2432,95,125,129
2433,96,134,123
2434,97,139,122
2435,98,124,128
2436,99,123,125
2437,100,121,128
2438,101,122,134
2439,102,130,120
2440,103,139,125
2441,104,124,115
2442,105,133,108
2443,106,120,124
2444,107,114,126
2445,108,131,119
2446,109,120,133
2447,110,129,138
2448,111,123,120
2449,112,127,137
2450,113,125,133
2451,114,122,122
2452,115,129,133
2453,116,142,117
2454,117,123,134
2455,118,138,131
2456,119,127,113
2457,120,127,129
2458,121,131,140
2459,122,119,143
2460,123,118,125
2461,124,117,111
2462,125,125,129
2463,126,139,135
2464,127,146,114
2465,16,147,117
2466,17,130,128
2467,18,140,134
2468,19,129,118
2469,20,133,109
2470,21,120,117
2471,22,128,139
2472,23,121,119
2473,24,129,120
2474,25,131,136
2475,26,122,131
2476,27,118,115
2477,28,110,117
2478,29,134,123
2479,30,120,128
2480,31,134,139
2481,32,129,122
2482,33,124,132
2483,34,125,113
2484,35,129,120
2485,36,124,136
2486,37,127,114
2487,38,137,129
2488,39,128,132
2489,40,118,144
2490,41,128,129
2491,42,137,130
2492,43,130,128
2493,44,152,115
2494,45,127,117
2495,46,125,123
2496,47,138,122
2497,48,129,129
2498,49,118,117
2499,50,124,136
2500,51,137,117
2501,52,129,115
2502,53,139,125
2503,54,135,132
2504,55,139,138
2505,56,129,132
2506,57,136,129
2507,58,124,114
2508,59,115,131
2509,60,125,128
2510,61,134,140
2511,62,116,121
2512,63,133,127
2513,64,126,124
2514,65,127,115
2515,66,134,128
2516,67,132,119
2517,68,136,125
2518,69,137,139
2519,70,138,130
2520,71,140,109
2521,72,127,132
2522,73,117,124
2523,74,132,146
2524,75,136,109
2525,76,116,127
2526,77,117,127
2527,78,132,144
2528,79,121,133
2529,80,120,126
2530,81,127,120
2531,82,134,123
2532,83,125,126
2533,84,129,138
2534,85,126,137
2535,86,136,130
2536,87,129,134
2537,88,130,129
2538,89,126,135
2539,90,122,140
2540,91,127,127
2541,92,123,134
2542,93,132,118
2543,94,122,115
2544,95,125,136
2545,96,140,133
2546,97,132,128
2547,98,120,115
2548,99,128,120
2549,100,126,125
2550,101,134,134
2551,102,118,136
2552,103,134,126
2553,104,136,133
2554,105,129,129
2555,106,121,123
2556,107,128,125
2557,108,140,119
2558,109,127,122
2559,110,137,138
2560,111,131,120
2561,112,113,122
2562,113,123,137
2563,114,118,136
2564,115,121,139
2565,116,144,127
2566,117,133,114
2567,118,127,119
2568,119,123,125
2569,120,124,134
2570,121,139,143
2571,122,128,128
2572,123,118,126
2573,124,125,130
2574,125,119,122
2575,126,134,132
2576,127,128,144
2577,16,131,138
2578,17,135,131
2579,18,126,132
2580,19,126,118
2581,20,137,132
2582,21,125,118
2583,22,129,112
2584,23,118,121
2585,24,126,134
2586,25,128,125
2587,26,130,119
2588,27,121,141
2589,28,125,126
2590,29,120,129
2591,30,135,121
2592,31,118,139
2593,32,126,140
2594,33,143,140
2595,34,125,131
2596,35,125,140
2597,36,131,128
2598,37,134,124
2599,38,117,138
2600,39,123,128
2601,40,130,101
2602,41,119,117
2603,42,134,126
2604,43,140,127
2605,44,128,128
2606,45,134,119
2607,46,132,126
2608,47,129,127
2609,48,142,121
2610,49,128,119
2611,50,127,131
2612,51,134,131
2613,52,122,117
2614,53,121,125
2615,54,126,132
2616,55,133,118
2617,56,116,132
2618,57,143,134
2619,58,126,142
2620,59,121,127
2621,60,134,132
2622,61,129,138
2623,62,132,127
2624,63,130,115
2625,64,109,137
2626,65,128,131
2627,66,120,135
2628,67,142,128
2629,68,133,120
2630,69,116,128
2631,70,124,137
2632,71,123,139
2633,72,124,124
2634,73,127,126
2635,74,128,142
2636,75,136,127
2637,76,133,132
2638,77,130,138
2639,78,134,129
2640,79,128,123
2641,80,122,118
2642,81,132,134
2643,82,128,135
2644,83,127,119
2645,84,131,118
2646,85,114,122
2647,86,123,137
2648,87,135,119
2649,88,126,135
2650,89,126,130
2651,90,132,118
2652,91,130,126
2653,92,128,126
2654,93,119,138
2655,94,146,115
2656,95,125,126
2657,96,137,127
2658,97,111,141
2659,98,114,124
2660,99,147,134
2661,100,119,138
2662,101,126,133
2663,102,136,129
2664,103,125,141
2665,104,134,131
2666,105,142,135
2667,106,145,130
2668,107,142,122
2669,108,131,128
2670,109,128,127
2671,110,121,137
2672,111,136,130
2673,112,123,131
2674,113,106,121
2675,114,126,145
2676,115,130,122
2677,116,111,115
2678,117,134,131
2679,118,137,119
2680,119,136,131
2681,120,128,137
2682,121,121,114
2683,122,136,123
2684,123,121,125
2685,124,131,136
2686,125,129,118
2687,126,134,132
2688,127,123,134
2689,16,121,130
2690,17,147,133
2691,18,136,128
2692,19,130,126
2693,20,135,128
2694,21,133,128
2695,22,122,130
2696,23,126,133
2697,24,124,126
2698,25,126,137
2699,26,117,135
2700,27,127,134
2701,28,115,144
2702,29,119,119
2703,30,121,130
2704,31,136,128
2705,32,129,113
2706,33,120,118
2707,34,133,129
2708,35,126,140
2709,36,132,144
2710,37,121,128
2711,38,128,136
2712,39,132,142
2713,40,132,137
2714,41,128,124
2715,42,120,133
2716,43,135,126
2717,44,130,121
2718,45,122,133
2719,46,130,135
2720,47,123,115
2721,48,124,129
2722,49,118,129
2723,50,128,142
2724,51,125,131
2725,52,116,130
2726,53,115,139
2727,54,138,128
2728,55,137,129
2729,56,132,126
2730,57,121,123
2731,58,126,142
2732,59,138,135
2733,60,129,130
2734,61,121,128
2735,62,136,117
2736,63,130,130
2737,64,130,119
2738,65,130,134
2739,66,132,132
2740,67,126,121
2741,68,141,134
2742,69,117,129
2743,70,143,131
2744,71,127,132
2745,72,136,112
2746,73,135,123
2747,74,126,135
2748,75,127,129
2749,76,132,129
2750,77,134,124
2751,78,108,132
2752,79,131,124
2753,80,120,129
2754,81,124,118
2755,82,138,128
2756,83,117,136
2757,84,123,138
2758,85,140,140
2759,86,128,130
2760,87,105,129
2761,88,123,130
2762,89,125,130
2763,90,122,137
2764,91,150,143
2765,92,122,138
2766,93,133,131
2767,94,135,110
2768,95,134,134
2769,96,140,139
2770,97,115,142
2771,98,135,137
2772,99,121,137
2773,100,128,115
2774,101,131,118
2775,102,135,131
2776,103,134,122
2777,104,134,128
2778,105,111,126
2779,106,122,124
2780,107,123,125
2781,108,133,140
2782,109,121,133
2783,110,130,128
2784,111,122,131
2785,112,133,121
2786,113,115,128
2787,114,112,120
2788,115,119,125
2789,116,138,135
2790,117,124,127
2791,118,133,136
2792,119,128,121
2793,120,125,133
2794,121,127,120
2795,122,137,125
2796,123,126,129
2797,124,141,139
2798,125,130,121
2799,126,136,118
2800,127,123,134
2801,16,124,134
2802,17,130,127
2803,18,120,136
2804,19,124,121
2805,20,123,126
2806,21,133,122
2807,22,131,143
2808,23,137,135
2809,24,125,138
2810,25,142,135
2811,26,132,117
2812,27,125,124
2813,28,142,121
2814,29,134,130
2815,30,133,128
2816,31,105,108
2817,32,128,123
2818,33,129,126
2819,34,122,130
2820,35,121,127
2821,36,125,131
2822,37,129,135
2823,38,120,129
2824,39,137,123
2825,40,139,150
2826,41,125,127
2827,42,138,126
2828,43,129,115
2829,44,134,146
2830,45,123,137
2831,46,132,115
2832,47,132,130
2833,48,132,132
2834,49,131,123
2835,50,139,121
2836,51,129,138
2837,52,123,132
2838,53,139,142
2839,54,139,129
2840,55,124,133
2841,56,127,126
2842,57,123,132
2843,58,121,137
2844,59,114,134
2845,60,135,130
2846,61,138,119
2847,62,145,140
2848,63,116,132
2849,64,137,121
2850,65,124,125
2851,66,115,124
2852,67,130,118
2853,68,134,129
2854,69,134,145
2855,70,131,126
2856,71,123,126
2857,72,112,122
2858,73,136,134
2859,74,133,132
2860,75,138,133
2861,76,136,130
2862,77,116,137
2863,78,127,126
2864,79,135,136
2865,80,145,132
2866,81,120,128
2867,82,132,131
2868,83,115,105
2869,84,130,137
2870,85,125,142
2871,86,131,117
2872,87,131,116
2873,88,121,137
2874,89,119,129
2875,90,130,116
2876,91,139,116
2877,92,131,142
2878,93,117,124
2879,94,126,139
2880,95,128,120
2881,96,144,126
2882,97,124,133
2883,98,131,131
2884,99,132,125
2885,100,112,136
2886,101,127,134
2887,102,126,115
2888,103,133,129
2889,104,131,138
2890,105,144,141
2891,106,132,128
2892,107,126,135
2893,108,118,120
2894,109,121,121
2895,110,130,119
2896,111,121,115
2897,112,142,126
2898,113,119,121
2899,114,114,130
2900,115,126,132
2901,116,133,124
2902,117,122,139
2903,118,132,126
2904,119,124,121
2905,120,121,126
2906,121,138,128
2907,122,129,127
2908,123,136,130
2909,124,122,138
2910,125,137,132
2911,126,123,145
2912,127,124,115
2913,16,133,141
2914,17,140,116
2915,18,121,136
2916,19,127,127
2917,20,125,115
2918,21,133,130
2919,22,126,110
2920,23,139,137
2921,24,125,143
2922,25,114,139
2923,26,137,127
2924,27,114,122
2925,28,126,109
2926,29,139,136
2927,30,121,136
2928,31,137,150
2929,32,140,125
2930,33,124,134
2931,34,126,127
2932,35,122,122
2933,36,125,122
2934,37,144,133
2935,38,123,142
2936,39,123,140
2937,40,115,129
2938,41,136,138
2939,42,121,119
2940,43,124,127
2941,44,120,129
2942,45,118,128
2943,46,135,125
2944,47,128,140
2945,48,128,132
2946,49,137,128
2947,50,129,127
2948,51,128,129
2949,52,137,131
2950,53,133,129
2951,54,139,123
2952,55,119,136
2953,56,141,129
2954,57,123,125
2955,58,120,132
2956,59,122,129
2957,60,126,129
2958,61,133,136
2959,62,125,119
2960,63,127,125
2961,64,127,114
2962,65,120,124
2963,66,128,138
2964,67,127,119
2965,68,132,130
2966,69,126,140
2967,70,121,129
2968,71,125,128
2969,72,137,139
2970,73,131,145
2971,74,127,129
2972,75,130,132
2973,76,125,128
2974,77,137,120
2975,78,135,136
2976,79,127,136
2977,80,123,140
2978,81,126,130
2979,82,131,141
2980,83,131,145
2981,84,121,117
2982,85,134,104
2983,86,127,126
2984,87,122,130
2985,88,127,136
2986,89,134,125
2987,90,137,143
2988,91,127,147
2989,92,120,127
2990,93,142,118
2991,94,134,115
2992,95,125,120
2993,96,122,136
2994,97,137,127
2995,98,111,127
2996,99,126,124
2997,100,127,125
2998,101,127,138
2999,102,113,149
3000,103,137,134
3001,104,122,126
3002,105,110,120
3003,106,134,128
3004,107,134,112
3005,108,140,142
3006,109,119,120
3007,110,118,138
3008,111,136,133
3009,112,138,125
3010,113,116,127
3011,114,138,138
3012,115,118,127
3013,116,124,130
3014,117,117,147
3015,118,118,125
3016,119,138,131
3017,120,117,130
3018,121,126,135
3019,122,132,112
3020,123,126,105
3021,124,126,139
3022,125,132,131
3023,126,140,120
3024,127,125,133
3025,16,131,130
3026,17,132,148
3027,18,129,133
3028,19,135,130
3029,20,121,117
3030,21,132,136
3031,22,129,131
3032,23,129,129
3033,24,137,110
3034,25,126,115
3035,26,129,118
3036,27,113,137
3037,28,138,124
3038,29,124,136
3039,30,127,130
3040,31,124,131
3041,32,134,134
3042,33,128,142
3043,34,118,148
3044,35,134,132
3045,36,123,137
3046,37,125,129
3047,38,130,117
3048,39,123,112
3049,40,127,127
3050,41,113,134
3051,42,120,119
3052,43,119,129
3053,44,137,135
3054,45,136,126
3055,46,140,132
3056,47,145,128
3057,48,138,137
3058,49,123,128
3059,50,141,132
3060,51,130,141
3061,52,130,119
3062,53,114,114
3063,54,131,125
3064,55,130,134
3065,56,124,136
3066,57,131,131
3067,58,121,134
3068,59,127,126
3069,60,138,130
3070,61,121,128
3071,62,132,132
3072,63,124,130
3073,64,138,123
3074,65,134,138
3075,66,118,114
3076,67,128,140
3077,68,118,131
3078,69,136,121
3079,70,131,131
3080,71,134,120
3081,72,125,129
3082,73,119,127
3083,74,127,126
3084,75,140,141
3085,76,146,123
3086,77,131,135
3087,78,118,109
3088,79,117,133
3089,80,116,123
3090,81,145,118
3091,82,136,122
3092,83,122,149
3093,84,122,146
3094,85,134,137
3095,86,131,142
3096,87,135,123
3097,88,129,122
3098,89,138,112
3099,90,134,131
3100,91,107,130
3101,92,123,127
3102,93,130,134
3103,94,123,119
3104,95,146,134
3105,96,131,120
3106,97,112,129
3107,98,103,125
3108,99,128,122
3109,100,131,127
3110,101,124,119
3111,102,142,136
3112,103,116,133
3113,104,142,121
3114,105,137,130
3115,106,142,136
3116,107,134,131
3117,108,136,117
3118,109,127,131
3119,110,124,133
3120,111,124,126
3121,112,122,128
3122,113,120,121
3123,114,128,126
3124,115,115,136
3125,116,130,122
3126,117,132,135
3127,118,125,129
3128,119,130,128
3129,120,129,124
3130,121,123,137
3131,122,131,127
3132,123,138,115
3133,124,135,134
3134,125,129,120
3135,126,130,126
3136,127,136,120
3137,16,120,119
3138,17,116,127
3139,18,119,125
3140,19,118,123
3141,20,132,143
3142,21,138,127
3143,22,124,127
3144,23,122,122
3145,24,111,129
3146,25,119,124
3147,26,138,127
3148,27,132,123
3149,28,134,125
3150,29,132,115
3151,30,128,109
3152,31,136,116
3153,32,125,128
3154,33,138,119
3155,34,130,124
3156,35,128,121
3157,36,122,128
3158,37,126,126
3159,38,142,127
3160,39,123,117
3161,40,133,129
3162,41,126,129
3163,42,127,131
3164,43,132,125
3165,44,150,130
3166,45,122,122
3167,46,118,137
3168,47,138,139
3169,48,142,135
3170,49,142,129
3171,50,131,132
3172,51,120,130
3173,52,133,137
3174,53,132,121
3175,54,144,126
3176,55,120,121
3177,56,122,138
3178,57,131,121
3179,58,129,124
3180,59,133,121
3181,60,125,120
3182,61,136,113
3183,62,106,136
3184,63,126,141
3185,64,120,138
3186,65,135,136
3187,66,120,145
3188,67,120,137
3189,68,125,131
3190,69,127,132
3191,70,124,126
3192,71,134,128
3193,72,130,129
3194,73,133,129
3195,74,125,127
3196,75,130,131
3197,76,127,136
3198,77,113,127
3199,78,132,132
3200,79,119,127
3201,80,130,123
3202,81,107,134
3203,82,118,124
3204,83,121,131
3205,84,112,120
3206,85,132,133
3207,86,136,127
3208,87,137,142
3209,88,128,126
3210,89,124,125
3211,90,117,116
3212,91,127,119
3213,92,133,131
3214,93,112,126
3215,94,130,137
3216,95,144,138
3217,96,133,124
3218,97,140,133
3219,98,131,140
3220,99,133,142
3221,100,138,131
3222,101,123,112
3223,102,129,125
3224,103,131,139
3225,104,124,126
3226,105,110,126
3227,106,131,122
3228,107,133,125
3229,108,128,132
3230,109,118,131
3231,110,131,132
3232,111,130,143
3233,112,125,123
3234,113,134,128
3235,114,133,128
3236,115,119,125
3237,116,139,135
3238,117,124,116
3239,118,130,125
3240,119,120,129
3241,120,129,120
3242,121,128,126
3243,122,131,133
3244,123,134,115
3245,124,133,131
3246,125,127,134
3247,126,124,123
3248,127,129,125
3249,16,132,114
3250,17,130,123
3251,18,121,143
3252,19,135,130
3253,20,135,123
3254,21,117,131
3255,22,119,132
3256,23,137,141
3257,24,128,127
3258,25,144,133
3259,26,134,124
3260,27,138,130
3261,28,153,145
3262,29,129,133
3263,30,119,135
3264,31,120,135
3265,32,127,134
3266,33,130,132
3267,34,128,131
3268,35,116,126
3269,36,138,137
3270,37,127,124
3271,38,137,126
3272,39,127,119
3273,40,127,122
3274,41,127,123
3275,42,124,125
3276,43,127,130
3277,44,123,134
3278,45,129,138
3279,46,142,122
3280,47,123,125
3281,48,126,124
3282,49,118,116
3283,50,130,133
3284,51,132,116
3285,52,141,126
3286,53,127,121
3287,54,128,117
3288,55,137,127
3289,56,139,134
3290,57,134,122
3291,58,130,121
3292,59,134,123
3293,60,139,130
3294,61,130,131
3295,62,121,117
3296,63,123,135
3297,64,140,115
3298,65,115,126
3299,66,130,131
3300,67,127,143
3301,68,132,133
3302,69,112,124
3303,70,145,123
3304,71,138,118
3305,72,125,115
3306,73,139,137
3307,74,133,131
3308,75,138,119
3309,76,129,133
3310,77,137,126
3311,78,139,133
3312,79,135,117
3313,80,124,126
3314,81,136,128
3315,82,117,119
3316,83,113,122
3317,84,137,133
3318,85,132,126
3319,86,127,121
3320,87,135,126
3321,88,136,132
3322,89,119,150
3323,90,134,126
3324,91,129,143
3325,92,135,140
3326,93,129,133
3327,94,125,127
3328,95,128,139
3329,96,130,133
3330,97,139,125
3331,98,123,123
3332,99,132,117
3333,100,121,131
3334,101,136,126
3335,102,119,134
3336,103,129,126
3337,104,116,117
3338,105,128,126
3339,106,137,119
3340,107,130,135
3341,108,111,137
3342,109,118,119
3343,110,126,115
3344,111,133,137
3345,112,126,123
3346,113,133,134
3347,114,134,126
3348,115,135,134
3349,116,115,137
3350,117,136,136
3351,118,135,120
3352,119,135,125
3353,120,146,137
3354,121,132,138
3355,122,120,131
3356,123,123,135
3357,124,127,125
3358,125,120,126
3359,126,123,139
3360,127,129,151
3361,16,127,114
3362,17,108,118
3363,18,132,130
3364,19,120,119
3365,20,124,126
3366,21,126,124
3367,22,123,132
3368,23,122,126
3369,24,119,132
3370,25,138,143
3371,26,139,125
3372,27,131,108
3373,28,116,126
3374,29,129,121
3375,30,136,136
3376,31,127,134
3377,32,125,131
3378,33,137,123
3379,34,135,119
3380,35,119,132
3381,36,123,127
3382,37,118,126
3383,38,134,119
3384,39,119,139
3385,40,119,137
3386,41,126,121
3387,42,139,135
3388,43,120,143
3389,44,126,134
3390,45,126,147
3391,46,141,131
3392,47,143,122
3393,48,116,127
3394,49,116,134
3395,50,124,119
3396,51,137,138
3397,52,122,130
3398,53,123,137
3399,54,120,111
3400,55,129,116
3401,56,118,141
3402,57,122,120
3403,58,140,124
3404,59,123,137
3405,60,129,141
3406,61,128,126
3407,62,125,132
3408,63,115,131
3409,64,125,130
3410,65,130,123
3411,66,125,124
3412,67,121,132
3413,68,128,132
3414,69,121,130
3415,70,110,120
3416,71,132,135
3417,72,131,117
3418,73,120,133
3419,74,132,125
3420,75,143,125
3421,76,128,134
3422,77,131,121
3423,78,139,130
3424,79,131,138
3425,80,127,116
3426,81,140,132
3427,82,128,119
3428,83,125,131
3429,84,131,123
3430,85,115,139
3431,86,140,125
3432,87,122,130
3433,88,131,119
3434,89,122,131
3435,90,146,128
3436,91,127,130
3437,92,114,119
3438,93,118,138
3439,94,125,133
3440,95,119,124
3441,96,123,110
3442,97,128,120
3443,98,122,125
3444,99,124,136
3445,100,126,133
3446,101,128,117
3447,102,119,129
3448,103,130,130
3449,104,142,132
3450,105,124,124
3451,106,129,123
3452,107,120,106
3453,108,142,123
3454,109,132,123
3455,110,124,133
3456,111,120,135
3457,112,126,120
3458,113,120,129
3459,114,120,126
3460,115,121,137
3461,116,120,127
3462,117,120,117
3463,118,133,123
3464,119,130,128
3465,120,121,129
3466,121,116,131
3467,122,131,129
3468,123,123,128
3469,124,129,144
3470,125,111,143
3471,126,124,127
3472,127,135,149
3473,16,137,132
3474,17,121,123
3475,18,130,125
3476,19,120,129
3477,20,142,127
3478,21,108,127
3479,22,129,123
3480,23,120,119
3481,24,118,125
3482,25,121,126
3483,26,132,140
3484,27,119,128
3485,28,126,136
3486,29,132,127
3487,30,134,114
3488,31,133,127
3489,32,138,127
3490,33,122,146
3491,34,127,128
3492,35,126,128
3493,36,132,120
3494,37,137,117
3495,38,131,119
3496,39,120,132
3497,40,130,126
3498,41,130,132
3499,42,136,128
3500,43,132,123
3501,44,112,146
3502,45,117,130
3503,46,123,127
3504,47,115,123
3505,48,134,151
3506,49,122,135
3507,50,123,132
3508,51,137,134
3509,52,119,111
3510,53,111,130
3511,54,128,131
3512,55,126,122
3513,56,138,110
3514,57,122,133
3515,58,132,136
3516,59,116,130
3517,60,130,136
3518,61,134,126
3519,62,141,140
3520,63,118,126
3521,64,136,139
3522,65,108,117
3523,66,141,138
3524,67,137,124
3525,68,114,130
3526,69,121,123
3527,70,120,144
3528,71,135,132
3529,72,134,110
3530,73,126,112
3531,74,134,138
3532,75,127,127
3533,76,132,124
3534,77,135,110
3535,78,136,137
3536,79,125,121
3537,80,122,128
3538,81,129,139
3539,82,127,120
3540,83,140,130
3541,84,144,136
3542,85,133,143
3543,86,118,131
3544,87,129,124
3545,88,119,134
3546,89,145,131
3547,90,130,134
3548,91,116,128
3549,92,133,125
3550,93,141,111
3551,94,133,124
3552,95,132,132
3553,96,124,132
3554,97,132,137
3555,98,125,135
3556,99,125,124
3557,100,140,145
3558,101,119,126
3559,102,115,123
3560,103,142,133
3561,104,126,137
3562,105,136,132
3563,106,129,124
3564,107,106,120
3565,108,140,124
3566,109,114,128
3567,110,126,122
3568,111,134,132
3569,112,109,105
3570,113,124,140
3571,114,125,119
3572,115,127,135
3573,116,130,136
3574,117,116,122
3575,118,125,119
3576,119,123,139
3577,120,135,128
3578,121,129,135
3579,122,135,131
3580,123,128,127
3581,124,117,136
3582,125,122,123
3583,126,118,128
3584,127,132,135
3585,16,138,127
3586,17,133,120
3587,18,115,125
3588,19,131,118
3589,20,132,120
3590,21,141,128
3591,22,129,137
3592,23,139,125
3593,24,123,130
3594,25,143,126
3595,26,128,125
3596,27,124,106
3597,28,118,125
3598,29,130,127
3599,30,113,136
3600,31,140,125
3601,32,137,125
3602,33,115,132
3603,34,126,130
3604,35,115,137
3605,36,137,139
3606,37,133,132
3607,38,134,140
3608,39,117,135
3609,40,140,127
3610,41,138,128
3611,42,120,124
3612,43,136,110
3613,44,138,131
3614,45,129,128
3615,46,124,126
3616,47,122,130
3617,48,126,126
3618,49,126,125
3619,50,129,122
3620,51,123,132
3621,52,131,128
3622,53,126,130
3623,54,142,133
3624,55,121,127
3625,56,132,129
3626,57,125,133
3627,58,141,120
3628,59,131,130
3629,60,121,112
3630,61,140,140
3631,62,123,129
3632,63,118,130
3633,64,125,126
3634,65,130,132
3635,66,127,127
3636,67,136,132
3637,68,115,123
3638,69,117,134
3639,70,128,131
3640,71,124,130
3641,72,126,115
3642,73,124,130
3643,74,117,130
3644,75,134,131
3645,76,119,121
3646,77,130,121
3647,78,122,136
3648,79,117,128
3649,80,127,139
3650,81,139,128
3651,82,152,124
3652,83,134,125
3653,84,150,141
3654,85,128,124
3655,86,125,140
3656,87,131,134
3657,88,118,130
3658,89,132,125
3659,90,123,137
3660,91,133,129
3661,92,116,124
3662,93,127,122
3663,94,122,145
3664,95,113,123
3665,96,131,115
3666,97,143,145
3667,98,141,125
3668,99,124,136
3669,100,135,130
3670,101,131,141
3671,102,129,142
3672,103,121,133
3673,104,116,128
3674,105,132,125
3675,106,117,136
3676,107,140,125
3677,108,125,124
3678,109,127,135
3679,110,138,127
3680,111,137,128
3681,112,124,129
3682,113,119,137
3683,114,131,125
3684,115,132,125
3685,116,123,126
3686,117,108,135
3687,118,114,123
3688,119,136,149
3689,120,126,134
3690,121,127,131
3691,122,125,137
3692,123,123,126
3693,124,128,119
3694,125,122,128
3695,126,122,116
3696,127,119,125
3697,16,123,125
3698,17,149,117
3699,18,134,123
3700,19,134,113
3701,20,137,121
3702,21,126,125
3703,22,123,148
3704,23,116,132
3705,24,137,129
3706,25,115,132
3707,26,138,128
3708,27,128,132
3709,28,123,131
3710,29,113,134
3711,30,118,138
3712,31,125,110
3713,32,134,119
3714,33,142,114
3715,34,124,129
3716,35,134,125
3717,36,135,109
3718,37,128,144
3719,38,133,124
3720,39,130,137
3721,40,118,135
3722,41,123,125
3723,42,122,134
3724,43,136,128
3725,44,133,133
3726,45,141,124
3727,46,137,103
3728,47,135,128
3729,48,121,120
3730,49,121,114
3731,50,124,142
3732,51,131,127
3733,52,122,124
3734,53,126,118
3735,54,126,127
3736,55,124,124
3737,56,135,137
3738,57,130,138
3739,58,134,124
3740,59,128,122
3741,60,117,127
3742,61,136,120
3743,62,130,135
3744,63,124,131
3745,64,126,131
3746,65,130,118
3747,66,124,134
3748,67,121,119
3749,68,124,111
3750,69,140,126
3751,70,117,140
3752,71,145,136
3753,72,132,126
3754,73,117,119
3755,74,115,138
3756,75,113,134
3757,76,113,128
3758,77,119,123
3759,78,115,137
3760,79,127,128
3761,80,136,128
3762,81,137,128
3763,82,121,116
3764,83,139,116
3765,84,126,142
3766,85,123,110
3767,86,114,117
3768,87,130,123
3769,88,134,126
3770,89,151,120
3771,90,129,134
3772,91,132,139
3773,92,130,129
3774,93,112,128
3775,94,123,132
3776,95,127,122
3777,96,132,130
3778,97,133,124
3779,98,127,133
3780,99,119,135
3781,100,130,127
3782,101,116,144
3783,102,115,128
3784,103,131,128
3785,104,136,132
3786,105,132,123
3787,106,120,122
3788,107,124,122
3789,108,122,133
3790,109,127,121
3791,110,139,135
3792,111,137,113
3793,112,117,132
3794,113,129,126
3795,114,129,126
3796,115,123,125
3797,116,119,124
3798,117,110,132
3799,118,121,119
3800,119,132,138
3801,120,123,118
3802,121,141,121
3803,122,121,127
3804,123,123,126
3805,124,119,122
3806,125,129,121
3807,126,120,132
3808,127,130,123
3809,16,117,122
3810,17,122,127
3811,18,125,138
3812,19,123,138
3813,20,120,124
3814,21,118,125
3815,22,132,115
3816,23,119,120
3817,24,144,133
3818,25,122,115
3819,26,132,138
3820,27,132,133
3821,28,136,126
3822,29,137,120
3823,30,129,125
3824,31,123,123
3825,32,129,126
3826,33,128,121
3827,34,127,128
3828,35,136,124
3829,36,136,133
3830,37,130,132
3831,38,115,119
3832,39,131,121
3833,40,135,136
3834,41,125,119
3835,42,147,136
3836,43,123,154
3837,44,130,121
3838,45,128,119
3839,46,129,138
3840,47,118,134
3841,48,123,120
3842,49,126,110
3843,50,112,128
3844,51,135,142
3845,52,131,121
3846,53,127,143
3847,54,133,130
3848,55,120,139
3849,56,129,130
3850,57,128,130
3851,58,132,129
3852,59,127,135
3853,60,121,140
3854,61,129,127
3855,62,135,127
3856,63,115,127
3857,64,130,129
3858,65,125,114
3859,66,127,125
3860,67,120,129
3861,68,141,126
3862,69,131,118
3863,70,128,134
3864,71,134,134
3865,72,137,122
3866,73,120,133
3867,74,133,125
3868,75,117,123
3869,76,122,129
3870,77,134,140
3871,78,122,120
3872,79,122,133
3873,80,137,140
3874,81,127,119
3875,82,112,141
3876,83,118,122
3877,84,115,122
3878,85,127,121
3879,86,130,137
3880,87,136,125
3881,88,135,126
3882,89,137,124
3883,90,120,132
3884,91,142,116
3885,92,132,133
3886,93,130,113
3887,94,130,125
3888,95,121,128
3889,96,134,126
3890,97,125,122
3891,98,128,139
3892,99,130,126
3893,100,122,136
3894,101,133,139
3895,102,139,133
3896,103,128,115
3897,104,125,122
3898,105,127,122
3899,106,118,132
3900,107,135,111
3901,108,136,130
3902,109,124,144
3903,110,114,117
3904,111,122,132
3905,112,121,148
3906,113,116,131
3907,114,136,121
3908,115,139,136
3909,116,123,141
3910,117,126,142
3911,118,137,126
3912,119,135,129
3913,120,117,155
3914,121,122,123
3915,122,139,129
3916,123,127,132
3917,124,136,137
3918,125,124,132
3919,126,132,127
3920,127,125,140
3921,16,127,126
3922,17,123,138
3923,18,130,124
3924,19,126,128
3925,20,121,117
3926,21,141,138
3927,22,126,130
3928,23,132,135
3929,24,125,129
3930,25,117,114
3931,26,127,128
3932,27,129,128
3933,28,119,125
3934,29,127,123
3935,30,123,129
3936,31,130,138
3937,32,133,125
3938,33,132,123
3939,34,134,134
3940,35,134,128
3941,36,137,140
3942,37,129,128
3943,38,114,110
3944,39,130,128
3945,40,121,130
3946,41,126,120
3947,42,141,131
3948,43,141,117
3949,44,123,126
3950,45,127,134
3951,46,120,130
3952,47,129,116
3953,48,130,122
3954,49,121,112
3955,50,120,132
3956,51,118,130
3957,52,129,116
3958,53,117,146
3959,54,121,118
3960,55,121,142
3961,56,127,123
3962,57,108,123
3963,58,119,126
3964,59,131,117
3965,60,146,132
3966,61,122,133
3967,62,139,130
3968,63,118,126
3969,64,125,144
3970,65,140,141
3971,66,140,139
3972,67,120,124
3973,68,122,125
3974,69,129,120
3975,70,130,122
3976,71,131,134
3977,72,122,131
3978,73,116,119
3979,74,125,121
3980,75,118,139
3981,76,137,121
3982,77,124,131
3983,78,120,129
3984,79,116,147
3985,80,135,127
3986,81,114,125
3987,82,143,128
3988,83,130,124
3989,84,120,145
3990,85,133,124
3991,86,115,119
3992,87,124,134
3993,88,116,138
3994,89,138,108
3995,90,127,143
3996,91,131,125
3997,92,117,128
3998,93,120,111
3999,94,126,139
4000,95,125,121
4001,96,129,132
4002,97,133,116
4003,98,141,131
4004,99,125,139
4005,100,134,133
4006,101,120,133
4007,102,124,120
4008,103,140,133
4009,104,129,112
4010,105,129,114
4011,106,137,119
4012,107,131,133
4013,108,131,130
4014,109,135,122
4015,110,133,125
4016,111,126,119
4017,112,138,125
4018,113,132,138
4019,114,139,121
4020,115,118,128
4021,116,115,131
4022,117,132,132
4023,118,125,114
4024,119,124,134
4025,120,131,125
4026,121,134,129
4027,122,136,140
4028,123,124,130
4029,124,124,141
4030,125,133,132
4031,126,134,129
4032,127,132,132
4033,16,134,130
4034,17,125,131
4035,18,133,121
4036,19,134,118
4037,20,122,136
4038,21,119,140
4039,22,133,116
4040,23,122,122
4041,24,131,117
4042,25,139,142
4043,26,134,134
4044,27,133,121
4045,28,122,129
4046,29,131,148
4047,30,115,121
4048,31,123,111
4049,32,130,132
4050,33,131,132
4051,34,127,136
4052,35,127,135
4053,36,132,129
4054,37,128,132
4055,38,131,137
4056,39,122,132
4057,40,120,122
4058,41,130,117
4059,42,128,136
4060,43,123,117
4061,44,130,122
4062,45,125,122
4063,46,133,118
4064,47,120,122
4065,48,125,129
4066,49,128,124
4067,50,137,121
4068,51,137,130
4069,52,114,137
4070,53,129,114
4071,54,135,132
4072,55,133,129
4073,56,135,125
4074,57,119,121
4075,58,134,120
4076,59,129,125
4077,60,120,123
4078,61,124,126
4079,62,117,137
4080,63,135,130
4081,64,117,112
4082,65,127,124
4083,66,125,135
4084,67,126,128
4085,68,140,130
4086,69,124,134
4087,70,129,130
4088,71,136,137
4089,72,130,126
4090,73,138,133
4091,74,120,140
4092,75,132,135
4093,76,129,117
4094,77,126,132
4095,78,130,130
4096,79,136,131
4097,80,135,138
4098,81,122,134
4099,82,127,125
4100,83,130,130
4101,84,115,119
4102,85,129,123
4103,86,134,137
4104,87,116,123
4105,88,135,131
4106,89,132,135
4107,90,126,129
4108,91,134,138
4109,92,129,136
4110,93,146,119
4111,94,121,143
4112,95,138,121
4113,96,144,128
4114,97,121,136
4115,98,117,118
4116,99,131,122
4117,100,148,133
4118,101,126,138
4119,102,125,122
4120,103,111,122
4121,104,138,134
4122,105,130,138
4123,106,126,129
4124,107,139,129
4125,108,122,126
4126,109,134,122
4127,110,131,129
4128,111,130,127
4129,112,125,118
4130,113,131,122
4131,114,137,138
4132,115,140,124
4133,116,126,131
4134,117,127,122
4135,118,125,114
4136,119,131,129
4137,120,136,133
4138,121,136,117
4139,122,136,146
4140,123,119,135
4141,124,134,133
4142,125,136,115
4143,126,119,126
4144,127,130,135
4145,16,137,132
4146,17,130,120
4147,18,129,122
4148,19,118,132
4149,20,129,121
4150,21,133,140
4151,22,112,134
4152,23,120,117
4153,24,116,139
4154,25,142,139
4155,26,125,138
4156,27,142,116
4157,28,125,141
4158,29,124,126
4159,30,127,131
4160,31,114,126
4161,32,136,126
4162,33,104,130
4163,34,114,118
4164,35,134,120
4165,36,138,138
4166,37,129,118
4167,38,116,136
4168,39,122,133
4169,40,128,119
4170,41,135,145
4171,42,132,114
4172,43,124,126
4173,44,135,151
4174,45,129,132
4175,46,126,132
4176,47,133,118
4177,48,133,130
4178,49,135,139
4179,50,141,126
4180,51,129,124
4181,52,117,130
4182,53,132,127
4183,54,120,140
4184,55,126,137
4185,56,123,130
4186,57,116,127
4187,58,141,118
4188,59,121,132
4189,60,122,142
4190,61,134,120
4191,62,133,128
4192,63,116,131
4193,64,130,143
4194,65,141,123
4195,66,129,124
4196,67,135,127
4197,68,127,132
4198,69,124,121
4199,70,126,122
4200,71,130,122
4201,72,118,134
4202,73,125,138
4203,74,132,129
4204,75,142,124
4205,76,126,138
4206,77,150,125
4207,78,128,127
4208,79,127,137
4209,80,124,116
4210,81,126,123
4211,82,117,124
4212,83,128,134
4213,84,127,135
4214,85,113,132
4215,86,139,141
4216,87,125,128
4217,88,126,139
4218,89,133,119
4219,90,139,136
4220,91,120,124
4221,92,129,137
4222,93,140,126
4223,94,122,132
4224,95,122,112
4225,96,140,131
4226,97,122,143
4227,98,114,119
4228,99,126,136
4229,100,137,134
4230,101,125,133
4231,102,143,119
4232,103,120,128
4233,104,127,124
4234,105,131,121
4235,106,122,126
4236,107,132,117
4237,108,124,143
4238,109,115,127
4239,110,113,139
4240,111,125,131
4241,112,124,105
4242,113,120,126
4243,114,124,126
4244,115,136,140
4245,116,124,123
4246,117,122,124
4247,118,142,130
4248,119,131,124
4249,120,119,140
4250,121,126,124
4251,122,126,135
4252,123,128,118
4253,124,133,128
4254,125,137,108
4255,126,138,128
4256,127,132,128
4257,16,123,124
4258,17,136,129
4259,18,135,126
4260,19,135,121
4261,20,136,125
4262,21,143,131
4263,22,127,128
4264,23,122,133
4265,24,117,121
4266,25,132,124
4267,26,142,111
4268,27,125,115
4269,28,112,123
4270,29,123,117
4271,30,131,120
4272,31,124,130
4273,32,122,124
4274,33,116,140
4275,34,116,135
4276,35,131,138
4277,36,124,119
4278,37,135,127
4279,38,137,118
4280,39,148,109
4281,40,126,130
4282,41,126,127
4283,42,127,120
4284,43,124,143
4285,44,116,132
4286,45,114,120
4287,46,122,122
4288,47,122,123
4289,48,135,136
4290,49,122,124
4291,50,128,136
4292,51,136,130
4293,52,129,125
4294,53,124,128
4295,54,119,127
4296,55,124,122
4297,56,118,123
4298,57,119,120
4299,58,135,129
4300,59,136,136
4301,60,111,132
4302,61,128,121
4303,62,131,137
4304,63,123,144
4305,64,128,139
4306,65,150,121
4307,66,120,125
4308,67,125,128
4309,68,124,120
4310,69,128,129
4311,70,129,121
4312,71,116,128
4313,72,126,128
4314,73,131,144
4315,74,127,131
4316,75,128,124
4317,76,125,124
4318,77,133,144
4319,78,137,130
4320,79,128,125
4321,80,136,122
4322,81,125,130
4323,82,137,127
4324,83,139,128
4325,84,126,150
4326,85,125,125
4327,86,121,110
4328,87,136,130
4329,88,132,122
4330,89,132,132
4331,90,123,135
4332,91,126,122
4333,92,126,115
4334,93,126,140
4335,94,120,127
4336,95,141,126
4337,96,126,130
4338,97,137,123
4339,98,134,114
4340,99,123,119
4341,100,126,113
4342,101,129,129
4343,102,144,119
4344,103,128,129
4345,104,115,127
4346,105,140,118
4347,106,133,122
4348,107,125,129
4349,108,112,131
4350,109,146,123
4351,110,121,137
4352,111,130,119
4353,112,137,137
4354,113,133,131
4355,114,130,131
4356,115,123,122
4357,116,124,139
4358,117,129,134
4359,118,129,152
4360,119,134,124
4361,120,142,135
4362,121,130,125
4363,122,122,118
4364,123,119,121
4365,124,119,124
4366,125,130,115
4367,126,127,119
4368,127,124,132
4369,16,128,134
4370,17,129,116
4371,18,138,124
4372,19,125,127
4373,20,131,124
4374,21,124,123
4375,22,126,120
4376,23,111,129
4377,24,127,138
4378,25,123,142
4379,26,122,130
4380,27,122,121
4381,28,118,131
4382,29,125,111
4383,30,119,126
4384,31,132,117
4385,32,128,123
4386,33,135,135
4387,34,130,145
4388,35,135,140
4389,36,146,135
4390,37,120,124
4391,38,146,139
4392,39,137,136
4393,40,119,144
4394,41,131,136
4395,42,129,136
4396,43,127,132
4397,44,132,127
4398,45,118,115
4399,46,123,138
4400,47,129,130
4401,48,142,143
4402,49,120,133
4403,50,124,130
4404,51,109,127
4405,52,127,129
4406,53,123,132
4407,54,134,122
4408,55,128,140
4409,56,132,125
4410,57,133,129
4411,58,119,132
4412,59,121,136
4413,60,129,120
4414,61,140,130
4415,62,124,140
4416,63,126,130
4417,64,132,123
4418,65,127,123
4419,66,131,125
4420,67,134,124
4421,68,126,138
4422,69,122,128
4423,70,134,123
4424,71,116,127
4425,72,132,114
4426,73,127,112
4427,74,142,132
4428,75,133,113
4429,76,126,118
4430,77,138,119
4431,78,126,122
4432,79,130,120
4433,80,132,136
4434,81,148,124
4435,82,135,124
4436,83,121,125
4437,84,124,127
4438,85,126,127
4439,86,129,118
4440,87,127,124
4441,88,128,133
4442,89,128,136
4443,90,121,124
4444,91,136,135
4445,92,141,122
4446,93,135,122
4447,94,131,127
4448,95,143,136
4449,96,125,138
4450,97,126,114
4451,98,125,117
4452,99,141,135
4453,100,133,133
4454,101,128,114
4455,102,122,118
4456,103,133,136
4457,104,119,119
4458,105,137,129
4459,106,138,133
4460,107,122,110
4461,108,137,132
4462,109,126,135
4463,110,128,152
4464,111,143,122
4465,112,131,137
4466,113,125,124
4467,114,135,114
4468,115,122,130
4469,116,126,124
4470,117,123,137
4471,118,118,116
4472,119,136,137
4473,120,126,141
4474,121,123,131
4475,122,109,127
4476,123,111,148
4477,124,124,142
4478,125,120,131
4479,126,129,121
4480,127,127,137
4481,16,123,125
4482,17,123,140
4483,18,123,134
4484,19,119,127
4485,20,114,113
4486,21,119,133
4487,22,128,120
4488,23,136,134
4489,24,116,129
4490,25,127,129
4491,26,126,123
4492,27,132,131
4493,28,124,125
4494,29,126,139
4495,30,113,127
4496,31,126,126
4497,32,126,140
4498,33,128,131
4499,34,138,128
4500,35,125,110
4501,36,121,123
4502,37,135,136
4503,38,133,130
4504,39,119,116
4505,40,113,103
4506,41,120,148
4507,42,120,132
4508,43,112,127
4509,44,129,129
4510,45,128,137
4511,46,141,116
4512,47,128,127
4513,48,120,117
4514,49,123,148
4515,50,127,129
4516,51,139,114
4517,52,119,127
4518,53,137,131
4519,54,137,130
4520,55,127,141
4521,56,158,136
4522,57,121,128
4523,58,127,128
4524,59,136,127
4525,60,138,141
4526,61,130,138
4527,62,131,135
4528,63,121,126
4529,64,138,120
4530,65,129,143
4531,66,117,126
4532,67,135,111
4533,68,121,115
4534,69,125,134
4535,70,126,123
4536,71,130,116
4537,72,140,129
4538,73,138,129
4539,74,124,130
4540,75,121,126
4541,76,115,117
4542,77,141,135
4543,78,131,125
4544,79,122,132
4545,80,122,139
4546,81,127,125
4547,82,131,130
4548,83,128,138
4549,84,121,124
4550,85,125,126
4551,86,145,130
4552,87,133,137
4553,88,127,126
4554,89,128,130
4555,90,128,117
4556,91,137,124
4557,92,129,110
4558,93,135,126
4559,94,136,121
4560,95,119,127
4561,96,122,125
4562,97,132,124
4563,98,117,140
4564,99,122,128
4565,100,115,131
4566,101,133,126
4567,102,134,113
4568,103,144,123
4569,104,135,129
4570,105,137,146
4571,106,131,137
4572,107,134,124
4573,108,135,130
4574,109,112,129
4575,110,124,129
4576,111,117,136
4577,112,142,134
4578,113,109,117
4579,114,125,134
4580,115,133,111
4581,116,121,132
4582,117,130,126
4583,118,117,141
4584,119,131,142
4585,120,125,122
4586,121,131,129
4587,122,133,137
4588,123,125,117
4589,124,133,129
4590,125,122,118
4591,126,132,125
4592,127,131,124
4593,16,129,115
4594,17,126,119
4595,18,128,133
4596,19,137,136
4597,20,128,131
4598,21,125,129
4599,22,139,133
4600,23,127,136
4601,24,110,121
4602,25,117,126
4603,26,138,115
4604,27,124,129
4605,28,131,119
4606,29,129,135
4607,30,135,119
4608,31,123,122
4609,32,141,122
4610,33,142,131
4611,34,131,126
4612,35,135,117
4613,36,133,113
4614,37,147,140
4615,38,146,120
4616,39,120,128
4617,40,135,121
4618,41,133,140
4619,42,122,133
4620,43,121,109
4621,44,125,137
4622,45,144,134
4623,46,137,124
4624,47,124,134
4625,48,129,125
4626,49,126,134
4627,50,147,120
4628,51,142,122
4629,52,119,131
4630,53,134,124
4631,54,124,129
4632,55,123,121
4633,56,133,137
4634,57,126,118
4635,58,120,137
4636,59,117,131
4637,60,126,125
4638,61,130,116
4639,62,131,124
4640,63,123,140
4641,64,127,131
4642,65,111,120
4643,66,123,142
4644,67,132,127
4645,68,129,121
4646,69,129,127
4647,70,118,131
4648,71,122,122
4649,72,124,127
4650,73,125,123
4651,74,128,112
4652,75,131,128
4653,76,118,137
4654,77,106,123
4655,78,129,143
4656,79,109,132
4657,80,134,127
4658,81,123,118
4659,82,119,135
4660,83,122,120
4661,84,115,110
4662,85,125,135
4663,86,137,115
4664,87,115,127
4665,88,128,135
4666,89,118,138
4667,90,117,134
4668,91,140,122
4669,92,126,138
4670,93,130,126
4671,94,137,137
4672,95,113,129
4673,96,126,132
4674,97,123,127
4675,98,123,132
4676,99,148,132
4677,100,110,136
4678,101,134,135
4679,102,143,125
4680,103,131,137
4681,104,119,144
4682,105,129,122
4683,106,124,130
4684,107,118,135
4685,108,118,124
4686,109,137,135
4687,110,134,136
4688,111,140,123
4689,112,135,125
4690,113,138,137
4691,114,123,136
4692,115,130,138
4693,116,126,147
4694,117,134,113
4695,118,141,134
4696,119,134,132
4697,120,125,136
4698,121,135,121
4699,122,127,132
4700,123,111,132
4701,124,132,133
4702,125,128,131
4703,126,122,145
4704,127,138,144
4705,16,130,125
4706,17,122,121
4707,18,137,126
4708,19,112,132
4709,20,126,136
4710,21,125,147
4711,22,138,130
4712,23,129,131
4713,24,133,125
4714,25,126,142
4715,26,145,132
4716,27,119,131
4717,28,141,123
4718,29,134,137
4719,30,125,124
4720,31,152,137
4721,32,132,124
4722,33,113,129
4723,34,116,135
4724,35,133,124
4725,36,132,130
4726,37,116,131
4727,38,139,123
4728,39,137,121
4729,40,114,123
4730,41,145,118
4731,42,120,125
4732,43,136,147
4733,44,136,115
4734,45,127,133
4735,46,125,129
4736,47,123,127
4737,48,143,139
4738,49,130,131
4739,50,116,126
4740,51,124,123
4741,52,114,131
4742,53,134,120
4743,54,124,124
4744,55,120,128
4745,56,126,119
4746,57,131,122
4747,58,139,140
4748,59,137,123
4749,60,122,129
4750,61,125,113
4751,62,130,118
4752,63,126,137
4753,64,106,129
4754,65,128,124
4755,66,137,116
4756,67,128,128
4757,68,127,121
4758,69,132,118
4759,70,117,120
4760,71,111,130
4761,72,122,128
4762,73,124,115
4763,74,124,140
4764,75,113,114
4765,76,130,128
4766,77,134,132
4767,78,122,120
4768,79,137,120
4769,80,145,117
4770,81,128,122
4771,82,133,126
4772,83,116,140
4773,84,143,126
4774,85,112,122
4775,86,125,125
4776,87,128,120
4777,88,133,136
4778,89,123,128
4779,90,131,128
4780,91,119,144
4781,92,119,133
4782,93,127,128
4783,94,149,119
4784,95,147,130
4785,96,113,131
4786,97,129,140
4787,98,125,134
4788,99,129,134
4789,100,145,115
4790,101,122,142
4791,102,137,122
4792,103,136,124
4793,104,139,129
4794,105,138,114
4795,106,128,129
4796,107,124,131
4797,108,130,132
4798,109,132,118
4799,110,127,122
4800,111,125,120
4801,112,138,126
4802,113,131,131
4803,114,122,118
4804,115,128,131
4805,116,119,144
4806,117,125,133
4807,118,118,117
4808,119,135,141
4809,120,148,120
4810,121,136,131
4811,122,115,138
4812,123,137,125
4813,124,145,131
4814,125,148,103
4815,126,122,140
4816,127,110,126
4817,16,124,129
4818,17,132,133
4819,18,137,130
4820,19,145,126
4821,20,132,133
4822,21,133,117
4823,22,122,122
4824,23,127,133
4825,24,138,126
4826,25,123,123
4827,26,128,138
4828,27,144,138
4829,28,146,127
4830,29,123,139
4831,30,129,128
4832,31,132,128
4833,32,136,123
4834,33,136,119
4835,34,129,131
4836,35,136,117
4837,36,115,130
4838,37,144,136
4839,38,135,132
4840,39,125,152
4841,40,113,134
4842,41,136,137
4843,42,136,133
4844,43,128,124
4845,44,116,135
4846,45,124,120
4847,46,117,123
4848,47,131,123
4849,48,118,131
4850,49,126,140
4851,50,126,130
4852,51,132,136
4853,52,109,123
4854,53,118,130
4855,54,135,111
4856,55,123,129
4857,56,119,123
4858,57,129,132
4859,58,125,128
4860,59,127,130
4861,60,142,141
4862,61,133,116
4863,62,134,125
4864,63,128,129
4865,64,124,119
4866,65,129,125
4867,66,130,124
4868,67,134,121
4869,68,126,125
4870,69,134,128
4871,70,131,124
4872,71,154,136
4873,72,145,136
4874,73,127,136
4875,74,125,114
4876,75,121,129
4877,76,131,108
4878,77,133,130
4879,78,127,137
4880,79,133,123
4881,80,129,133
4882,81,132,107
4883,82,121,122
4884,83,121,131
4885,84,129,118
4886,85,125,140
4887,86,133,128
4888,87,123,118
4889,88,126,122
4890,89,133,130
4891,90,126,137
4892,91,121,126
4893,92,116,119
4894,93,121,125
4895,94,118,138
4896,95,143,115
4897,96,134,122
4898,97,134,126
4899,98,129,131
4900,99,142,131
4901,100,130,133
4902,101,138,119
4903,102,126,105
4904,103,130,135
4905,104,132,120
4906,105,121,136
4907,106,117,126
4908,107,137,127
4909,108,140,131
4910,109,126,130
4911,110,127,112
4912,111,131,116
4913,112,123,125
4914,113,126,132
4915,114,122,135
4916,115,119,125
4917,116,125,121
4918,117,132,122
4919,118,127,120
4920,119,120,130
4921,120,132,120
4922,121,148,141
4923,122,134,109
4924,123,135,128
4925,124,138,118
4926,125,130,133
4927,126,137,131
4928,127,124,129
4929,16,147,129
4930,17,124,136
4931,18,128,131
4932,19,126,131
4933,20,120,125
4934,21,140,126
4935,22,115,131
4936,23,131,113
4937,24,131,124
4938,25,136,127
4939,26,118,120
4940,27,147,122
4941,28,136,115
4942,29,126,129
4943,30,122,131
4944,31,127,132
4945,32,119,142
4946,33,128,123
4947,34,150,126
4948,35,130,114
4949,36,144,142
4950,37,120,133
4951,38,140,136
4952,39,122,115
4953,40,121,125
4954,41,126,129
4955,42,124,125
4956,43,136,138
4957,44,143,126
4958,45,121,118
4959,46,125,125
4960,47,125,129
4961,48,137,142
4962,49,142,122
4963,50,137,128
4964,51,132,117
4965,52,127,134
4966,53,130,132
4967,54,143,115
4968,55,128,128
4969,56,132,129
4970,57,132,126
4971,58,121,132
4972,59,133,127
4973,60,135,117
4974,61,125,124
4975,62,119,114
4976,63,123,145
4977,64,134,139
4978,65,128,119
4979,66,115,125
4980,67,122,127
4981,68,116,116
4982,69,128,128
4983,70,111,134
4984,71,133,123
4985,72,129,127
4986,73,109,134
4987,74,134,123
4988,75,122,119
4989,76,135,105
4990,77,125,130
4991,78,109,116
4992,79,116,130
4993,80,136,117
4994,81,135,113
4995,82,135,116
4996,83,128,116
4997,84,138,125
4998,85,131,127
4999,86,117,128
5000,87,131,121
5001,88,132,134
5002,89,132,127
5003,90,126,123
5004,91,108,132
5005,92,134,129
5006,93,124,122
5007,94,112,121
5008,95,116,121
5009,96,139,140
5010,97,123,122
5011,98,118,125
5012,99,137,129
5013,100,125,132
5014,101,144,136
5015,102,117,138
5016,103,115,132
5017,104,111,134
5018,105,124,121
5019,106,136,117
5020,107,119,129
5021,108,131,137
5022,109,144,131
5023,110,126,125
5024,111,136,137
5025,112,131,126
5026,113,146,129
5027,114,133,141
5028,115,115,123
5029,116,130,127
5030,117,130,117
5031,118,129,127
5032,119,121,125
5033,120,119,130
5034,121,111,123
5035,122,125,127
5036,123,136,121
5037,124,122,139
5038,125,123,136
5039,126,113,132
5040,127,121,125
5041,16,125,118
5042,17,123,121
5043,18,119,134
5044,19,129,132
5045,20,122,128
5046,21,133,127
5047,22,124,131
5048,23,115,133
5049,24,125,124
5050,25,122,145
5051,26,113,132
5052,27,118,125
5053,28,128,126
5054,29,130,129
5055,30,128,118
5056,31,116,116
5057,32,137,125
5058,33,122,129
5059,34,144,139
5060,35,126,125
5061,36,127,132
5062,37,123,112
5063,38,134,120
5064,39,120,128
5065,40,125,136
5066,41,131,120
5067,42,134,142
5068,43,122,123
5069,44,118,118
5070,45,124,124
5071,46,135,134
5072,47,132,123
5073,48,137,121
5074,49,120,137
5075,50,124,140
5076,51,112,125
5077,52,136,132
5078,53,118,138
5079,54,122,124
5080,55,133,120
5081,56,119,132
5082,57,132,123
5083,58,116,127
5084,59,126,136
5085,60,130,133
5086,61,134,121
5087,62,117,117
5088,63,120,136
5089,64,137,130
5090,65,127,148
5091,66,123,120
5092,67,129,133
5093,68,123,125
5094,69,116,115
5095,70,117,136
5096,71,116,124
5097,72,132,128
5098,73,119,132
5099,74,126,145
5100,75,137,132
5101,76,105,133
5102,77,128,128
5103,78,121,125
5104,79,130,132
5105,80,126,119
5106,81,122,124
5107,82,121,123
5108,83,125,124
5109,84,121,138
5110,85,119,123
5111,86,122,121
5112,87,141,122
5113,88,114,133
5114,89,135,129
5115,90,132,121
5116,91,127,132
5117,92,119,133
5118,93,142,126
5119,94,126,125
5120,95,133,139
5121,96,124,113
5122,97,130,129
5123,98,118,121
5124,99,119,135
5125,100,123,111
5126,101,109,138
5127,102,115,121
5128,103,123,113
5129,104,127,116
5130,105,128,141
5131,106,122,122
5132,107,124,122
5133,108,135,115
5134,109,138,130
5135,110,118,132
5136,111,127,133
5137,112,132,125
5138,113,130,116
5139,114,120,136
5140,115,137,134
5141,116,120,142
5142,117,125,123
5143,118,125,115
5144,119,129,116
5145,120,128,124
5146,121,120,123
5147,122,114,123
5148,123,110,136
5149,124,136,141
5150,125,115,123
5151,126,125,127
5152,127,127,127
5153,16,132,118
5154,17,128,128
5155,18,120,123
5156,19,136,137
5157,20,130,127
5158,21,133,121
5159,22,137,126
5160,23,136,122
5161,24,123,115
5162,25,130,120
5163,26,123,133
5164,27,126,122
5165,28,109,132
5166,29,117,139
5167,30,122,120
5168,31,121,135
5169,32,130,126
5170,33,125,127
5171,34,140,121
5172,35,122,140
5173,36,110,122
5174,37,113,119
5175,38,123,129
5176,39,119,127
5177,40,138,134
5178,41,123,122
5179,42,125,124
5180,43,119,118
5181,44,128,136
5182,45,120,129
5183,46,128,119
5184,47,128,132
5185,48,130,118
5186,49,125,127
5187,50,132,134
5188,51,132,124
5189,52,115,129
5190,53,135,134
5191,54,131,135
5192,55,110,126
5193,56,128,134
5194,57,129,142
5195,58,144,136
5196,59,133,138
5197,60,136,123
5198,61,124,123
5199,62,129,135
5200,63,122,152
5201,64,133,130
5202,65,124,143
5203,66,121,130
5204,67,136,129
5205,68,113,125
5206,69,148,123
5207,70,129,130
5208,71,126,142
5209,72,127,121
5210,73,115,136
5211,74,145,134
5212,75,132,132
5213,76,123,125
5214,77,136,126
5215,78,124,136
5216,79,132,126
5217,80,116,117
5218,81,133,120
5219,82,130,123
5220,83,138,132
5221,84,123,132
5222,85,140,112
5223,86,132,134
5224,87,121,126
5225,88,111,135
5226,89,144,130
5227,90,137,133
5228,91,111,120
5229,92,118,138
5230,93,136,124
5231,94,133,112
5232,95,124,116
5233,96,131,137
5234,97,109,114
5235,98,136,142
5236,99,134,142
5237,100,145,119
5238,101,118,124
5239,102,126,125
5240,103,122,129
5241,104,134,126
5242,105,118,122
5243,106,131,116
5244,107,126,129
5245,108,137,122
5246,109,121,115
5247,110,134,126
5248,111,135,133
5249,112,129,131
5250,113,127,120
5251,114,140,132
5252,115,128,128
5253,116,138,120
5254,117,128,130
5255,118,132,124
5256,119,141,126
5257,120,122,141
5258,121,116,125
5259,122,122,128
5260,123,134,110
5261,124,124,124
5262,125,130,125
5263,126,141,129
5264,127,133,119
5265,16,130,119
5266,17,130,106
5267,18,126,131
5268,19,130,120
5269,20,127,133
5270,21,129,132
5271,22,121,134
5272,23,137,129
5273,24,126,132
5274,25,130,137
5275,26,131,118
5276,27,128,123
5277,28,127,124
5278,29,139,128
5279,30,131,135
5280,31,129,130
5281,32,128,125
5282,33,112,128
5283,34,139,119
5284,35,131,122
5285,36,123,135
5286,37,133,138
5287,38,130,146
5288,39,139,127
5289,40,128,109
5290,41,144,121
5291,42,126,126
5292,43,133,125
5293,44,120,119
5294,45,129,132
5295,46,124,134
5296,47,121,119
5297,48,143,141
5298,49,135,122
5299,50,118,127
5300,51,127,128
5301,52,120,132
5302,53,144,128
5303,54,125,129
5304,55,126,122
5305,56,132,126
5306,57,111,125
5307,58,106,130
5308,59,130,129
5309,60,134,127
5310,61,125,128
5311,62,125,135
5312,63,112,128
5313,64,135,141
5314,65,135,122
5315,66,132,137
5316,67,134,123
5317,68,135,135
5318,69,115,130
5319,70,129,126
5320,71,123,127
5321,72,136,120
5322,73,123,114
5323,74,118,137
5324,75,134,126
5325,76,135,139
5326,77,116,134
5327,78,130,123
5328,79,130,116
5329,80,120,121
5330,81,122,116
5331,82,130,136
5332,83,139,132
5333,84,117,134
5334,85,122,128
5335,86,129,117
5336,87,112,138
5337,88,120,126
5338,89,145,128
5339,90,140,129
5340,91,124,134
5341,92,123,137
5342,93,128,105
5343,94,122,126
5344,95,130,125
5345,96,124,129
5346,97,119,138
5347,98,136,123
5348,99,137,144
5349,100,114,138
5350,101,138,128
5351,102,129,134
5352,103,127,148
5353,104,137,143
5354,105,124,129
5355,106,122,117
5356,107,143,124
5357,108,131,130
5358,109,115,135
5359,110,128,146
5360,111,131,123
5361,112,146,117
5362,113,125,125
5363,114,128,140
5364,115,122,122
5365,116,129,128
5366,117,125,126
5367,118,122,135
5368,119,121,120
5369,120,120,137
5370,121,125,148
5371,122,129,115
5372,123,123,117
5373,124,128,127
5374,125,125,140
5375,126,121,123
5376,127,128,128
5377,16,128,123
5378,17,117,114
5379,18,130,129
5380,19,120,133
5381,20,128,122
5382,21,135,118
5383,22,128,133
5384,23,125,135
5385,24,124,126
5386,25,121,121
5387,26,130,119
5388,27,115,130
5389,28,128,116
5390,29,125,132
5391,30,131,128
5392,31,129,127
5393,32,130,128
5394,33,127,124
5395,34,144,135
5396,35,127,119
5397,36,125,122
5398,37,139,145
5399,38,123,124
5400,39,128,129
5401,40,131,130
5402,41,122,135
5403,42,120,134
5404,43,128,147
5405,44,120,139
5406,45,138,126
5407,46,118,117
5408,47,124,122
5409,48,119,120
5410,49,134,135
5411,50,127,127
5412,51,124,125
5413,52,131,124
5414,53,154,125
5415,54,136,106
5416,55,137,126
5417,56,135,133
5418,57,137,135
5419,58,145,130
5420,59,142,138
5421,60,125,131
5422,61,122,133
5423,62,126,135
5424,63,138,114
5425,64,131,119
5426,65,114,114
5427,66,130,118
5428,67,125,142
5429,68,129,116
5430,69,139,133
5431,70,137,123
5432,71,140,124
5433,72,125,144
5434,73,115,121
5435,74,119,141
5436,75,123,136
5437,76,129,143
5438,77,122,126
5439,78,139,122
5440,79,126,139
5441,80,118,123
5442,81,129,128
5443,82,116,137
5444,83,123,128
5445,84,126,136
5446,85,124,137
5447,86,131,142
5448,87,123,130
5449,88,135,112
5450,89,128,152
5451,90,135,122
5452,91,127,136
5453,92,132,129
5454,93,133,128
5455,94,122,135
5456,95,131,123
5457,96,135,122
5458,97,113,110
5459,98,127,141
5460,99,134,154
5461,100,120,127
5462,101,131,151
5463,102,140,126
5464,103,114,122
5465,104,119,120
5466,105,129,133
5467,106,116,115
5468,107,112,124
5469,108,127,111
5470,109,115,131
5471,110,116,126
5472,111,133,126
5473,112,120,133
5474,113,138,123
5475,114,114,115
5476,115,120,126
5477,116,133,123
5478,117,126,134
5479,118,134,137
5480,119,132,124
5481,120,121,121
5482,121,129,132
5483,122,131,131
5484,123,125,123
5485,124,118,131
5486,125,124,128
5487,126,117,143
5488,127,133,122
5489,16,136,130
5490,17,117,140
5491,18,124,113
5492,19,142,132
5493,20,135,140
5494,21,119,120
5495,22,120,126
5496,23,123,124
5497,24,131,144
5498,25,117,134
5499,26,129,128
5500,27,130,132
5501,28,130,122
5502,29,134,121
5503,30,140,134
5504,31,117,127
5505,32,126,119
5506,33,122,126
5507,34,134,136
5508,35,132,120
5509,36,138,142
5510,37,120,136
5511,38,135,130
5512,39,137,123
5513,40,134,137
5514,41,122,135
5515,42,135,133
5516,43,118,127
5517,44,132,123
5518,45,128,121
5519,46,112,125
5520,47,124,127
5521,48,142,123
5522,49,120,125
5523,50,121,121
5524,51,117,137
5525,52,116,123
5526,53,131,137
5527,54,121,132
5528,55,145,126
5529,56,134,117
5530,57,129,146
5531,58,129,122
5532,59,110,117
5533,60,124,127
5534,61,139,132
5535,62,119,141
5536,63,137,138
5537,64,120,123
5538,65,127,122
5539,66,134,118
5540,67,118,144
5541,68,134,131
5542,69,133,138
5543,70,130,129
5544,71,118,123
5545,72,126,122
5546,73,133,113
5547,74,128,108
5548,75,119,114
5549,76,127,142
5550,77,131,124
5551,78,125,122
5552,79,131,132
5553,80,137,133
5554,81,123,132
5555,82,130,128
5556,83,133,119
5557,84,129,143
5558,85,133,133
5559,86,130,131
5560,87,123,127
5561,88,144,117
5562,89,133,117
5563,90,120,126
5564,91,133,127
5565,92,123,136
5566,93,122,128
5567,94,126,130
5568,95,131,120
5569,96,128,137
5570,97,131,131
5571,98,117,127
5572,99,126,121
5573,100,135,123
5574,101,119,123
5575,102,129,120
5576,103,120,117
5577,104,111,124
5578,105,132,140
5579,106,134,114
5580,107,132,118
5581,108,116,134
5582,109,117,112
5583,110,119,129
5584,111,131,119
5585,112,131,120
5586,113,129,136
5587,114,124,128
5588,115,119,126
5589,116,118,112
5590,117,128,137
5591,118,127,143
5592,119,127,118
5593,120,132,104
5594,121,133,131
5595,122,134,131
5596,123,128,126
5597,124,133,121
5598,125,133,130
5599,126,120,124
5600,127,149,119
5601,16,132,122
5602,17,134,136
5603,18,125,125
5604,19,125,133
5605,20,129,134
5606,21,133,134
5607,22,133,125
5608,23,139,132
5609,24,116,136
5610,25,124,124
5611,26,129,122
5612,27,127,126
5613,28,124,129
5614,29,120,133
5615,30,136,132
5616,31,126,125
5617,32,116,124
5618,33,135,122
5619,34,129,146
5620,35,126,134
5621,36,124,112
5622,37,127,140
5623,38,118,143
5624,39,127,123
5625,40,136,114
5626,41,138,132
5627,42,123,121
5628,43,125,132
5629,44,127,125
5630,45,126,124
5631,46,144,131
5632,47,128,116
5633,48,124,126
5634,49,124,122
5635,50,133,126
5636,51,131,132
5637,52,125,129
5638,53,126,110
5639,54,141,129
5640,55,118,136
5641,56,121,124
5642,57,132,119
5643,58,132,136
5644,59,123,125
5645,60,129,124
5646,61,127,132
5647,62,111,135
5648,63,126,139
5649,64,118,126
5650,65,136,130
5651,66,141,126
5652,67,130,129
5653,68,117,134
5654,69,121,125
5655,70,127,116
5656,71,128,126
5657,72,126,125
5658,73,125,135
5659,74,120,138
5660,75,125,118
5661,76,123,117
5662,77,117,128
5663,78,145,139
5664,79,125,123
5665,80,131,130
5666,81,125,134
5667,82,134,132
5668,83,137,127
5669,84,121,126
5670,85,108,115
5671,86,140,130
5672,87,140,125
5673,88,127,129
5674,89,118,115
5675,90,131,128
5676,91,128,132
5677,92,117,125
5678,93,131,131
5679,94,145,110
5680,95,125,136
5681,96,132,133
5682,97,120,136
5683,98,136,125
5684,99,120,116
5685,100,122,130
5686,101,116,128
5687,102,114,126
5688,103,136,136
5689,104,141,132
5690,105,126,125
5691,106,136,120
5692,107,138,122
5693,108,126,132
5694,109,112,132
5695,110,123,122
5696,111,128,126
5697,112,140,137
5698,113,145,139
5699,114,124,126
5700,115,124,131
5701,116,133,131
5702,117,130,131
5703,118,127,130
5704,119,137,132
5705,120,132,117
5706,121,130,144
5707,122,126,129
5708,123,120,132
5709,124,136,115
5710,125,124,131
5711,126,150,129
5712,127,135,132
5713,16,128,125
5714,17,109,133
5715,18,131,128
5716,19,135,127
5717,20,113,129
5718,21,124,137
5719,22,128,137
5720,23,128,127
5721,24,126,134
5722,25,135,139
5723,26,130,128
5724,27,118,129
5725,28,135,132
5726,29,131,122
5727,30,116,122
5728,31,139,119
5729,32,130,131
5730,33,120,138
5731,34,125,127
5732,35,122,135
5733,36,140,124
5734,37,134,120
5735,38,124,132
5736,39,135,129
5737,40,128,132
5738,41,137,119
5739,42,120,134
5740,43,110,139
5741,44,138,132
5742,45,130,128
5743,46,121,129
5744,47,122,133
5745,48,134,120
5746,49,125,121
5747,50,135,133
5748,51,135,129
5749,52,116,122
5750,53,111,128
5751,54,124,131
5752,55,134,137
5753,56,128,120
5754,57,137,138
5755,58,141,125
5756,59,142,130
5757,60,137,135
5758,61,128,124
5759,62,122,123
5760,63,141,124
5761,64,118,124
5762,65,113,127
5763,66,119,128
5764,67,128,121
5765,68,124,118
5766,69,141,125
5767,70,142,116
5768,71,117,130
5769,72,124,120
5770,73,144,127
5771,74,124,135
5772,75,130,130
5773,76,134,118
5774,77,140,124
5775,78,120,138
5776,79,115,113
5777,80,132,130
5778,81,121,122
5779,82,132,130
5780,83,121,129
5781,84,132,124
5782,85,115,124
5783,86,130,131
5784,87,117,114
5785,88,120,122
5786,89,120,130
5787,90,135,128
5788,91,134,109
5789,92,145,125
5790,93,137,122
5791,94,137,114
5792,95,140,123
5793,96,119,134
5794,97,135,131
5795,98,118,127
5796,99,127,125
5797,100,127,123
5798,101,130,108
5799,102,131,121
5800,103,121,124
5801,104,127,132
5802,105,143,126
5803,106,127,131
5804,107,129,134
5805,108,118,136
5806,109,143,134
5807,110,143,139
5808,111,129,138
5809,112,131,128
5810,113,121,130
5811,114,117,131
5812,115,121,133
5813,116,127,140
5814,117,133,111
5815,118,124,126
5816,119,139,144
5817,120,121,125
5818,121,136,143
5819,122,135,128
5820,123,132,122
5821,124,136,137
5822,125,120,140
5823,126,142,124
5824,127,134,111
5825,16,134,117
5826,17,133,120
5827,18,128,134
5828,19,135,131
5829,20,123,119
5830,21,112,129
5831,22,121,139
5832,23,130,128
5833,24,128,124
5834,25,112,129
5835,26,139,126
5836,27,131,124
5837,28,132,123
5838,29,143,122
5839,30,135,132
5840,31,121,144
5841,32,131,128
5842,33,138,129
5843,34,139,116
5844,35,129,132
5845,36,116,124
5846,37,125,137
5847,38,135,125
5848,39,123,131
5849,40,126,120
5850,41,124,137
5851,42,134,122
5852,43,123,118
5853,44,135,126
5854,45,129,131
5855,46,138,126
5856,47,138,118
5857,48,129,131
5858,49,135,143
5859,50,126,143
5860,51,137,118
5861,52,132,144
5862,53,123,142
5863,54,129,130
5864,55,146,133
5865,56,129,135
5866,57,136,124
5867,58,135,146
5868,59,130,118
5869,60,128,125
5870,61,144,137
5871,62,140,129
5872,63,126,126
5873,64,144,122
5874,65,131,132
5875,66,125,131
5876,67,144,121
5877,68,141,125
5878,69,124,135
5879,70,118,113
5880,71,139,146
5881,72,137,134
5882,73,138,118
5883,74,134,135
5884,75,131,127
5885,76,136,130
5886,77,114,130
5887,78,103,127
5888,79,129,121
5889,80,128,131
5890,81,140,140
5891,82,120,128
5892,83,137,119
5893,84,134,132
5894,85,131,112
5895,86,116,127
5896,87,132,109
5897,88,132,137
5898,89,110,131
5899,90,120,142
5900,91,129,122
5901,92,119,130
5902,93,131,136
5903,94,121,128
5904,95,118,116
5905,96,131,134
5906,97,134,144
5907,98,123,122
5908,99,140,128
5909,100,129,143
5910,101,122,127
5911,102,114,133
5912,103,125,131
5913,104,130,137
5914,105,128,125
5915,106,139,137
5916,107,133,137
5917,108,141,120
5918,109,126,126
5919,110,117,139
5920,111,127,124
5921,112,115,122
5922,113,131,140
5923,114,133,141
5924,115,124,128
5925,116,132,127
5926,117,126,124
5927,118,126,117
5928,119,118,138
5929,120,122,122
5930,121,131,130
5931,122,121,128
5932,123,141,124
5933,124,146,117
5934,125,141,136
5935,126,139,128
5936,127,112,119
5937,16,136,117
5938,17,132,132
5939,18,136,150
5940,19,115,151
5941,20,130,125
5942,21,120,123
5943,22,128,118
5944,23,125,138
5945,24,128,134
5946,25,118,126
5947,26,119,124
5948,27,121,123
5949,28,123,128
5950,29,127,128
5951,30,133,122
5952,31,122,110
5953,32,135,128
5954,33,131,126
5955,34,132,127
5956,35,144,140
5957,36,127,118
5958,37,132,124
5959,38,138,141
5960,39,125,130
5961,40,133,135
5962,41,136,136
5963,42,129,129
5964,43,130,109
5965,44,131,138
5966,45,116,133
5967,46,128,126
5968,47,135,133
5969,48,116,127
5970,49,134,135
5971,50,137,116
5972,51,146,131
5973,52,113,135
5974,53,125,129
5975,54,125,132
5976,55,118,138
5977,56,121,137
5978,57,133,135
5979,58,127,121
5980,59,140,109
5981,60,129,137
5982,61,125,134
5983,62,144,123
5984,63,126,132
5985,64,129,117
5986,65,115,128
5987,66,132,125
5988,67,135,129
5989,68,130,125
5990,69,142,132
5991,70,133,127
5992,71,110,135
5993,72,119,140
5994,73,121,115
5995,74,128,125
5996,75,124,135
5997,76,125,118
5998,77,134,129
5999,78,136,131
6000,79,120,136
6001,80,118,131
6002,81,140,142
6003,82,128,131
6004,83,147,129
6005,84,125,126
6006,85,124,130
6007,86,120,123
6008,87,126,126
6009,88,117,132
6010,89,142,129
6011,90,125,129
6012,91,125,129
6013,92,134,122
6014,93,132,136
6015,94,127,143
6016,95,130,131
6017,96,133,118
6018,97,127,116
6019,98,135,136
6020,99,131,135
6021,100,122,139
6022,101,133,124
6023,102,128,125
6024,103,120,142
6025,104,113,130
6026,105,130,118
6027,106,130,125
6028,107,126,130
6029,108,134,123
6030,109,132,129
6031,110,125,129
6032,111,127,146
6033,112,127,120
6034,113,127,139
6035,114,116,120
6036,115,128,108
6037,116,129,137
6038,117,124,108
6039,118,121,132
6040,119,128,128
6041,120,132,133
6042,121,120,131
6043,122,137,137
6044,123,127,134
6045,124,123,134
6046,125,135,122
6047,126,127,121
6048,127,147,135
6049,16,136,128
6050,17,123,128
6051,18,142,127
6052,19,123,122
6053,20,130,127
6054,21,131,139
6055,22,131,124
6056,23,129,138
6057,24,132,126
6058,25,138,146
6059,26,127,129
6060,27,125,124
6061,28,120,144
6062,29,132,130
6063,30,122,124
6064,31,129,125
6065,32,125,128
6066,33,130,128
6067,34,115,100
6068,35,134,128
6069,36,134,137
6070,37,125,128
6071,38,134,125
6072,39,131,121
6073,40,120,136
6074,41,114,130
6075,42,138,124
6076,43,117,117
6077,44,138,138
6078,45,134,104
6079,46,134,123
6080,47,120,124
6081,48,134,131
6082,49,123,132
6083,50,119,119
6084,51,116,140
6085,52,134,132
6086,53,120,137
6087,54,139,135
6088,55,135,127
6089,56,131,126
6090,57,113,135
6091,58,120,132
6092,59,110,122
6093,60,127,129
6094,61,128,122
6095,62,154,120
6096,63,145,135
6097,64,128,128
6098,65,131,141
6099,66,119,140
6100,67,130,122
6101,68,131,130
6102,69,128,123
6103,70,126,117
6104,71,133,128
6105,72,132,136
6106,73,128,125
6107,74,128,124
6108,75,121,131
6109,76,132,121
6110,77,127,122
6111,78,128,125
6112,79,115,129
6113,80,136,138
6114,81,133,122
6115,82,139,115
6116,83,129,126
6117,84,137,135
6118,85,126,125
6119,86,128,129
6120,87,114,109
6121,88,129,130
6122,89,129,123
6123,90,119,129
6124,91,127,138
6125,92,126,131
6126,93,126,111
6127,94,134,126
6128,95,141,129
6129,96,123,117
6130,97,137,125
6131,98,126,130
6132,99,113,123
6133,100,137,129
6134,101,125,135
6135,102,128,125
6136,103,120,134
6137,104,124,136
6138,105,132,107
6139,106,134,117
6140,107,146,127
6141,108,121,135
6142,109,118,139
6143,110,126,122
6144,111,146,134
6145,112,129,125
6146,113,128,126
6147,114,136,127
6148,115,144,130
6149,116,141,126
6150,117,122,127
6151,118,133,114
6152,119,130,131
6153,120,134,142
6154,121,154,121
6155,122,134,129
6156,123,124,125
6157,124,107,123
6158,125,135,125
6159,126,122,132
6160,127,125,135
6161,16,130,136
6162,17,130,137
6163,18,122,130
6164,19,124,120
6165,20,122,115
6166,21,116,131
6167,22,127,137
6168,23,133,119
6169,24,135,131
6170,25,120,127
6171,26,124,130
6172,27,132,133
6173,28,140,122
6174,29,114,120
6175,30,140,121
6176,31,131,123
6177,32,125,120
6178,33,134,139
6179,34,142,136
6180,35,130,140
6181,36,120,126
6182,37,130,120
6183,38,123,118
6184,39,132,123
6185,40,121,139
6186,41,127,130
6187,42,126,132
6188,43,130,138
6189,44,127,121
6190,45,131,141
6191,46,132,132
6192,47,125,129
6193,48,114,132
6194,49,132,120
6195,50,141,131
6196,51,124,123
6197,52,125,130
6198,53,125,126
6199,54,134,134
6200,55,141,120
6201,56,133,121
6202,57,120,125
6203,58,121,119
6204,59,129,133
6205,60,140,130
6206,61,128,130
6207,62,128,121
6208,63,120,132
6209,64,136,143
6210,65,135,126
6211,66,127,124
6212,67,132,134
6213,68,115,130
6214,69,126,119
6215,70,110,132
6216,71,127,134
6217,72,129,118
6218,73,127,124
6219,74,136,120
6220,75,140,124
6221,76,123,137
6222,77,123,125
6223,78,129,123
6224,79,130,129
6225,80,118,120
6226,81,134,131
6227,82,121,127
6228,83,140,126
6229,84,121,117
6230,85,133,117
6231,86,127,135
6232,87,129,131
6233,88,114,126
6234,89,132,115
6235,90,124,133
6236,91,122,133
6237,92,126,134
6238,93,125,122
6239,94,124,131
6240,95,143,125
6241,96,123,125
6242,97,122,146
6243,98,128,128
6244,99,135,122
6245,100,135,134
6246,101,131,128
6247,102,121,123
6248,103,130,149
6249,104,127,126
6250,105,131,117
6251,106,123,133
6252,107,132,154
6253,108,115,139
6254,109,118,115
6255,110,128,132
6256,111,124,115
6257,112,128,109
6258,113,131,143
6259,114,140,129
6260,115,107,126
6261,116,127,116
6262,117,131,139
6263,118,125,138
6264,119,141,124
6265,120,135,138
6266,121,119,132
6267,122,129,121
6268,123,134,126
6269,124,137,124
6270,125,118,119
6271,126,123,131
6272,127,130,123
6273,16,135,131
6274,17,128,124
6275,18,135,121
6276,19,122,137
6277,20,147,110
6278,21,130,124
6279,22,113,112
6280,23,131,124
6281,24,123,110
6282,25,118,134
6283,26,123,127
6284,27,136,130
6285,28,119,121
6286,29,117,138
6287,30,123,125
6288,31,134,138
6289,32,123,121
6290,33,129,132
6291,34,122,127
6292,35,141,118
6293,36,135,117
6294,37,133,138
6295,38,127,113
6296,39,125,126
6297,40,127,132
6298,41,117,139
6299,42,136,127
6300,43,125,133
6301,44,130,128
6302,45,137,144
6303,46,137,139
6304,47,123,138
6305,48,127,130
6306,49,124,122
6307,50,145,132
6308,51,130,110
6309,52,121,128
6310,53,121,120
6311,54,118,125
6312,55,124,143
6313,56,132,128
6314,57,127,119
6315,58,131,126
6316,59,124,131
6317,60,131,133
6318,61,119,130
6319,62,124,134
6320,63,121,110
6321,64,134,110
6322,65,130,135
6323,66,120,126
6324,67,136,126
6325,68,137,127
6326,69,120,135
6327,70,139,138
6328,71,133,138
6329,72,121,126
6330,73,127,117
6331,74,128,125
6332,75,132,136
6333,76,133,133
6334,77,124,122
6335,78,128,133
6336,79,147,125
6337,80,116,121
6338,81,133,123
6339,82,130,145
6340,83,136,120
6341,84,112,115
6342,85,123,132
6343,86,134,142
6344,87,142,124
6345,88,129,136
6346,89,122,129
6347,90,134,120
6348,91,126,121
6349,92,128,134
6350,93,131,131
6351,94,123,138
6352,95,137,103
6353,96,124,111
6354,97,127,131
6355,98,118,123
6356,99,122,117
6357,100,119,120
6358,101,117,145
6359,102,119,125
6360,103,136,141
6361,104,116,122
6362,105,122,125
6363,106,134,132
6364,107,125,139
6365,108,112,128
6366,109,121,123
6367,110,135,136
6368,111,111,122
6369,112,128,137
6370,113,133,121
6371,114,133,120
6372,115,135,142
6373,116,138,134
6374,117,114,142
6375,118,113,131
6376,119,129,124
6377,120,135,119
6378,121,135,127
6379,122,139,122
6380,123,118,125
6381,124,134,132
6382,125,129,137
6383,126,115,129
6384,127,133,134
6385,16,127,120
6386,17,121,132
6387,18,135,135
6388,19,130,141
6389,20,117,112
6390,21,135,122
6391,22,126,123
6392,23,129,120
6393,24,128,125
6394,25,128,128
6395,26,130,136
6396,27,128,129
6397,28,132,131
6398,29,122,123
6399,30,137,125
6400,31,127,128
6401,32,133,135
6402,33,133,128
6403,34,120,133
6404,35,128,124
6405,36,138,138
6406,37,136,125
6407,38,126,133
6408,39,124,127
6409,40,133,121
6410,41,126,132
6411,42,131,122
6412,43,104,121
6413,44,127,137
6414,45,141,124
6415,46,123,127
6416,47,124,133
6417,48,126,127
6418,49,125,133
6419,50,138,141
6420,51,145,123
6421,52,135,128
6422,53,125,115
6423,54,128,120
6424,55,134,134
6425,56,119,123
6426,57,130,124
6427,58,129,122
6428,59,128,125
6429,60,125,124
6430,61,138,136
6431,62,131,124
6432,63,133,137
6433,64,132,135
6434,65,128,136
6435,66,127,136
6436,67,114,113
6437,68,124,128
6438,69,132,128
6439,70,135,133
6440,71,134,129
6441,72,144,109
6442,73,119,142
6443,74,125,134
6444,75,112,124
6445,76,135,134
6446,77,125,138
6447,78,139,124
6448,79,114,138
6449,80,113,129
6450,81,121,140
6451,82,124,119
6452,83,137,129
6453,84,129,129
6454,85,125,133
6455,86,126,122
6456,87,125,144
6457,88,120,142
6458,89,128,130
6459,90,120,128
6460,91,140,118
6461,92,112,139
6462,93,132,126
6463,94,118,141
6464,95,133,136
6465,96,127,134
6466,97,143,126
6467,98,129,121
6468,99,127,130
6469,100,119,111
6470,101,130,124
6471,102,130,129
6472,103,149,130
6473,104,144,154
6474,105,129,116
6475,106,128,136
6476,107,134,114
6477,108,119,113
6478,109,123,134
6479,110,134,126
6480,111,119,137
6481,112,126,118
6482,113,127,115
6483,114,129,134
6484,115,137,136
6485,116,138,128
6486,117,125,120
6487,118,138,126
6488,119,128,143
6489,120,138,135
6490,121,121,133
6491,122,126,117
6492,123,129,124
6493,124,134,126
6494,125,123,124
6495,126,129,136
6496,127,123,115
6497,16,123,122
6498,17,127,124
6499,18,120,145
6500,19,125,147
6501,20,113,118
6502,21,132,133
6503,22,116,146
6504,23,123,137
6505,24,133,133
6506,25,124,129
6507,26,131,142
6508,27,131,143
6509,28,135,132
6510,29,125,126
6511,30,121,120
6512,31,117,130
6513,32,133,124
6514,33,127,126
6515,34,127,130
6516,35,126,129
6517,36,135,124
6518,37,128,115
6519,38,132,137
6520,39,133,117
6521,40,141,134
6522,41,127,115
6523,42,133,125
6524,43,134,125
6525,44,130,125
6526,45,127,141
6527,46,137,120
6528,47,140,122
6529,48,128,133
6530,49,131,125
6531,50,134,132
6532,51,123,125
6533,52,124,117
6534,53,142,123
6535,54,140,129
6536,55,107,125
6537,56,135,122
6538,57,129,129
6539,58,133,127
6540,59,119,127
6541,60,123,119
6542,61,141,140
6543,62,134,121
6544,63,120,121
6545,64,135,116
6546,65,133,122
6547,66,137,135
6548,67,127,119
6549,68,121,118
6550,69,127,130
6551,70,126,123
6552,71,135,127
6553,72,127,113
6554,73,129,122
6555,74,127,142
6556,75,146,139
6557,76,126,128
6558,77,118,117
6559,78,127,120
6560,79,146,116
6561,80,132,124
6562,81,125,128
6563,82,131,133
6564,83,135,128
6565,84,125,128
6566,85,124,115
6567,86,118,128
6568,87,131,130
6569,88,122,133
6570,89,134,125
6571,90,133,145
6572,91,127,119
6573,92,122,117
6574,93,133,123
6575,94,124,127
6576,95,137,122
6577,96,128,124
6578,97,130,126
6579,98,128,113
6580,99,122,141
6581,100,134,137
6582,101,129,123
6583,102,126,133
6584,103,132,122
6585,104,124,132
6586,105,140,136
6587,106,125,114
6588,107,128,131
6589,108,150,117
6590,109,127,121
6591,110,130,129
6592,111,126,133
6593,112,127,140
6594,113,140,138
6595,114,137,124
6596,115,122,138
6597,116,131,127
6598,117,125,120
6599,118,123,113
6600,119,140,141
6601,120,125,128
6602,121,142,132
6603,122,130,126
6604,123,118,124
6605,124,117,146
6606,125,133,114
6607,126,119,125
6608,127,127,133
6609,16,141,127
6610,17,135,139
6611,18,130,123
6612,19,121,130
6613,20,132,134
6614,21,124,129
6615,22,129,128
6616,23,131,137
6617,24,134,116
6618,25,124,137
6619,26,135,136
6620,27,136,132
6621,28,130,120
6622,29,136,116
6623,30,129,127
6624,31,134,127
6625,32,132,130
6626,33,114,117
6627,34,127,122
6628,35,142,139
6629,36,130,129
6630,37,114,136
6631,38,121,125
6632,39,136,129
6633,40,122,110
6634,41,124,134
6635,42,134,122
6636,43,143,116
6637,44,132,130
6638,45,131,129
6639,46,128,135
6640,47,137,133
6641,48,117,128
6642,49,111,123
6643,50,131,121
6644,51,134,128
6645,52,129,131
6646,53,129,135
6647,54,131,135
6648,55,139,132
6649,56,140,131
6650,57,138,134
6651,58,121,126
6652,59,124,118
6653,60,135,127
6654,61,130,108
6655,62,124,124
6656,63,128,122
6657,64,132,127
6658,65,122,128
6659,66,129,122
6660,67,121,114
6661,68,121,136
6662,69,117,140
6663,70,126,128
6664,71,142,143
6665,72,128,129
6666,73,137,136
6667,74,141,124
6668,75,130,140
6669,76,106,143
6670,77,140,124
6671,78,133,141
6672,79,132,121
6673,80,148,145
6674,81,118,123
6675,82,118,121
6676,83,133,129
6677,84,130,129
6678,85,141,136
6679,86,119,134
6680,87,130,129
6681,88,127,122
6682,89,119,121
6683,90,121,138
6684,91,120,124
6685,92,132,126
6686,93,144,137
6687,94,127,131
6688,95,118,138
6689,96,127,122
6690,97,129,127
6691,98,133,131
6692,99,118,136
6693,100,133,143
6694,101,121,123
6695,102,130,121
6696,103,119,129
6697,104,121,124
6698,105,140,136
6699,106,132,133
6700,107,125,130
6701,108,121,134
6702,109,138,122
6703,110,124,130
6704,111,130,128
6705,112,120,121
6706,113,125,130
6707,114,149,127
6708,115,129,135
6709,116,125,130
6710,117,128,133
6711,118,144,147
6712,119,122,129
6713,120,137,127
6714,121,133,117
6715,122,140,128
6716,123,119,128
6717,124,130,127
6718,125,125,121
6719,126,117,121
6720,127,136,121
6721,16,135,133
6722,17,126,129
6723,18,119,137
6724,19,134,128
6725,20,141,129
6726,21,128,133
6727,22,138,114
6728,23,114,136
6729,24,134,137
6730,25,126,105
6731,26,135,115
6732,27,112,131
6733,28,137,129
6734,29,120,133
6735,30,128,132
6736,31,135,117
6737,32,133,127
6738,33,140,146
6739,34,127,122
6740,35,143,131
6741,36,131,136
6742,37,132,121
6743,38,124,129
6744,39,130,134
6745,40,132,133
6746,41,131,121
6747,42,124,128
6748,43,121,137
6749,44,125,116
6750,45,123,128
6751,46,139,127
6752,47,129,129
6753,48,126,136
6754,49,124,123
6755,50,128,123
6756,51,135,126
6757,52,131,140
6758,53,125,125
6759,54,128,140
6760,55,132,129
6761,56,114,127
6762,57,131,117
6763,58,122,132
6764,59,138,117
6765,60,125,135
6766,61,127,129
6767,62,131,140
6768,63,132,126
6769,64,111,123
6770,65,124,127
6771,66,120,134
6772,67,120,128
6773,68,143,125
6774,69,140,128
6775,70,112,117
6776,71,137,128
6777,72,118,135
6778,73,119,140
6779,74,123,126
6780,75,128,136
6781,76,134,130
6782,77,128,123
6783,78,133,136
6784,79,122,144
6785,80,131,124
6786,81,122,119
6787,82,133,128
6788,83,113,127
6789,84,136,129
6790,85,130,146
6791,86,121,115
6792,87,105,132
6793,88,136,121
6794,89,127,114
6795,90,133,123
6796,91,127,124
6797,92,129,135
6798,93,127,113
6799,94,119,133
6800,95,126,129
6801,96,111,134
6802,97,115,131
6803,98,121,134
6804,99,125,119
6805,100,138,129
6806,101,121,148
6807,102,132,127
6808,103,127,131
6809,104,137,131
6810,105,119,117
6811,106,120,137
6812,107,139,135
6813,108,132,120
6814,109,124,131
6815,110,134,121
6816,111,121,132
6817,112,129,141
6818,113,129,125
6819,114,109,128
6820,115,130,132
6821,116,148,126
6822,117,119,121
6823,118,125,118
6824,119,135,123
6825,120,137,134
6826,121,132,128
6827,122,129,120
6828,123,123,140
6829,124,121,118
6830,125,124,132
6831,126,135,120
6832,127,121,114
6833,16,139,117
6834,17,136,133
6835,18,114,129
6836,19,143,132
6837,20,131,131
6838,21,129,127
6839,22,133,136
6840,23,126,140
6841,24,136,122
6842,25,131,126
6843,26,143,121
6844,27,128,140
6845,28,130,140
6846,29,132,140
6847,30,111,113
6848,31,126,117
6849,32,128,116
6850,33,139,124
6851,34,139,123
6852,35,130,117
6853,36,130,133
6854,37,133,134
6855,38,135,124
6856,39,122,121
6857,40,132,122
6858,41,136,126
6859,42,129,123
6860,43,135,118
6861,44,124,114
6862,45,124,121
6863,46,137,120
6864,47,130,136
6865,48,133,121
6866,49,126,133
6867,50,137,126
6868,51,127,138
6869,52,130,113
6870,53,117,149
6871,54,135,114
6872,55,147,126
6873,56,124,123
6874,57,134,117
6875,58,128,121
6876,59,131,111
6877,60,137,120
6878,61,134,141
6879,62,125,135
6880,63,131,143
6881,64,116,124
6882,65,146,115
6883,66,121,135
6884,67,129,117
6885,68,127,109
6886,69,126,125
6887,70,123,130
6888,71,115,123
6889,72,121,122
6890,73,115,131
6891,74,143,131
6892,75,131,130
6893,76,131,132
6894,77,125,121
6895,78,141,130
6896,79,137,119
6897,80,123,124
6898,81,124,125
6899,82,128,128
6900,83,129,122
6901,84,128,120
6902,85,121,128
6903,86,134,125
6904,87,129,117
6905,88,119,119
6906,89,128,148
6907,90,121,138
6908,91,133,126
6909,92,129,122
6910,93,120,112
6911,94,143,145
6912,95,128,120
6913,96,132,112
6914,97,122,125
6915,98,122,130
6916,99,141,119
6917,100,122,119
6918,101,139,137
6919,102,144,108
6920,103,128,126
6921,104,133,138
6922,105,114,105
6923,106,133,125
6924,107,134,123
6925,108,137,129
6926,109,129,137
6927,110,119,127
6928,111,137,131
6929,112,127,138
6930,113,114,122
6931,114,126,139
6932,115,117,129
6933,116,132,134
6934,117,124,109
6935,118,123,125
6936,119,131,120
6937,120,130,127
6938,121,113,121
6939,122,132,128
6940,123,128,123
6941,124,126,128
6942,125,136,127
6943,126,123,115
6944,127,129,131
6945,16,135,136
6946,17,133,127
6947,18,109,114
6948,19,126,130
6949,20,130,129
6950,21,128,125
6951,22,130,142
6952,23,134,126
6953,24,137,110
6954,25,118,141
6955,26,123,130
6956,27,125,126
6957,28,124,124
6958,29,130,121
6959,30,125,123
6960,31,124,122
6961,32,121,120
6962,33,128,123
6963,34,140,137
6964,35,130,130
6965,36,117,118
6966,37,128,136
6967,38,139,132
6968,39,128,129
6969,40,121,126
6970,41,123,129
6971,42,139,121
6972,43,122,130
6973,44,140,125
6974,45,115,121
6975,46,131,123
6976,47,119,116
6977,48,151,139
6978,49,131,130
6979,50,126,121
6980,51,123,132
6981,52,127,118
6982,53,132,114
6983,54,124,128
6984,55,129,128
6985,56,117,118
6986,57,131,128
6987,58,134,122
6988,59,132,134
6989,60,141,123
6990,61,128,127
6991,62,150,139
6992,63,144,117
6993,64,121,130
6994,65,123,141
6995,66,125,143
6996,67,131,120
6997,68,125,131
6998,69,136,130
6999,70,116,133
7000,71,133,132
7001,72,125,118
7002,73,125,132
7003,74,127,134
7004,75,125,114
7005,76,117,125
7006,77,134,121
7007,78,142,134
7008,79,123,121
7009,80,146,139
7010,81,133,121
7011,82,139,123
7012,83,130,132
7013,84,125,115
7014,85,131,119
7015,86,131,131
7016,87,133,106
7017,88,139,142
7018,89,123,123
7019,90,125,122
7020,91,132,123
7021,92,128,136
7022,93,127,141
7023,94,125,119
7024,95,121,131
7025,96,130,128
7026,97,133,141
7027,98,116,127
7028,99,144,135
7029,100,132,127
7030,101,124,127
7031,102,125,124
7032,103,116,133
7033,104,130,130
7034,105,121,114
7035,106,127,131
7036,107,143,123
7037,108,120,134
7038,109,123,138
7039,110,122,135
7040,111,139,126
7041,112,123,138
7042,113,129,134
7043,114,139,123
7044,115,130,146
7045,116,125,135
7046,117,121,129
7047,118,137,125
7048,119,135,111
7049,120,134,124
7050,121,127,127
7051,122,133,130
7052,123,131,117
7053,124,135,138
7054,125,128,120
7055,126,125,131
7056,127,113,121
7057,16,139,129
7058,17,131,134
7059,18,122,116
7060,19,128,137
7061,20,132,121
7062,21,126,121
7063,22,139,126
7064,23,119,135
7065,24,125,123
7066,25,129,129
7067,26,138,131
7068,27,123,124
7069,28,126,137
7070,29,122,121
7071,30,132,126
7072,31,129,139
7073,32,115,122
7074,33,114,128
7075,34,108,132
7076,35,149,118
7077,36,121,114
7078,37,137,137
7079,38,126,131
7080,39,126,133
7081,40,130,126
7082,41,132,113
7083,42,135,138
7084,43,129,121
7085,44,134,132
7086,45,122,130
7087,46,136,125
7088,47,127,122
7089,48,141,151
7090,49,115,143
7091,50,139,127
7092,51,130,135
7093,52,145,135
7094,53,120,137
7095,54,147,137
7096,55,123,127
7097,56,121,125
7098,57,116,137
7099,58,134,116
7100,59,142,130
7101,60,123,137
7102,61,146,137
7103,62,115,127
7104,63,136,130
7105,64,121,146
7106,65,127,130
7107,66,132,138
7108,67,129,132
7109,68,129,117
7110,69,138,124
7111,70,124,126
7112,71,144,126
7113,72,134,138
7114,73,124,128
7115,74,137,140
7116,75,121,127
7117,76,129,118
7118,77,122,136
7119,78,138,128
7120,79,133,133
7121,80,137,133
7122,81,128,127
7123,82,132,125
7124,83,134,127
7125,84,137,136
7126,85,131,124
7127,86,120,132
7128,87,127,126
7129,88,113,131
7130,89,117,132
7131,90,132,147
7132,91,129,130
7133,92,124,134
7134,93,129,114
7135,94,120,142
7136,95,116,132
7137,96,141,127
7138,97,125,117
7139,98,132,120
7140,99,141,138
7141,100,135,128
7142,101,129,136
7143,102,120,126
7144,103,119,114
7145,104,126,126
7146,105,137,106
7147,106,144,136
7148,107,140,122
7149,108,119,132
7150,109,133,121
7151,110,125,138
7152,111,143,141
7153,112,124,124
7154,113,121,120
7155,114,133,113
7156,115,129,127
7157,116,129,120
7158,117,132,109
7159,118,122,126
7160,119,128,131
7161,120,140,120
7162,121,124,123
7163,122,133,119
7164,123,135,139
7165,124,126,122
7166,125,135,139
7167,126,123,152
7168,127,131,121
7169,16,120,128
7170,17,137,133
7171,18,129,141
7172,19,118,113
7173,20,117,122
7174,21,131,125
7175,22,119,120
7176,23,112,117
7177,24,118,128
7178,25,137,130
7179,26,123,129
7180,27,147,121
7181,28,128,132
7182,29,127,130
7183,30,133,108
7184,31,128,120
7185,32,136,138
7186,33,125,131
7187,34,124,144
7188,35,140,126
7189,36,138,126
7190,37,127,122
7191,38,129,109
7192,39,131,118
7193,40,111,124
7194,41,138,132
7195,42,134,120
7196,43,136,133
7197,44,122,138
7198,45,117,146
7199,46,130,135
7200,47,117,132
7201,48,131,126
7202,49,137,137
7203,50,131,137
7204,51,140,145
7205,52,126,129
7206,53,127,110
7207,54,141,133
7208,55,119,127
7209,56,129,135
7210,57,131,113
7211,58,120,126
7212,59,128,124
7213,60,119,118
7214,61,136,120
7215,62,120,139
7216,63,132,120
7217,64,123,122
7218,65,140,130
7219,66,128,123
7220,67,123,116
7221,68,119,133
7222,69,127,128
7223,70,133,137
7224,71,123,125
7225,72,123,123
7226,73,109,133
7227,74,122,127
7228,75,122,126
7229,76,131,135
7230,77,137,126
7231,78,122,123
7232,79,136,136
7233,80,129,130
7234,81,127,128
7235,82,125,131
7236,83,130,127
7237,84,138,128
7238,85,136,133
7239,86,133,130
7240,87,141,135
7241,88,116,125
7242,89,133,138
7243,90,123,128
7244,91,116,125
7245,92,143,130
7246,93,128,128
7247,94,109,133
7248,95,125,137
7249,96,136,118
7250,97,127,123
7251,98,149,127
7252,99,120,129
7253,100,138,131
7254,101,149,122
7255,102,122,122
7256,103,150,134
7257,104,117,132
7258,105,128,113
7259,106,118,129
7260,107,119,143
7261,108,124,127
7262,109,123,133
7263,110,144,130
7264,111,126,126
7265,112,122,116
7266,113,138,120
7267,114,146,124
7268,115,114,134
7269,116,124,135
7270,117,139,132
7271,118,121,135
7272,119,126,119
7273,120,133,135
7274,121,125,132
7275,122,132,125
7276,123,114,140
7277,124,127,129
7278,125,122,130
7279,126,130,122
7280,127,140,119
7281,16,129,129
7282,17,135,132
7283,18,117,118
7284,19,128,121
7285,20,112,130
7286,21,125,131
7287,22,121,135
7288,23,135,135
7289,24,115,121
7290,25,133,122
7291,26,133,137
7292,27,130,119
7293,28,132,137
7294,29,134,115
7295,30,121,120
7296,31,131,136
7297,32,134,130
7298,33,125,113
7299,34,129,138
7300,35,140,127
7301,36,135,121
7302,37,123,134
7303,38,116,140
7304,39,125,130
7305,40,130,121
7306,41,135,118
7307,42,129,135
7308,43,122,127
7309,44,120,116
7310,45,113,120
7311,46,129,133
7312,47,130,134
7313,48,146,126
7314,49,124,129
7315,50,129,143
7316,51,133,126
7317,52,123,120
7318,53,123,124
7319,54,134,121
7320,55,113,123
7321,56,150,131
7322,57,122,144
7323,58,124,134
7324,59,136,123
7325,60,133,127
7326,61,134,143
7327,62,123,128
7328,63,150,136
7329,64,123,145
7330,65,141,112
7331,66,126,117
7332,67,126,128
7333,68,148,126
7334,69,112,138
7335,70,131,125
7336,71,132,129
7337,72,127,128
7338,73,113,118
7339,74,127,127
7340,75,125,117
7341,76,128,132
7342,77,129,136
7343,78,129,134
7344,79,137,139
7345,80,129,142
7346,81,130,132
7347,82,125,131
7348,83,123,134
7349,84,121,132
7350,85,133,132
7351,86,135,114
7352,87,132,138
7353,88,132,130
7354,89,130,138
7355,90,144,121
7356,91,136,118
7357,92,123,128
7358,93,132,134
7359,94,136,119
7360,95,132,122
7361,96,133,118
7362,97,125,140
7363,98,125,130
7364,99,127,135
7365,100,127,108
7366,101,119,113
7367,102,123,131
7368,103,122,116
7369,104,137,126
7370,105,118,128
7371,106,144,123
7372,107,127,133
7373,108,121,132
7374,109,119,136
7375,110,129,130
7376,111,132,123
7377,112,133,133
7378,113,123,127
7379,114,128,125
7380,115,129,122
7381,116,121,123
7382,117,122,141
7383,118,132,126
7384,119,127,140
7385,120,142,124
7386,121,122,125
7387,122,124,131
7388,123,124,130
7389,124,130,135
7390,125,142,131
7391,126,120,132
7392,127,121,108
7393,16,134,133
7394,17,139,120
7395,18,117,116
7396,19,116,131
7397,20,133,132
7398,21,132,125
7399,22,113,138
7400,23,132,130
7401,24,127,119
7402,25,135,143
7403,26,132,126
7404,27,116,118
7405,28,139,138
7406,29,147,129
7407,30,120,125
7408,31,135,136
7409,32,127,129
7410,33,145,125
7411,34,140,122
7412,35,117,131
7413,36,121,126
7414,37,142,126
7415,38,130,132
7416,39,118,129
7417,40,127,146
7418,41,123,123
7419,42,126,124
7420,43,135,127
7421,44,115,134
7422,45,124,115
7423,46,123,126
7424,47,128,128
7425,48,142,123
7426,49,120,112
7427,50,137,130
7428,51,119,120
7429,52,114,128
7430,53,121,126
7431,54,129,129
7432,55,132,144
7433,56,135,131
7434,57,115,136
7435,58,128,136
7436,59,128,135
7437,60,128,129
7438,61,130,117
7439,62,119,129
7440,63,120,135
7441,64,118,119
7442,65,121,128
7443,66,111,124
7444,67,122,133
7445,68,133,130
7446,69,131,136
7447,70,126,114
7448,71,119,125
7449,72,140,124
7450,73,100,126
7451,74,126,127
7452,75,121,127
7453,76,133,141
7454,77,127,133
7455,78,122,123
7456,79,110,129
7457,80,144,126
7458,81,130,109
7459,82,118,119
7460,83,126,112
7461,84,130,112
7462,85,144,116
7463,86,117,141
7464,87,118,119
7465,88,124,109
7466,89,136,131
7467,90,130,130
7468,91,131,133
7469,92,140,123
7470,93,142,124
7471,94,125,132
7472,95,129,150
7473,96,121,108
7474,97,109,136
7475,98,131,127
7476,99,125,132
7477,100,124,136
7478,101,138,133
7479,102,130,132
7480,103,126,129
7481,104,127,137
7482,105,121,127
7483,106,136,136
7484,107,134,118
7485,108,127,126
7486,109,116,128
7487,110,125,123
7488,111,139,129
7489,112,129,124
7490,113,133,120
7491,114,130,128
7492,115,138,123
7493,116,129,134
7494,117,129,120
7495,118,138,116
7496,119,125,125
7497,120,127,116
7498,121,131,132
7499,122,128,118
7500,123,114,129
7501,124,122,132
7502,125,130,138
7503,126,138,135
7504,127,129,134
7505,16,132,107
7506,17,128,130
7507,18,118,124
7508,19,122,124
7509,20,133,140
7510,21,118,118
7511,22,124,132
7512,23,116,139
7513,24,134,116
7514,25,129,121
7515,26,132,126
7516,27,130,122
7517,28,131,121
7518,29,116,131
7519,30,136,124
7520,31,130,129
7521,32,118,133
7522,33,125,124
7523,34,127,137
7524,35,125,143
7525,36,121,146
7526,37,117,128
7527,38,134,141
7528,39,121,135
7529,40,124,137
7530,41,124,127
7531,42,124,128
7532,43,136,122
7533,44,122,119
7534,45,130,127
7535,46,131,115
7536,47,139,139
7537,48,125,130
7538,49,126,114
7539,50,122,131
7540,51,135,125
7541,52,136,124
7542,53,128,124
7543,54,117,134
7544,55,131,134
7545,56,121,140
7546,57,132,141
7547,58,132,128
7548,59,126,129
7549,60,126,133
7550,61,137,135
7551,62,130,132
7552,63,131,121
7553,64,130,125
7554,65,132,125
7555,66,112,115
7556,67,121,134
7557,68,120,114
7558,69,136,121
7559,70,134,146
7560,71,116,125
7561,72,128,118
7562,73,122,114
7563,74,119,125
7564,75,134,136
7565,76,125,121
7566,77,126,117
7567,78,138,136
7568,79,139,136
7569,80,144,144
7570,81,142,134
7571,82,131,129
7572,83,129,112
7573,84,123,119
7574,85,128,127
7575,86,129,133
7576,87,131,124
7577,88,127,125
7578,89,137,131
7579,90,140,131
7580,91,133,136
7581,92,132,135
7582,93,130,125
7583,94,139,146
7584,95,141,123
7585,96,129,123
7586,97,109,113
7587,98,128,142
7588,99,123,143
7589,100,139,124
7590,101,107,118
7591,102,132,131
7592,103,126,135
7593,104,129,139
7594,105,123,136
7595,106,131,126
7596,107,126,128
7597,108,122,138
7598,109,146,129
7599,110,124,127
7600,111,124,127
7601,112,143,128
7602,113,121,130
7603,114,129,122
7604,115,135,124
7605,116,126,117
7606,117,122,136
7607,118,126,136
7608,119,137,134
7609,120,142,123
7610,121,127,137
7611,122,148,116
7612,123,119,133
7613,124,136,125
7614,125,129,122
7615,126,130,116
7616,127,125,142
7617,16,127,125
7618,17,134,114
7619,18,138,118
7620,19,125,122
7621,20,126,121
7622,21,142,121
7623,22,132,114
7624,23,115,141
7625,24,124,121
7626,25,120,124
7627,26,129,125
7628,27,128,133
7629,28,148,118
7630,29,119,110
7631,30,134,123
7632,31,108,123
7633,32,125,128
7634,33,131,118
7635,34,117,109
7636,35,138,129
7637,36,142,144
7638,37,130,137
7639,38,143,128
7640,39,130,127
7641,40,119,119
7642,41,120,126
7643,42,139,121
7644,43,121,130
7645,44,136,126
7646,45,136,125
7647,46,138,123
7648,47,118,123
7649,48,132,120
7650,49,132,133
7651,50,122,132
7652,51,128,124
7653,52,135,120
7654,53,116,130
7655,54,131,117
7656,55,137,131
7657,56,132,126
7658,57,131,135
7659,58,135,135
7660,59,131,142
7661,60,117,133
7662,61,121,125
7663,62,126,141
7664,63,111,132
7665,64,135,108
7666,65,121,130
7667,66,125,127
7668,67,113,127
7669,68,121,119
7670,69,137,129
7671,70,117,136
7672,71,123,120
7673,72,119,129
7674,73,134,135
7675,74,127,128
7676,75,116,119
7677,76,114,131
7678,77,124,125
7679,78,115,141
7680,79,125,128
7681,80,134,133
7682,81,130,137
7683,82,131,124
7684,83,123,136
7685,84,131,115
7686,85,118,132
7687,86,133,126
7688,87,135,129
7689,88,122,121
7690,89,125,120
7691,90,142,130
7692,91,142,135
7693,92,124,124
7694,93,127,134
7695,94,143,126
7696,95,133,136
7697,96,148,133
7698,97,111,121
7699,98,128,130
7700,99,135,134
7701,100,122,141
7702,101,114,120
7703,102,134,131
7704,103,121,117
7705,104,126,119
7706,105,140,115
7707,106,139,113
7708,107,139,121
7709,108,127,124
7710,109,124,125
7711,110,133,127
7712,111,143,130
7713,112,130,141
7714,113,127,119
7715,114,126,137
7716,115,126,121
7717,116,122,121
7718,117,118,118
7719,118,130,125
7720,119,144,119
7721,120,129,125
7722,121,135,125
7723,122,129,130
7724,123,129,121
7725,124,133,120
7726,125,118,116
7727,126,148,128
7728,127,125,133
7729,16,131,117
7730,17,121,116
7731,18,137,108
7732,19,121,128
7733,20,135,122
7734,21,131,122
7735,22,140,123
7736,23,143,120
7737,24,124,132
7738,25,126,134
7739,26,122,129
7740,27,127,138
7741,28,116,136
7742,29,130,120
7743,30,121,130
7744,31,132,123
7745,32,128,124
7746,33,128,136
7747,34,133,130
7748,35,136,141
7749,36,137,127
7750,37,137,130
7751,38,115,128
7752,39,136,119
7753,40,131,134
7754,41,117,140
7755,42,119,147
7756,43,145,132
7757,44,142,127
7758,45,135,117
7759,46,126,122
7760,47,119,130
7761,48,123,136
7762,49,120,125
7763,50,135,138
7764,51,116,129
7765,52,118,115
7766,53,137,103
7767,54,122,121
7768,55,120,120
7769,56,127,119
7770,57,128,112
7771,58,120,124
7772,59,126,123
7773,60,129,125
7774,61,130,128
7775,62,121,125
7776,63,139,149
7777,64,134,107
7778,65,116,121
7779,66,131,137
7780,67,124,123
7781,68,127,125
7782,69,128,125
7783,70,129,124
7784,71,142,123
7785,72,124,123
7786,73,115,128
7787,74,118,124
7788,75,122,124
7789,76,122,115
7790,77,140,124
7791,78,150,126
7792,79,126,132
7793,80,108,130
7794,81,139,138
7795,82,116,121
7796,83,125,123
7797,84,126,135
7798,85,130,128
7799,86,128,126
7800,87,126,149
7801,88,132,145
7802,89,136,118
7803,90,139,128
7804,91,122,131
7805,92,131,129
7806,93,131,128
7807,94,133,128
7808,95,136,131
7809,96,123,122
7810,97,132,117
7811,98,142,125
7812,99,126,136
7813,100,120,150
7814,101,135,113
7815,102,129,123
7816,103,122,128
7817,104,131,128
7818,105,129,135
7819,106,132,132
7820,107,111,123
7821,108,125,131
7822,109,131,135
7823,110,114,132
7824,111,135,140
7825,112,118,128
7826,113,124,147
7827,114,122,123
7828,115,123,134
7829,116,141,133
7830,117,124,115
7831,118,125,117
7832,119,124,135
7833,120,117,127
7834,121,131,138
7835,122,118,126
7836,123,120,131
7837,124,118,130
7838,125,131,134
7839,126,129,125
7840,127,130,124
7841,16,122,121
7842,17,131,128
7843,18,144,117
7844,19,125,140
7845,20,127,123
7846,21,119,132
7847,22,132,134
7848,23,134,147
7849,24,133,141
7850,25,137,126
7851,26,124,129
7852,27,123,135
7853,28,133,123
7854,29,129,122
7855,30,126,128
7856,31,129,133
7857,32,114,137
7858,33,125,138
7859,34,125,135
7860,35,121,134
7861,36,118,143
7862,37,135,130
7863,38,131,131
7864,39,140,127
7865,40,128,126
7866,41,127,122
7867,42,134,127
7868,43,135,134
7869,44,122,122
7870,45,121,123
7871,46,121,112
7872,47,137,130
7873,48,125,133
7874,49,129,134
7875,50,131,131
7876,51,114,129
7877,52,129,139
7878,53,136,121
7879,54,126,133
7880,55,129,132
7881,56,130,127
7882,57,125,119
7883,58,117,127
7884,59,120,124
7885,60,129,123
7886,61,139,138
7887,62,126,128
7888,63,136,132
7889,64,133,123
7890,65,115,114
7891,66,136,137
7892,67,135,136
7893,68,130,130
7894,69,141,134
7895,70,125,134
7896,71,128,127
7897,72,143,142
7898,73,110,116
7899,74,128,134
7900,75,133,127
7901,76,130,117
7902,77,116,126
7903,78,119,117
7904,79,129,127
7905,80,124,132
7906,81,129,129
7907,82,127,133
7908,83,128,123
7909,84,129,140
7910,85,126,131
7911,86,114,115
7912,87,116,130
7913,88,115,122
7914,89,119,127
7915,90,132,124
7916,91,135,142
7917,92,117,107
7918,93,131,136
7919,94,128,128
7920,95,127,121
7921,96,132,129
7922,97,136,153
7923,98,141,123
7924,99,135,131
7925,100,136,124
7926,101,117,126
7927,102,128,152
7928,103,134,133
7929,104,140,127
7930,105,133,115
7931,106,115,121
7932,107,124,132
7933,108,122,128
7934,109,126,121
7935,110,122,136
7936,111,120,126
7937,112,117,128
7938,113,133,133
7939,114,130,128
7940,115,123,133
7941,116,132,123
7942,117,130,133
7943,118,134,130
7944,119,130,146
7945,120,119,143
7946,121,113,130
7947,122,118,143
7948,123,138,130
7949,124,132,113
7950,125,136,124
7951,126,147,122
7952,127,121,136
7953,16,142,128
7954,17,129,128
7955,18,122,133
7956,19,126,130
7957,20,129,100
7958,21,120,125
7959,22,139,123
7960,23,124,141
7961,24,119,130
7962,25,126,136
7963,26,123,149
7964,27,111,132
7965,28,140,140
7966,29,136,141
7967,30,134,128
7968,31,126,144
7969,32,118,128
7970,33,129,121
7971,34,132,132
7972,35,126,127
7973,36,116,130
7974,37,129,131
7975,38,126,129
7976,39,134,121
7977,40,128,131
7978,41,137,128
7979,42,145,115
7980,43,116,133
7981,44,136,128
7982,45,129,130
7983,46,128,145
7984,47,145,123
7985,48,132,123
7986,49,131,123
7987,50,117,122
7988,51,130,123
7989,52,106,127
7990,53,123,120
7991,54,137,142
7992,55,132,128
7993,56,139,127
7994,57,122,133
7995,58,138,122
7996,59,124,136
7997,60,142,117
7998,61,127,134
7999,62,126,139
8000,63,139,116
8001,64,134,135
8002,65,136,137
8003,66,142,113
8004,67,123,123
8005,68,129,132
8006,69,133,135
8007,70,129,124
8008,71,136,133
8009,72,132,128
8010,73,127,122
8011,74,128,138
8012,75,112,125
8013,76,119,125
8014,77,122,136
8015,78,132,124
8016,79,132,133
8017,80,124,129
8018,81,130,115
8019,82,122,130
8020,83,124,134
8021,84,112,135
8022,85,130,129
8023,86,114,129
8024,87,134,135
8025,88,124,131
8026,89,130,137
8027,90,127,129
8028,91,123,137
8029,92,144,124
8030,93,120,130
8031,94,110,137
8032,95,119,136
8033,96,128,136
8034,97,120,130
8035,98,123,117
8036,99,118,135
8037,100,121,114
8038,101,133,134
8039,102,124,125
8040,103,129,135
8041,104,126,126
8042,105,123,131
8043,106,140,135
8044,107,138,113
8045,108,116,126
8046,109,115,120
8047,110,123,122
8048,111,132,126
8049,112,132,128
8050,113,139,121
8051,114,129,139
8052,115,131,129
8053,116,124,131
8054,117,133,134
8055,118,140,121
8056,119,124,121
8057,120,130,123
8058,121,123,125
8059,122,115,135
8060,123,118,128
8061,124,136,140
8062,125,132,129
8063,126,104,111
8064,127,145,119
8065,16,119,104
8066,17,117,126
8067,18,112,124
8068,19,135,147
8069,20,124,137
8070,21,135,125
8071,22,135,130
8072,23,130,127
8073,24,136,123
8074,25,122,141
8075,26,116,130
8076,27,124,132
8077,28,147,138
8078,29,131,122
8079,30,135,136
8080,31,139,128
8081,32,129,138
8082,33,120,115
8083,34,137,140
8084,35,116,128
8085,36,119,127
8086,37,120,125
8087,38,145,130
8088,39,135,123
8089,40,129,134
8090,41,119,132
8091,42,128,145
8092,43,133,133
8093,44,125,123
8094,45,122,129
8095,46,133,152
8096,47,127,124
8097,48,118,125
8098,49,126,116
8099,50,140,128
8100,51,120,134
8101,52,129,132
8102,53,123,121
8103,54,137,117
8104,55,135,128
8105,56,129,136
8106,57,118,127
8107,58,123,123
8108,59,134,132
8109,60,122,139
8110,61,116,127
8111,62,132,124
8112,63,127,136
8113,64,124,142
8114,65,127,135
8115,66,132,120
8116,67,135,136
8117,68,117,140
8118,69,115,124
8119,70,127,125
8120,71,124,121
8121,72,143,121
8122,73,135,136
8123,74,145,125
8124,75,143,114
8125,76,134,129
8126,77,140,125
8127,78,137,122
8128,79,137,128
8129,80,122,119
8130,81,140,136
8131,82,128,117
8132,83,121,139
8133,84,135,133
8134,85,120,133
8135,86,122,119
8136,87,111,144
8137,88,116,125
8138,89,132,128
8139,90,135,120
8140,91,118,124
8141,92,134,116
8142,93,133,124
8143,94,128,123
8144,95,124,131
8145,96,116,128
8146,97,120,124
8147,98,120,125
8148,99,131,124
8149,100,124,119
8150,101,121,122
8151,102,119,142
8152,103,126,131
8153,104,128,109
8154,105,119,123
8155,106,144,129
8156,107,123,137
8157,108,142,132
8158,109,136,138
8159,110,122,128
8160,111,143,138
8161,112,121,123
8162,113,125,133
8163,114,132,130
8164,115,112,125
8165,116,134,130
8166,117,120,127
8167,118,120,140
8168,119,116,128
8169,120,134,121
8170,121,120,125
8171,122,131,131
8172,123,123,141
8173,124,127,129
8174,125,130,138
8175,126,124,147
8176,127,134,127
8177,16,145,126
8178,17,118,127
8179,18,129,115
8180,19,129,143
8181,20,118,134
8182,21,121,109
8183,22,125,120
8184,23,134,132
8185,24,133,127
8186,25,124,126
8187,26,140,130
8188,27,131,118
8189,28,137,127
8190,29,126,115
8191,30,133,133
8192,31,128,111
8193,32,127,127
8194,33,139,136
8195,34,134,119
8196,35,127,133
8197,36,124,123
8198,37,112,119
8199,38,134,142
8200,39,133,138
8201,40,121,128
8202,41,120,126
8203,42,137,125
8204,43,128,121
8205,44,135,133
8206,45,122,127
8207,46,128,129
8208,47,126,118
8209,48,128,115
8210,49,134,141
8211,50,139,119
8212,51,133,127
8213,52,136,123
8214,53,127,138
8215,54,144,132
8216,55,125,137
8217,56,114,132
8218,57,122,139
8219,58,128,136
8220,59,115,126
8221,60,119,134
8222,61,117,123
8223,62,111,124
8224,63,130,130
8225,64,136,125
8226,65,120,147
8227,66,126,118
8228,67,122,139
8229,68,123,131
8230,69,126,128
8231,70,126,129
8232,71,139,113
8233,72,119,126
8234,73,122,118
8235,74,134,117
8236,75,146,126
8237,76,115,122
8238,77,131,138
8239,78,133,119
8240,79,141,128
8241,80,120,126
8242,81,133,129
8243,82,127,124
8244,83,122,128
8245,84,123,130
8246,85,124,124
8247,86,126,125
8248,87,118,129
8249,88,123,135
8250,89,127,139
8251,90,127,134
8252,91,122,139
8253,92,127,123
8254,93,126,129
8255,94,138,124
8256,95,123,130
8257,96,145,136
8258,97,128,123
8259,98,114,127
8260,99,135,123
8261,100,131,115
8262,101,121,143
8263,102,124,128
8264,103,120,135
8265,104,126,130
8266,105,117,120
8267,106,121,125
8268,107,137,135
8269,108,128,125
8270,109,126,124
8271,110,118,126
8272,111,112,141
8273,112,118,117
8274,113,129,126
8275,114,121,143
8276,115,123,137
8277,116,124,134
8278,117,127,114
8279,118,126,132
8280,119,136,136
8281,120,116,112
8282,121,134,135
8283,122,126,130
8284,123,136,135
8285,124,133,124
8286,125,128,122
8287,126,135,124
8288,127,120,126
8289,16,130,128
8290,17,127,133
8291,18,123,133
8292,19,126,132
8293,20,137,137
8294,21,138,119
8295,22,143,122
8296,23,132,117
8297,24,134,124
8298,25,131,134
8299,26,134,118
8300,27,121,131
8301,28,127,121
8302,29,118,113
8303,30,133,131
8304,31,125,116
8305,32,129,113
8306,33,132,135
8307,34,136,119
8308,35,143,132
8309,36,139,134
8310,37,129,132
8311,38,123,122
8312,39,128,123
8313,40,121,125
8314,41,126,131
8315,42,126,120
8316,43,128,134
8317,44,121,120
8318,45,116,128
8319,46,130,136
8320,47,130,126
8321,48,126,114
8322,49,122,119
8323,50,121,123
8324,51,116,121
8325,52,131,126
8326,53,121,129
8327,54,108,120
8328,55,132,122
8329,56,129,134
8330,57,116,131
8331,58,120,125
8332,59,139,132
8333,60,120,128
8334,61,121,126
8335,62,135,128
8336,63,126,126
8337,64,134,124
8338,65,122,131
8339,66,136,126
8340,67,111,125
8341,68,122,132
8342,69,148,124
8343,70,132,131
8344,71,123,122
8345,72,127,148
8346,73,133,116
8347,74,125,116
8348,75,129,131
8349,76,138,137
8350,77,121,129
8351,78,119,127
8352,79,136,134
8353,80,128,134
8354,81,127,127
8355,82,117,129
8356,83,133,127
8357,84,137,129
8358,85,125,130
8359,86,131,106
8360,87,137,138
8361,88,133,131
8362,89,132,129
8363,90,127,137
8364,91,126,123
8365,92,118,137
8366,93,121,118
8367,94,119,115
8368,95,118,139
8369,96,135,132
8370,97,134,120
8371,98,133,135
8372,99,121,118
8373,100,117,128
8374,101,115,122
8375,102,120,123
8376,103,124,124
8377,104,123,130
8378,105,135,128
8379,106,128,124
8380,107,122,148
8381,108,134,122
8382,109,116,118
8383,110,146,131
8384,111,124,129
8385,112,121,128
8386,113,135,127
8387,114,120,139
8388,115,133,128
8389,116,146,125
8390,117,117,123
8391,118,141,131
8392,119,122,132
8393,120,125,134
8394,121,130,122
8395,122,134,140
8396,123,127,122
8397,124,136,120
8398,125,131,130
8399,126,132,118
8400,127,139,142
8401,16,123,119
8402,17,129,129
8403,18,128,135
8404,19,121,114
8405,20,125,135
8406,21,133,129
8407,22,138,135
8408,23,123,129
8409,24,118,132
8410,25,130,134
8411,26,133,126
8412,27,137,137
8413,28,129,129
8414,29,126,135
8415,30,113,131
8416,31,134,130
8417,32,128,142
8418,33,128,123
8419,34,139,138
8420,35,127,127
8421,36,131,122
8422,37,128,130
8423,38,127,126
8424,39,126,132
8425,40,116,121
8426,41,126,127
8427,42,124,124
8428,43,124,128
8429,44,123,141
8430,45,131,119
8431,46,133,121
8432,47,125,129
8433,48,134,136
8434,49,128,117
8435,50,137,129
8436,51,139,131
8437,52,130,137
8438,53,135,137
8439,54,122,127
8440,55,144,134
8441,56,126,122
8442,57,127,130
8443,58,131,125
8444,59,119,124
8445,60,124,133
8446,61,115,125
8447,62,111,136
8448,63,128,133
8449,64,144,130
8450,65,126,134
8451,66,136,115
8452,67,151,137
8453,68,126,130
8454,69,120,117
8455,70,117,136
8456,71,130,122
8457,72,145,112
8458,73,139,118
8459,74,117,123
8460,75,118,130
8461,76,129,126
8462,77,138,120
8463,78,123,130
8464,79,128,119
8465,80,122,141
8466,81,122,128
8467,82,113,118
8468,83,116,130
8469,84,126,109
8470,85,122,119
8471,86,121,117
8472,87,127,145
8473,88,135,131
8474,89,133,126
8475,90,128,131
8476,91,149,118
8477,92,120,126
8478,93,129,136
8479,94,140,113
8480,95,124,121
8481,96,134,122
8482,97,145,135
8483,98,118,124
8484,99,125,122
8485,100,132,134
8486,101,129,124
8487,102,125,114
8488,103,122,121
8489,104,117,130
8490,105,138,124
8491,106,132,113
8492,107,126,143
8493,108,122,113
8494,109,126,128
8495,110,129,116
8496,111,120,141
8497,112,124,127
8498,113,125,113
8499,114,137,121
8500,115,112,115
8501,116,129,134
8502,117,144,130
8503,118,111,133
8504,119,136,118
8505,120,139,112
8506,121,135,116
8507,122,126,140
8508,123,117,116
8509,124,125,137
8510,125,135,138
8511,126,132,136
8512,127,119,115
8513,16,129,136
8514,17,119,116
8515,18,143,136
8516,19,129,138
8517,20,114,132
8518,21,122,131
8519,22,124,125
8520,23,108,119
8521,24,132,125
8522,25,137,127
8523,26,135,123
8524,27,125,126
8525,28,123,124
8526,29,131,135
8527,30,129,123
8528,31,118,142
8529,32,126,133
8530,33,129,134
8531,34,120,120
8532,35,124,131
8533,36,127,133
8534,37,117,125
8535,38,145,124
8536,39,120,131
8537,40,115,127
8538,41,139,131
8539,42,128,130
8540,43,126,126
8541,44,113,124
8542,45,116,133
8543,46,124,121
8544,47,131,133
8545,48,130,124
8546,49,142,133
8547,50,137,125
8548,51,135,127
8549,52,121,143
8550,53,110,140
8551,54,129,129
8552,55,133,123
8553,56,134,125
8554,57,134,105
8555,58,134,124
8556,59,130,130
8557,60,129,132
8558,61,115,128
8559,62,117,124
8560,63,137,133
8561,64,138,111
8562,65,132,128
8563,66,133,127
8564,67,131,127
8565,68,142,126
8566,69,133,128
8567,70,136,141
8568,71,121,131
8569,72,137,124
8570,73,137,118
8571,74,128,124
8572,75,120,128
8573,76,119,124
8574,77,120,137
8575,78,111,124
8576,79,120,129
8577,80,121,124
8578,81,126,139
8579,82,125,116
8580,83,120,130
8581,84,126,134
8582,85,123,121
8583,86,142,136
8584,87,136,142
8585,88,129,140
8586,89,137,125
8587,90,129,122
8588,91,139,143
8589,92,138,126
8590,93,133,136
8591,94,115,118
8592,95,115,139
8593,96,123,138
8594,97,113,141
8595,98,120,128
8596,99,137,114
8597,100,141,131
8598,101,122,131
8599,102,134,138
8600,103,127,137
8601,104,131,117
8602,105,129,124
8603,106,120,133
8604,107,131,144
8605,108,123,148
8606,109,130,151
8607,110,126,122
8608,111,126,128
8609,112,125,126
8610,113,128,114
8611,114,140,115
8612,115,124,140
8613,116,119,126
8614,117,132,118
8615,118,119,125
8616,119,111,130
8617,120,121,115
8618,121,134,122
8619,122,136,128
8620,123,135,120
8621,124,126,126
8622,125,128,137
8623,126,136,130
8624,127,122,138
8625,16,126,130
8626,17,132,139
8627,18,119,130
8628,19,118,131
8629,20,148,141
8630,21,126,108
8631,22,129,123
8632,23,116,134
8633,24,118,131
8634,25,124,124
8635,26,136,114
8636,27,126,126
8637,28,123,114
8638,29,133,135
8639,30,129,130
8640,31,138,143
8641,32,123,125
8642,33,117,136
8643,34,127,117
8644,35,136,123
8645,36,111,117
8646,37,124,136
8647,38,138,130
8648,39,126,129
8649,40,129,134
8650,41,117,132
8651,42,134,125
8652,43,116,119
8653,44,127,125
8654,45,139,134
8655,46,138,130
8656,47,114,131
8657,48,130,130
8658,49,128,111
8659,50,135,149
8660,51,137,130
8661,52,128,129
8662,53,131,149
8663,54,141,135
8664,55,127,142
8665,56,125,132
8666,57,125,115
8667,58,145,125
8668,59,138,132
8669,60,122,125
8670,61,133,130
8671,62,138,116
8672,63,129,138
8673,64,141,125
8674,65,132,128
8675,66,143,140
8676,67,126,137
8677,68,119,134
8678,69,131,115
8679,70,130,123
8680,71,128,129
8681,72,123,123
8682,73,135,128
8683,74,118,132
8684,75,123,136
8685,76,120,120
8686,77,129,131
8687,78,133,138
8688,79,122,121
8689,80,121,110
8690,81,119,127
8691,82,135,129
8692,83,138,118
8693,84,129,126
8694,85,148,126
8695,86,134,135
8696,87,127,124
8697,88,134,123
8698,89,132,123
8699,90,139,132
8700,91,142,126
8701,92,140,132
8702,93,111,130
8703,94,126,127
8704,95,124,116
8705,96,116,114
8706,97,144,138
8707,98,129,123
8708,99,135,128
8709,100,125,128
8710,101,118,131
8711,102,135,128
8712,103,114,130
8713,104,117,125
8714,105,117,130
8715,106,132,128
8716,107,135,127
8717,108,141,126
8718,109,136,137
8719,110,135,128
8720,111,132,117
8721,112,135,118
8722,113,131,136
8723,114,131,121
8724,115,124,114
8725,116,137,117
8726,117,132,137
8727,118,131,138
8728,119,128,133
8729,120,129,118
8730,121,122,130
8731,122,121,132
8732,123,119,139
8733,124,138,127
8734,125,136,122
8735,126,133,127
8736,127,124,121
8737,16,126,130
8738,17,131,134
8739,18,140,121
8740,19,131,125
8741,20,120,142
8742,21,121,130
8743,22,119,130
8744,23,131,127
8745,24,120,127
8746,25,135,124
8747,26,132,119
8748,27,147,127
8749,28,123,124
8750,29,129,127
8751,30,134,116
8752,31,130,127
8753,32,122,134
8754,33,135,112
8755,34,116,134
8756,35,131,115
8757,36,134,116
8758,37,120,136
8759,38,129,124
8760,39,125,130
8761,40,130,117
8762,41,128,130
8763,42,125,130
8764,43,147,132
8765,44,131,124
8766,45,129,125
8767,46,119,132
8768,47,122,126
8769,48,128,131
8770,49,140,128
8771,50,128,128
8772,51,143,139
8773,52,116,134
8774,53,133,139
8775,54,132,122
8776,55,113,125
8777,56,125,117
8778,57,129,106
8779,58,122,132
8780,59,131,148
8781,60,103,116
8782,61,118,116
8783,62,132,134
8784,63,129,119
8785,64,126,131
8786,65,128,138
8787,66,117,133
8788,67,131,122
8789,68,137,124
8790,69,141,137
8791,70,136,127
8792,71,124,128
8793,72,149,117
8794,73,107,133
8795,74,123,141
8796,75,130,148
8797,76,140,124
8798,77,136,120
8799,78,133,123
8800,79,136,128
8801,80,126,140
8802,81,121,121
8803,82,126,127
8804,83,122,125
8805,84,129,126
8806,85,126,116
8807,86,128,130
8808,87,126,124
8809,88,132,118
8810,89,125,120
8811,90,131,132
8812,91,126,140
8813,92,128,124
8814,93,128,137
8815,94,123,134
8816,95,116,126
8817,96,143,129
8818,97,130,132
8819,98,120,124
8820,99,134,133
8821,100,137,133
8822,101,122,128
8823,102,116,129
8824,103,118,115
8825,104,115,132
8826,105,116,134
8827,106,129,125
8828,107,124,129
8829,108,134,142
8830,109,118,129
8831,110,129,128
8832,111,125,130
8833,112,132,136
8834,113,130,134
8835,114,132,150
8836,115,126,125
8837,116,132,128
8838,117,119,127
8839,118,125,127
8840,119,127,129
8841,120,128,120
8842,121,124,122
8843,122,140,112
8844,123,121,138
8845,124,134,127
8846,125,134,133
8847,126,139,126
8848,127,131,130
8849,16,136,128
8850,17,142,136
8851,18,131,131
8852,19,133,140
8853,20,132,127
8854,21,132,129
8855,22,133,132
8856,23,133,119
8857,24,135,120
8858,25,133,125
8859,26,144,130
8860,27,127,132
8861,28,136,127
8862,29,137,135
8863,30,131,130
8864,31,122,115
8865,32,136,126
8866,33,130,136
8867,34,131,126
8868,35,126,137
8869,36,124,140
8870,37,117,122
8871,38,132,148
8872,39,120,115
8873,40,131,122
8874,41,129,141
8875,42,120,130
8876,43,111,118
8877,44,120,132
8878,45,131,132
8879,46,118,122
8880,47,120,126
8881,48,132,139
8882,49,138,129
8883,50,99,114
8884,51,125,136
8885,52,127,129
8886,53,133,115
8887,54,115,126
8888,55,109,126
8889,56,118,135
8890,57,133,122
8891,58,130,123
8892,59,126,113
8893,60,119,127
8894,61,131,134
8895,62,135,141
8896,63,128,129
8897,64,160,127
8898,65,124,135
8899,66,126,119
8900,67,128,127
8901,68,120,140
8902,69,129,123
8903,70,137,128
8904,71,127,118
8905,72,135,131
8906,73,129,124
8907,74,128,126
8908,75,120,126
8909,76,138,130
8910,77,145,129
8911,78,131,127
8912,79,132,121
8913,80,108,126
8914,81,123,124
8915,82,122,127
8916,83,119,135
8917,84,134,124
8918,85,118,114
8919,86,127,125
8920,87,123,133
8921,88,142,130
8922,89,127,137
8923,90,124,133
8924,91,138,132
8925,92,128,132
8926,93,120,129
8927,94,124,127
8928,95,131,115
8929,96,135,142
8930,97,120,126
8931,98,124,146
8932,99,123,125
8933,100,132,116
8934,101,138,138
8935,102,129,126
8936,103,127,130
8937,104,123,139
8938,105,135,125
8939,106,131,126
8940,107,132,129
8941,108,127,125
8942,109,135,125
8943,110,135,122
8944,111,113,124
8945,112,118,128
8946,113,122,126
8947,114,134,127
8948,115,140,121
8949,116,134,129
8950,117,127,131
8951,118,120,123
8952,119,133,129
8953,120,135,123
8954,121,125,134
8955,122,124,132
8956,123,126,127
8957,124,130,128
8958,125,138,143
8959,126,134,137
8960,127,127,119
8961,16,131,132
8962,17,126,126
8963,18,137,125
8964,19,134,118
8965,20,132,125
8966,21,123,120
8967,22,127,134
8968,23,124,133
8969,24,129,133
8970,25,129,123
8971,26,117,127
8972,27,120,124
8973,28,130,113
8974,29,132,126
8975,30,124,130
8976,31,128,125
8977,32,124,132
8978,33,117,137
8979,34,123,124
8980,35,124,123
8981,36,127,135
8982,37,135,123
8983,38,107,126
8984,39,136,130
8985,40,133,135
8986,41,119,121
8987,42,132,132
8988,43,145,126
8989,44,126,137
8990,45,130,130
8991,46,131,130
8992,47,131,129
8993,48,109,140
8994,49,133,122
8995,50,128,139
8996,51,135,129
8997,52,123,124
8998,53,119,152
8999,54,130,134
9000,55,124,135
9001,56,110,117
9002,57,124,146
9003,58,136,125
9004,59,128,123
9005,60,131,129
9006,61,133,117
9007,62,130,130
9008,63,121,129
9009,64,133,127
9010,65,120,138
9011,66,131,119
9012,67,124,127
9013,68,134,129
9014,69,136,119
9015,70,118,118
9016,71,135,126
9017,72,122,132
9018,73,128,138
9019,74,142,127
9020,75,120,120
9021,76,131,143
9022,77,126,134
9023,78,110,115
9024,79,130,127
9025,80,124,117
9026,81,118,108
9027,82,121,131
9028,83,131,126
9029,84,126,133
9030,85,129,119
9031,86,133,140
9032,87,127,147
9033,88,124,135
9034,89,124,134
9035,90,129,136
9036,91,131,126
9037,92,123,113
9038,93,116,123
9039,94,121,115
9040,95,120,142
9041,96,132,134
9042,97,121,131
9043,98,140,141
9044,99,134,125
9045,100,116,120
9046,101,136,120
9047,102,126,118
9048,103,129,124
9049,104,130,127
9050,105,125,147
9051,106,136,119
9052,107,135,118
9053,108,130,131
9054,109,121,129
9055,110,130,124
9056,111,127,114
9057,112,111,138
9058,113,133,133
9059,114,122,143
9060,115,136,122
9061,116,130,123
9062,117,118,137
9063,118,133,136
9064,119,134,116
9065,120,134,123
9066,121,135,131
9067,122,113,125
9068,123,132,127
9069,124,137,125
9070,125,130,131
9071,126,127,132
9072,127,133,128
9073,16,116,137
9074,17,128,127
9075,18,122,134
9076,19,123,124
9077,20,136,135
9078,21,129,123
9079,22,126,127
9080,23,138,146
9081,24,123,124
9082,25,120,126
9083,26,114,124
9084,27,135,125
9085,28,129,121
9086,29,138,143
9087,30,125,132
9088,31,133,120
9089,32,119,127
9090,33,122,143
9091,34,120,127
9092,35,139,130
9093,36,131,121
9094,37,114,130
9095,38,122,124
9096,39,121,127
9097,40,135,149
9098,41,126,133
9099,42,129,135
9100,43,124,123
9101,44,136,125
9102,45,136,133
9103,46,137,121
9104,47,114,136
9105,48,132,129
9106,49,125,128
9107,50,128,117
9108,51,128,121
9109,52,133,125
9110,53,129,143
9111,54,134,137
9112,55,115,126
9113,56,143,123
9114,57,124,123
9115,58,143,126
9116,59,118,134
9117,60,115,129
9118,61,132,130
9119,62,134,122
9120,63,132,132
9121,64,133,107
9122,65,126,126
9123,66,119,125
9124,67,127,122
9125,68,125,132
9126,69,129,119
9127,70,121,121
9128,71,129,127
9129,72,127,139
9130,73,131,132
9131,74,131,143
9132,75,124,124
9133,76,134,133
9134,77,131,139
9135,78,131,120
9136,79,124,121
9137,80,123,118
9138,81,136,125
9139,82,143,124
9140,83,118,118
9141,84,129,119
9142,85,115,136
9143,86,123,127
9144,87,123,150
9145,88,115,138
9146,89,127,131
9147,90,130,132
9148,91,141,129
9149,92,152,112
9150,93,124,139
9151,94,125,137
9152,95,126,138
9153,96,128,109
9154,97,137,120
9155,98,114,142
9156,99,126,144
9157,100,122,127
9158,101,135,132
9159,102,144,133
9160,103,135,126
9161,104,121,124
9162,105,120,129
9163,106,122,128
9164,107,125,129
9165,108,151,132
9166,109,130,134
9167,110,133,123
9168,111,133,136
9169,112,129,128
9170,113,123,124
9171,114,134,131
9172,115,133,130
9173,116,135,125
9174,117,132,122
9175,118,133,135
9176,119,133,120
9177,120,135,135
9178,121,126,139
9179,122,146,132
9180,123,127,124
9181,124,126,120
9182,125,138,125
9183,126,115,112
9184,127,120,120
9185,16,119,137
9186,17,127,129
9187,18,115,125
9188,19,116,138
9189,20,133,122
9190,21,139,132
9191,22,118,138
9192,23,112,122
9193,24,119,120
9194,25,129,122
9195,26,125,135
9196,27,118,121
9197,28,122,127
9198,29,135,144
9199,30,125,137
9200,31,141,117
9201,32,131,123
9202,33,137,121
9203,34,142,134
9204,35,134,126
9205,36,129,143
9206,37,127,121
9207,38,136,138
9208,39,123,126
9209,40,122,135
9210,41,129,122
9211,42,122,126
9212,43,119,138
9213,44,130,133
9214,45,126,124
9215,46,119,125
9216,47,128,127
9217,48,117,134
9218,49,123,131
9219,50,122,123
9220,51,117,137
9221,52,126,124
9222,53,121,141
9223,54,107,121
9224,55,120,131
9225,56,121,118
9226,57,127,116
9227,58,130,143
9228,59,130,123
9229,60,131,116
9230,61,124,125
9231,62,135,131
9232,63,134,123
9233,64,134,138
9234,65,120,124
9235,66,148,126
9236,67,131,123
9237,68,123,132
9238,69,125,131
9239,70,123,123
9240,71,131,130
9241,72,123,124
9242,73,120,129
9243,74,142,131
9244,75,135,118
9245,76,121,127
9246,77,135,121
9247,78,127,137
9248,79,129,134
9249,80,141,125
9250,81,109,126
9251,82,132,136
9252,83,121,133
9253,84,128,121
9254,85,135,125
9255,86,117,131
9256,87,124,105
9257,88,112,128
9258,89,133,122
9259,90,139,137
9260,91,117,134
9261,92,137,116
9262,93,134,131
9263,94,138,126
9264,95,135,128
9265,96,133,123
9266,97,129,121
9267,98,128,142
9268,99,127,126
9269,100,143,118
9270,101,120,129
9271,102,127,118
9272,103,125,136
9273,104,134,141
9274,105,126,120
9275,106,126,119
9276,107,129,122
9277,108,127,115
9278,109,122,131
9279,110,130,130
9280,111,131,126
9281,112,125,138
9282,113,131,124
9283,114,122,151
9284,115,129,113
9285,116,124,133
9286,117,127,115
9287,118,116,136
9288,119,136,136
9289,120,130,136
9290,121,126,134
9291,122,130,145
9292,123,131,138
9293,124,129,134
9294,125,123,130
9295,126,126,139
9296,127,121,131
9297,16,135,127
9298,17,122,141
9299,18,135,131
9300,19,129,132
9301,20,125,134
9302,21,129,143
9303,22,124,125
9304,23,141,121
9305,24,123,127
9306,25,138,125
9307,26,132,131
9308,27,120,115
9309,28,123,124
9310,29,123,132
9311,30,124,127
9312,31,129,136
9313,32,126,129
9314,33,126,146
9315,34,136,131
9316,35,118,124
9317,36,112,133
9318,37,124,133
9319,38,133,133
9320,39,132,134
9321,40,122,129
9322,41,130,112
9323,42,130,129
9324,43,134,128
9325,44,124,127
9326,45,130,136
9327,46,118,136
9328,47,128,129
9329,48,135,146
9330,49,129,118
9331,50,133,126
9332,51,124,121
9333,52,126,124
9334,53,117,131
9335,54,125,125
9336,55,122,132
9337,56,115,140
9338,57,128,128
9339,58,128,133
9340,59,122,129
9341,60,111,129
9342,61,116,130
9343,62,117,136
9344,63,115,117
9345,64,127,132
9346,65,133,134
9347,66,139,131
9348,67,130,116
9349,68,123,133
9350,69,133,124
9351,70,124,114
9352,71,120,117
9353,72,129,120
9354,73,126,124
9355,74,123,141
9356,75,134,127
9357,76,129,126
9358,77,128,134
9359,78,129,129
9360,79,130,129
9361,80,134,113
9362,81,127,128
9363,82,129,131
9364,83,120,122
9365,84,120,138
9366,85,123,135
9367,86,129,127
9368,87,138,128
9369,88,133,136
9370,89,128,125
9371,90,131,124
9372,91,125,123
9373,92,114,124
9374,93,129,143
9375,94,123,125
9376,95,123,130
9377,96,125,132
9378,97,122,132
9379,98,128,109
9380,99,131,128
9381,100,133,126
9382,101,113,139
9383,102,120,142
9384,103,129,139
9385,104,126,129
9386,105,129,121
9387,106,131,127
9388,107,125,110
9389,108,117,128
9390,109,107,130
9391,110,123,126
9392,111,128,117
9393,112,129,136
9394,113,121,130
9395,114,119,110
9396,115,125,124
9397,116,124,119
9398,117,125,126
9399,118,123,125
9400,119,126,123
9401,120,123,117
9402,121,125,132
9403,122,128,135
9404,123,141,125
9405,124,121,123
9406,125,141,132
9407,126,130,138
9408,127,129,124
9409,16,127,129
9410,17,123,132
9411,18,131,125
9412,19,121,131
9413,20,120,125
9414,21,126,133
9415,22,132,125
9416,23,127,142
9417,24,123,128
9418,25,130,130
9419,26,135,127
9420,27,114,115
9421,28,141,129
9422,29,135,128
9423,30,126,133
9424,31,135,142
9425,32,120,128
9426,33,123,130
9427,34,142,136
9428,35,126,108
9429,36,114,133
9430,37,117,128
9431,38,140,133
9432,39,118,118
9433,40,125,117
9434,41,124,113
9435,42,122,129
9436,43,126,133
9437,44,125,126
9438,45,133,136
9439,46,126,138
9440,47,118,123
9441,48,122,144
9442,49,126,118
9443,50,120,116
9444,51,122,132
9445,52,130,127
9446,53,137,127
9447,54,122,125
9448,55,125,135
9449,56,123,126
9450,57,142,134
9451,58,149,136
9452,59,122,140
9453,60,127,124
9454,61,141,137
9455,62,106,127
9456,63,138,109
9457,64,134,130
9458,65,120,134
9459,66,126,132
9460,67,112,137
9461,68,134,124
9462,69,119,121
9463,70,135,120
9464,71,125,140
9465,72,121,112
9466,73,122,145
9467,74,127,143
9468,75,126,134
9469,76,130,133
9470,77,118,129
9471,78,128,130
9472,79,138,129
9473,80,124,123
9474,81,133,122
9475,82,128,120
9476,83,123,123
9477,84,127,120
9478,85,129,136
9479,86,139,131
9480,87,128,129
9481,88,124,127
9482,89,133,138
9483,90,127,133
9484,91,126,135
9485,92,128,134
9486,93,143,121
9487,94,118,139
9488,95,129,123
9489,96,122,132
9490,97,127,117
9491,98,113,129
9492,99,129,129
9493,100,124,144
9494,101,126,128
9495,102,114,141
9496,103,117,132
9497,104,139,131
9498,105,122,129
9499,106,129,126
9500,107,131,128
9501,108,132,120
9502,109,127,128
9503,110,133,138
9504,111,126,120
9505,112,127,112
9506,113,128,122
9507,114,121,105
9508,115,125,129
9509,116,120,133
9510,117,131,109
9511,118,115,143
9512,119,127,136
9513,120,109,123
9514,121,130,123
9515,122,127,127
9516,123,139,125
9517,124,128,122
9518,125,115,145
9519,126,121,126
9520,127,123,122
9521,16,111,122
9522,17,131,127
9523,18,128,124
9524,19,131,140
9525,20,119,129
9526,21,127,121
9527,22,122,134
9528,23,128,129
9529,24,143,133
9530,25,128,128
9531,26,129,128
9532,27,132,126
9533,28,112,125
9534,29,126,126
9535,30,137,124
9536,31,122,132
9537,32,117,139
9538,33,137,138
9539,34,129,121
9540,35,134,140
9541,36,128,132
9542,37,137,120
9543,38,145,130
9544,39,141,138
9545,40,149,121
9546,41,129,102
9547,42,114,132
9548,43,117,127
9549,44,121,143
9550,45,126,135
9551,46,141,117
9552,47,125,129
9553,48,123,126
9554,49,138,120
9555,50,123,128
9556,51,127,129
9557,52,118,126
9558,53,126,126
9559,54,130,127
9560,55,119,124
9561,56,136,142
9562,57,133,123
9563,58,131,122
9564,59,111,142
9565,60,110,128
9566,61,117,117
9567,62,132,121
9568,63,129,144
9569,64,143,129
9570,65,126,117
9571,66,125,136
9572,67,131,123
9573,68,134,131
9574,69,128,129
9575,70,131,127
9576,71,124,130
9577,72,115,127
9578,73,133,135
9579,74,137,141
9580,75,139,128
9581,76,141,123
9582,77,139,124
9583,78,133,139
9584,79,116,134
9585,80,123,131
9586,81,113,140
9587,82,104,132
9588,83,126,131
9589,84,123,119
9590,85,130,115
9591,86,121,115
9592,87,134,126
9593,88,144,131
9594,89,127,138
9595,90,130,132
9596,91,123,128
9597,92,119,142
9598,93,140,122
9599,94,147,141
9600,95,127,145
9601,96,123,133
9602,97,138,117
9603,98,133,119
9604,99,128,130
9605,100,121,144
9606,101,134,125
9607,102,124,132
9608,103,128,131
9609,104,129,119
9610,105,129,114
9611,106,134,133
9612,107,127,131
9613,108,124,124
9614,109,130,127
9615,110,128,130
9616,111,130,129
9617,112,123,123
9618,113,144,117
9619,114,134,129
9620,115,139,130
9621,116,127,124
9622,117,128,129
9623,118,130,134
9624,119,122,115
9625,120,118,124
9626,121,127,128
9627,122,126,142
9628,123,133,125
9629,124,125,123
9630,125,138,127
9631,126,128,120
9632,127,137,126
9633,16,124,128
9634,17,131,125
9635,18,133,126
9636,19,129,133
9637,20,135,140
9638,21,118,117
9639,22,116,128
9640,23,126,133
9641,24,116,122
9642,25,119,111
9643,26,124,119
9644,27,134,137
9645,28,135,144
9646,29,132,120
9647,30,114,135
9648,31,134,126
9649,32,137,127
9650,33,121,118
9651,34,130,126
9652,35,128,128
9653,36,127,118
9654,37,130,114
9655,38,143,131
9656,39,133,121
9657,40,117,125
9658,41,126,135
9659,42,139,125
9660,43,122,114
9661,44,121,135
9662,45,131,131
9663,46,129,125
9664,47,124,117
9665,48,125,113
9666,49,129,120
9667,50,132,119
9668,51,130,126
9669,52,127,120
9670,53,136,137
9671,54,126,114
9672,55,124,130
9673,56,150,128
9674,57,132,119
9675,58,121,129
9676,59,129,139
9677,60,137,131
9678,61,120,111
9679,62,139,126
9680,63,128,137
9681,64,140,110
9682,65,134,123
9683,66,152,119
9684,67,132,142
9685,68,125,136
9686,69,124,138
9687,70,128,119
9688,71,141,125
9689,72,131,130
9690,73,127,127
9691,74,131,132
9692,75,130,131
9693,76,135,122
9694,77,145,138
9695,78,128,126
9696,79,126,119
9697,80,137,125
9698,81,119,135
9699,82,142,117
9700,83,122,133
9701,84,127,122
9702,85,118,132
9703,86,133,128
9704,87,130,133
9705,88,133,138
9706,89,115,128
9707,90,131,135
9708,91,120,124
9709,92,139,140
9710,93,124,132
9711,94,134,130
9712,95,123,131
9713,96,139,116
9714,97,133,116
9715,98,144,128
9716,99,128,120
9717,100,130,111
9718,101,132,135
9719,102,139,110
9720,103,123,138
9721,104,145,134
9722,105,136,127
9723,106,132,142
9724,107,128,131
9725,108,134,125
9726,109,117,127
9727,110,120,131
9728,111,125,124
9729,112,129,142
9730,113,128,142
9731,114,140,135
9732,115,125,144
9733,116,125,129
9734,117,144,128
9735,118,142,132
9736,119,131,127
9737,120,123,129
9738,121,124,121
9739,122,117,136
9740,123,121,123
9741,124,125,136
9742,125,123,137
9743,126,124,115
9744,127,135,145
9745,16,137,130
9746,17,134,134
9747,18,122,136
9748,19,131,125
9749,20,141,146
9750,21,122,123
9751,22,124,132
9752,23,144,131
9753,24,118,131
9754,25,124,127
9755,26,131,115
9756,27,122,126
9757,28,124,140
9758,29,120,128
9759,30,132,127
9760,31,121,109
9761,32,138,123
9762,33,132,126
9763,34,133,129
9764,35,115,133
9765,36,143,130
9766,37,135,120
9767,38,128,134
9768,39,124,140
9769,40,122,130
9770,41,120,131
9771,42,121,119
9772,43,132,136
9773,44,134,122
9774,45,127,125
9775,46,120,125
9776,47,125,130
9777,48,136,124
9778,49,128,128
9779,50,124,127
9780,51,117,130
9781,52,130,120
9782,53,118,127
9783,54,139,129
9784,55,126,120
9785,56,115,129
9786,57,131,117
9787,58,131,132
9788,59,123,134
9789,60,124,129
9790,61,128,119
9791,62,128,130
9792,63,120,120
9793,64,134,124
9794,65,138,133
9795,66,128,132
9796,67,118,144
9797,68,129,112
9798,69,106,134
9799,70,122,135
9800,71,115,130
9801,72,143,121
9802,73,139,129
9803,74,123,129
9804,75,120,136
9805,76,125,125
9806,77,117,108
9807,78,122,124
9808,79,133,121
9809,80,129,127
9810,81,120,129
9811,82,120,119
9812,83,152,123
9813,84,130,120
9814,85,125,132
9815,86,132,124
9816,87,130,123
9817,88,125,130
9818,89,135,122
9819,90,126,131
9820,91,130,135
9821,92,134,128
9822,93,120,134
9823,94,134,134
9824,95,132,127
9825,96,125,127
9826,97,132,133
9827,98,121,132
9828,99,128,125
9829,100,128,133
9830,101,125,116
9831,102,122,128
9832,103,116,130
9833,104,133,129
9834,105,138,119
9835,106,134,128
9836,107,123,130
9837,108,117,123
9838,109,119,140
9839,110,125,128
9840,111,121,135
9841,112,113,135
9842,113,123,130
9843,114,144,129
9844,115,118,117
9845,116,112,126
9846,117,125,126
9847,118,131,126
9848,119,136,116
9849,120,128,129
9850,121,117,126
9851,122,144,124
9852,123,132,144
9853,124,121,137
9854,125,117,129
9855,126,133,122
9856,127,124,126
9857,16,119,123
9858,17,132,112
9859,18,114,132
9860,19,123,133
9861,20,126,138
9862,21,124,123
9863,22,122,142
9864,23,114,118
9865,24,136,113
9866,25,131,122
9867,26,136,130
9868,27,131,131
9869,28,143,126
9870,29,130,126
9871,30,131,136
9872,31,128,117
9873,32,132,132
9874,33,128,119
9875,34,129,126
9876,35,126,133
9877,36,111,122
9878,37,129,125
9879,38,112,118
9880,39,131,128
9881,40,138,130
9882,41,127,136
9883,42,129,136
9884,43,119,134
9885,44,132,121
9886,45,128,116
9887,46,139,113
9888,47,130,130
9889,48,127,129
9890,49,129,129
9891,50,126,126
9892,51,123,125
9893,52,120,124
9894,53,134,126
9895,54,133,134
9896,55,129,120
9897,56,132,128
9898,57,127,139
9899,58,133,118
9900,59,128,129
9901,60,123,120
9902,61,113,115
9903,62,130,123
9904,63,139,132
9905,64,132,126
9906,65,132,146
9907,66,127,134
9908,67,129,121
9909,68,129,133
9910,69,132,119
9911,70,137,134
9912,71,131,126
9913,72,128,129
9914,73,148,123
9915,74,122,132
9916,75,123,134
9917,76,136,129
9918,77,118,131
9919,78,126,132
9920,79,115,114
9921,80,137,127
9922,81,128,119
9923,82,138,137
9924,83,135,131
9925,84,119,132
9926,85,141,145
9927,86,129,113
9928,87,127,137
9929,88,120,126
9930,89,137,121
9931,90,116,137
9932,91,130,129
9933,92,136,128
9934,93,126,128
9935,94,119,134
9936,95,123,130
9937,96,126,114
9938,97,148,142
9939,98,139,116
9940,99,130,131
9941,100,137,136
9942,101,138,129
9943,102,130,126
9944,103,118,131
9945,104,123,111
9946,105,130,130
9947,106,134,139
9948,107,111,137
9949,108,134,133
9950,109,136,145
9951,110,128,132
9952,111,134,130
9953,112,121,125
9954,113,138,134
9955,114,128,125
9956,115,118,130
9957,116,134,136
9958,117,141,128
9959,118,125,119
9960,119,135,123
9961,120,132,138
9962,121,118,127
9963,122,139,135
9964,123,136,118
9965,124,115,121
9966,125,133,133
9967,126,122,139
9968,127,123,124
9969,16,134,128
9970,17,125,117
9971,18,126,130
9972,19,130,123
9973,20,117,137
9974,21,115,122
9975,22,133,129
9976,23,132,143
9977,24,131,129
9978,25,119,128
9979,26,133,133
9980,27,132,124
9981,28,129,123
9982,29,122,129
9983,30,124,131
9984,31,126,136
9985,32,124,132
9986,33,130,122
9987,34,117,124
9988,35,130,132
9989,36,137,124
9990,37,135,120
9991,38,121,135
9992,39,125,140
9993,40,123,136
9994,41,121,121
9995,42,134,110
9996,43,126,128
9997,44,124,138
9998,45,125,139
9999,46,130,135
10000,47,118,133
