test_id,value,hamming_weight,sha256_power,esha256_power,sha256_correlation,esha256_correlation
1,3687690949,19,17.81993806571855,15.861795847837005,0.9761305105435292,0.0037287973169917834
2,1054439111,20,20.55037304086742,15.957232269049147,0.9761305105435292,0.0037287973169917834
3,3596029230,17,16.85262762815385,17.316472996730692,0.9761305105435292,0.0037287973169917834
4,1392628789,13,13.11507172852276,16.380100576241272,0.9761305105435292,0.0037287973169917834
5,3943433542,13,12.60083186945241,15.320100596521334,0.9761305105435292,0.0037287973169917834
6,757042234,16,15.932342834270662,13.871323273577442,0.9761305105435292,0.0037287973169917834
7,2390710042,19,18.695315957119817,15.16588370896402,0.9761305105435292,0.0037287973169917834
8,350491950,13,12.379747364932562,15.050190179480685,0.9761305105435292,0.0037287973169917834
9,3140893468,18,18.06249644912035,15.27903077293848,0.9761305105435292,0.0037287973169917834
10,3636502913,11,10.64540922825434,16.149319678873663,0.9761305105435292,0.0037287973169917834
11,448680337,15,14.888383930895433,16.15352463303963,0.9761305105435292,0.0037287973169917834
12,2042304925,19,18.785297379946094,15.40646945638208,0.9761305105435292,0.0037287973169917834
13,2984365693,19,18.212124895547948,18.03141192511925,0.9761305105435292,0.0037287973169917834
14,4079240030,16,16.795294656821053,16.335383569052276,0.9761305105435292,0.0037287973169917834
15,4002325751,20,19.337806346283593,17.287861416179076,0.9761305105435292,0.0037287973169917834
16,2980658468,15,15.030133608435577,14.87779160429811,0.9761305105435292,0.0037287973169917834
17,3989984504,18,16.847040191035184,16.174834360612564,0.9761305105435292,0.0037287973169917834
18,366265552,13,13.136691438678204,14.502983232412054,0.9761305105435292,0.0037287973169917834
19,4048596814,17,17.693568897590115,16.365032977887523,0.9761305105435292,0.0037287973169917834
20,2793806321,15,14.612199900921459,15.165373872071607,0.9761305105435292,0.0037287973169917834
21,291299700,14,13.71888069801193,18.187513932018433,0.9761305105435292,0.0037287973169917834
22,3235071077,13,13.664252006739304,15.647913544479334,0.9761305105435292,0.0037287973169917834
23,1516874349,17,17.49672949121193,16.892195027162025,0.9761305105435292,0.0037287973169917834
24,1119597116,16,15.013164550808801,15.26141025754815,0.9761305105435292,0.0037287973169917834
25,2581865725,17,16.77726559693513,16.173757292313063,0.9761305105435292,0.0037287973169917834
26,1420383381,14,12.986952841106808,15.32894085475281,0.9761305105435292,0.0037287973169917834
27,3259246236,12,13.332221212631401,15.997210925845124,0.9761305105435292,0.0037287973169917834
28,2425575646,15,16.193377695541276,15.726820990720238,0.9761305105435292,0.0037287973169917834
29,176819610,12,12.508420995743048,16.21707462707002,0.9761305105435292,0.0037287973169917834
30,1720895027,15,14.561426319779667,18.20053300663114,0.9761305105435292,0.0037287973169917834
31,766073865,14,14.407905727667199,15.236224311962184,0.9761305105435292,0.0037287973169917834
32,4269293750,17,17.332572043063273,15.465205341032183,0.9761305105435292,0.0037287973169917834
33,699609397,15,15.66634686943433,17.04514405077912,0.9761305105435292,0.0037287973169917834
34,2240407628,13,13.489211260097846,15.428187553113125,0.9761305105435292,0.0037287973169917834
35,3706678861,21,20.106144840552584,16.722887411975243,0.9761305105435292,0.0037287973169917834
36,614399451,20,20.08942634739637,18.512401305310995,0.9761305105435292,0.0037287973169917834
37,2903412782,14,13.634110888462715,14.25398942349691,0.9761305105435292,0.0037287973169917834
38,2472870871,16,15.411629149724371,16.236655846811516,0.9761305105435292,0.0037287973169917834
39,3408161788,18,18.26309921938324,17.555474617724126,0.9761305105435292,0.0037287973169917834
40,951096022,14,14.379916014936892,15.285972572429236,0.9761305105435292,0.0037287973169917834
41,3509019460,14,13.658741318082107,15.928868473801575,0.9761305105435292,0.0037287973169917834
42,386152487,12,12.309296388319803,16.15818145986426,0.9761305105435292,0.0037287973169917834
43,2293648351,18,17.576735500585478,16.91042418022217,0.9761305105435292,0.0037287973169917834
44,2764188342,14,14.2062298013917,15.967603674106215,0.9761305105435292,0.0037287973169917834
45,4243600292,17,17.346699683282957,16.782956163606507,0.9761305105435292,0.0037287973169917834
46,4032963628,12,12.417135441041136,16.896867266782913,0.9761305105435292,0.0037287973169917834
47,3591384256,11,11.103256090516041,14.339794999728127,0.9761305105435292,0.0037287973169917834
48,3880361514,17,17.42869459886227,15.21339964432589,0.9761305105435292,0.0037287973169917834
49,1444766287,16,17.32797005950631,15.691846865853176,0.9761305105435292,0.0037287973169917834
50,1101676472,16,16.45107558351701,16.303532948929178,0.9761305105435292,0.0037287973169917834
51,1639470687,17,16.83812100895955,19.781203526418174,0.9761305105435292,0.0037287973169917834
52,2790829949,19,20.77420129829934,16.438522384493204,0.9761305105435292,0.0037287973169917834
53,2329119682,15,14.599927674556582,17.496857529577703,0.9761305105435292,0.0037287973169917834
54,2534664162,18,18.282232668988208,17.432619148602157,0.9761305105435292,0.0037287973169917834
55,126495634,13,12.824676113206417,16.32943572054466,0.9761305105435292,0.0037287973169917834
56,327349422,15,14.876099030642683,15.243226946725276,0.9761305105435292,0.0037287973169917834
57,3685520321,17,15.948009381575844,14.325031781326214,0.9761305105435292,0.0037287973169917834
58,2838872489,15,15.082293800376751,15.205936362884287,0.9761305105435292,0.0037287973169917834
59,1021582430,16,16.483575865938846,14.528991784930644,0.9761305105435292,0.0037287973169917834
60,2719329864,13,13.534367925618863,15.59661122165545,0.9761305105435292,0.0037287973169917834
61,688139964,13,13.287498572281994,15.745184667439332,0.9761305105435292,0.0037287973169917834
62,2559323321,14,15.046554771229674,16.214724676753274,0.9761305105435292,0.0037287973169917834
63,1464452890,16,15.64192663875716,17.265719196336416,0.9761305105435292,0.0037287973169917834
64,457230079,17,16.48568560097731,17.61687808791047,0.9761305105435292,0.0037287973169917834
65,2080785300,13,13.388937288566456,15.424457736105385,0.9761305105435292,0.0037287973169917834
66,3960416281,14,14.086228394779704,16.310420777224593,0.9761305105435292,0.0037287973169917834
67,2770791634,16,15.419877470943414,15.188245649999024,0.9761305105435292,0.0037287973169917834
68,3501331347,14,13.938220753078562,15.31810478533352,0.9761305105435292,0.0037287973169917834
69,1566019745,15,13.815360195309196,13.476670050095226,0.9761305105435292,0.0037287973169917834
70,2511217562,16,16.70124141067932,15.852774775088989,0.9761305105435292,0.0037287973169917834
71,2076893831,18,18.954967335764415,15.898140210619994,0.9761305105435292,0.0037287973169917834
72,3105309313,13,12.984715072347438,14.844082195132467,0.9761305105435292,0.0037287973169917834
73,1592314423,18,17.616213964685763,17.461180825173667,0.9761305105435292,0.0037287973169917834
74,4118774269,22,22.38909108970038,18.779521080392485,0.9761305105435292,0.0037287973169917834
75,1183245922,14,15.008246980015036,17.586618697283,0.9761305105435292,0.0037287973169917834
76,305218341,11,11.424830074791576,15.838491386653269,0.9761305105435292,0.0037287973169917834
77,2667818348,17,16.327921323023546,16.628344130430797,0.9761305105435292,0.0037287973169917834
78,2455834739,12,12.909900178886781,16.651769546660493,0.9761305105435292,0.0037287973169917834
79,758592737,16,16.716420922488798,16.451249140543688,0.9761305105435292,0.0037287973169917834
80,3926354945,13,12.664880461588782,16.77836487746024,0.9761305105435292,0.0037287973169917834
81,289834833,12,11.60155370935831,15.74048760660258,0.9761305105435292,0.0037287973169917834
82,1680457874,11,10.878503179378573,15.530438002563917,0.9761305105435292,0.0037287973169917834
83,4172463344,18,18.925317064317113,17.008362405406597,0.9761305105435292,0.0037287973169917834
84,4246867254,16,16.861574586548954,17.511729251007832,0.9761305105435292,0.0037287973169917834
85,451902853,19,19.02570917904426,15.612842644760567,0.9761305105435292,0.0037287973169917834
86,4186813385,19,19.295500533258775,12.899658931955704,0.9761305105435292,0.0037287973169917834
87,2218743971,15,14.87856690376744,16.898350585068886,0.9761305105435292,0.0037287973169917834
88,167371289,15,15.063488177470086,13.316675337362465,0.9761305105435292,0.0037287973169917834
89,4140545112,18,18.090169980049573,16.554146262856015,0.9761305105435292,0.0037287973169917834
90,398136380,16,15.475924429975532,14.566106011618922,0.9761305105435292,0.0037287973169917834
91,3012756796,15,15.0275836404199,16.42294504961505,0.9761305105435292,0.0037287973169917834
92,2263436452,14,13.731875853913436,15.2980542389162,0.9761305105435292,0.0037287973169917834
93,73262144,11,10.84886469084501,16.953726783075908,0.9761305105435292,0.0037287973169917834
94,1282892684,16,15.877170762793051,16.59397782429985,0.9761305105435292,0.0037287973169917834
95,1498205453,15,15.475500858910252,16.406927575865833,0.9761305105435292,0.0037287973169917834
96,1676194501,16,15.17805146003576,17.304083230508002,0.9761305105435292,0.0037287973169917834
97,1587212441,17,16.232512363626487,14.44965162719592,0.9761305105435292,0.0037287973169917834
98,3509672310,16,16.02369092992923,16.291330042946527,0.9761305105435292,0.0037287973169917834
99,1471898956,18,17.096875524958804,15.09798283252412,0.9761305105435292,0.0037287973169917834
100,100563897,20,19.549355984072008,16.70041951076049,0.9761305105435292,0.0037287973169917834
101,3189991760,15,14.668398026004194,15.842461204017473,0.9761305105435292,0.0037287973169917834
102,2555163296,12,12.398349498387391,16.878627390975776,0.9761305105435292,0.0037287973169917834
103,1700968972,14,13.182737618768602,16.434385419897072,0.9761305105435292,0.0037287973169917834
104,2112699065,21,21.386173718722006,16.84637937549614,0.9761305105435292,0.0037287973169917834
105,2556450182,12,11.508141172875836,15.494195199019652,0.9761305105435292,0.0037287973169917834
106,2509648238,16,15.450218401210076,16.994518097289962,0.9761305105435292,0.0037287973169917834
107,2374501710,12,12.759516975973874,14.940189122071782,0.9761305105435292,0.0037287973169917834
108,2136861863,22,22.66922972078244,16.4871417790473,0.9761305105435292,0.0037287973169917834
109,667468379,15,14.722004504061152,15.291413076021342,0.9761305105435292,0.0037287973169917834
110,1374046979,14,15.394947467095985,17.022707148141954,0.9761305105435292,0.0037287973169917834
111,3525799610,18,18.183054331738628,17.160218933187835,0.9761305105435292,0.0037287973169917834
112,330330971,16,15.261960631962813,15.302369403740538,0.9761305105435292,0.0037287973169917834
113,697427379,16,16.509290896412402,16.38511218573213,0.9761305105435292,0.0037287973169917834
114,1398068639,18,17.165312350792032,15.33087950871822,0.9761305105435292,0.0037287973169917834
115,781387860,12,12.026615369000638,16.396767101246827,0.9761305105435292,0.0037287973169917834
116,3850618613,18,18.144584774897545,16.100024462068383,0.9761305105435292,0.0037287973169917834
117,730899986,12,12.226903083649432,15.42116911974417,0.9761305105435292,0.0037287973169917834
118,1889763227,19,19.309159649337072,15.903144335115087,0.9761305105435292,0.0037287973169917834
119,11165262,13,13.574367779885401,16.291487298079797,0.9761305105435292,0.0037287973169917834
120,1057381247,20,19.170857804872536,16.043714035121024,0.9761305105435292,0.0037287973169917834
121,3395435594,14,13.037738993167068,15.99240192226477,0.9761305105435292,0.0037287973169917834
122,689300363,15,14.612826537025455,14.001078124013432,0.9761305105435292,0.0037287973169917834
123,3175412154,18,18.975306500949692,15.71359953130413,0.9761305105435292,0.0037287973169917834
124,1250155052,14,14.351669083683856,17.824980831370805,0.9761305105435292,0.0037287973169917834
125,3221197989,22,23.223893598604846,15.463287050392845,0.9761305105435292,0.0037287973169917834
126,91904407,16,16.640592551989386,14.984477689763768,0.9761305105435292,0.0037287973169917834
127,873560869,14,13.839719018611467,17.322141608952627,0.9761305105435292,0.0037287973169917834
128,3574723069,19,19.62167003703351,15.424418460279622,0.9761305105435292,0.0037287973169917834
129,3946488956,18,18.547984076150804,16.26103342544246,0.9761305105435292,0.0037287973169917834
130,1057607395,18,17.873569909314668,16.51626173597657,0.9761305105435292,0.0037287973169917834
131,1016810276,15,14.814419709897388,14.67638284293644,0.9761305105435292,0.0037287973169917834
132,3651022404,16,14.96733480478515,15.053485598553966,0.9761305105435292,0.0037287973169917834
133,2370142735,13,12.983123665944571,15.987862364011374,0.9761305105435292,0.0037287973169917834
134,1965410273,17,18.224200984392837,14.854261977570115,0.9761305105435292,0.0037287973169917834
135,718454592,15,15.449776580747436,16.443120182532645,0.9761305105435292,0.0037287973169917834
136,1515315974,14,13.782028275195623,15.728611232191572,0.9761305105435292,0.0037287973169917834
137,735150861,14,15.143557667693447,14.43029747341846,0.9761305105435292,0.0037287973169917834
138,3100627962,21,21.97983191978982,16.173635119267608,0.9761305105435292,0.0037287973169917834
139,2077395293,18,18.296771030726852,16.316674784374616,0.9761305105435292,0.0037287973169917834
140,1903009758,21,21.467374286200915,16.272997441868146,0.9761305105435292,0.0037287973169917834
141,182714344,19,18.593579782800358,16.941917193469685,0.9761305105435292,0.0037287973169917834
142,3860800863,19,18.13517269839512,14.86983004507718,0.9761305105435292,0.0037287973169917834
143,2684645892,8,7.691926809635054,16.461411998974686,0.9761305105435292,0.0037287973169917834
144,1591733494,23,22.25934229469673,15.715080114465902,0.9761305105435292,0.0037287973169917834
145,2559186564,11,11.456518746506877,15.233813096198853,0.9761305105435292,0.0037287973169917834
146,799129111,18,18.237188919518854,14.659457705436447,0.9761305105435292,0.0037287973169917834
147,1942804406,20,20.021114412333507,14.105061893901368,0.9761305105435292,0.0037287973169917834
148,1449307089,16,15.43390423175197,14.86351808487161,0.9761305105435292,0.0037287973169917834
149,509743588,13,12.729161411762227,18.06775324546426,0.9761305105435292,0.0037287973169917834
150,2618762445,15,13.745576177745388,15.614605146600837,0.9761305105435292,0.0037287973169917834
151,3044158524,16,16.715430941877138,14.600696444890492,0.9761305105435292,0.0037287973169917834
152,3440109646,16,15.315265835814762,14.718875193680436,0.9761305105435292,0.0037287973169917834
153,331208521,18,18.592222668485014,16.25120740503059,0.9761305105435292,0.0037287973169917834
154,4242976994,18,16.869722242316822,14.459601793564323,0.9761305105435292,0.0037287973169917834
155,503166629,20,20.554834715581602,16.357373964181043,0.9761305105435292,0.0037287973169917834
156,1510483399,13,13.367750756837827,15.492126250580004,0.9761305105435292,0.0037287973169917834
157,267157165,20,21.29331932790639,15.509546026766142,0.9761305105435292,0.0037287973169917834
158,1703117365,13,12.813911309406626,17.51462921283379,0.9761305105435292,0.0037287973169917834
159,2037207527,19,18.513052731227976,16.641545818468785,0.9761305105435292,0.0037287973169917834
160,1390900479,21,21.103230677176796,15.619323455399561,0.9761305105435292,0.0037287973169917834
161,1646271371,12,11.33263774674528,14.074362299800999,0.9761305105435292,0.0037287973169917834
162,1514857557,15,14.507852896134299,17.42415333411873,0.9761305105435292,0.0037287973169917834
163,2203456368,13,12.142596949755761,15.681165503388211,0.9761305105435292,0.0037287973169917834
164,2312558079,21,21.08423289718633,15.87141205656422,0.9761305105435292,0.0037287973169917834
165,992776509,16,15.968996115342733,14.030837610018434,0.9761305105435292,0.0037287973169917834
166,4063600731,16,16.739177344678335,16.2384769265301,0.9761305105435292,0.0037287973169917834
167,2775959700,15,15.963224824965698,14.67466320703522,0.9761305105435292,0.0037287973169917834
168,1906848695,17,17.02768516644643,15.093477226836935,0.9761305105435292,0.0037287973169917834
169,2989223552,15,14.785721619378815,16.359354068614376,0.9761305105435292,0.0037287973169917834
170,489105177,15,16.896793497949453,15.16975340626486,0.9761305105435292,0.0037287973169917834
171,2972664852,13,12.679994234730007,15.837644555959287,0.9761305105435292,0.0037287973169917834
172,417815429,16,16.950252382678634,16.976829373865392,0.9761305105435292,0.0037287973169917834
173,775420237,19,19.07544537358975,15.670954535598586,0.9761305105435292,0.0037287973169917834
174,1738014661,22,22.509095379878065,14.409895631001046,0.9761305105435292,0.0037287973169917834
175,1611042604,12,11.463962044534354,14.39430559907314,0.9761305105435292,0.0037287973169917834
176,932905975,19,17.772747313279808,14.335262142356612,0.9761305105435292,0.0037287973169917834
177,1044853165,17,17.258923072558726,16.165480040553696,0.9761305105435292,0.0037287973169917834
178,2385505682,18,17.839853054807072,16.393363801722913,0.9761305105435292,0.0037287973169917834
179,1796474717,15,15.445128036492282,16.572481299573585,0.9761305105435292,0.0037287973169917834
180,3762223775,20,19.105282253245285,15.87053123263872,0.9761305105435292,0.0037287973169917834
181,2634496617,16,16.535509046462856,17.240475235647658,0.9761305105435292,0.0037287973169917834
182,636724402,16,15.904011371331933,16.312745237421236,0.9761305105435292,0.0037287973169917834
183,3022741312,15,14.91962472145919,17.11612116699066,0.9761305105435292,0.0037287973169917834
184,2633610040,18,18.234121307426197,16.388090899108462,0.9761305105435292,0.0037287973169917834
185,3579267728,15,14.913165151468437,16.533265208462083,0.9761305105435292,0.0037287973169917834
186,1115346061,15,14.867425119380432,17.94573734976312,0.9761305105435292,0.0037287973169917834
187,1313968796,14,14.204790438896268,15.018735700263434,0.9761305105435292,0.0037287973169917834
188,655732360,14,13.770266847176718,15.865012552673807,0.9761305105435292,0.0037287973169917834
189,2827565044,16,17.820502053013275,15.87567069025512,0.9761305105435292,0.0037287973169917834
190,2552722842,16,15.639851643308395,16.03597680967085,0.9761305105435292,0.0037287973169917834
191,3133626344,19,19.2593362117726,15.774545960194917,0.9761305105435292,0.0037287973169917834
192,4023576037,21,20.737708490372633,15.650927487063992,0.9761305105435292,0.0037287973169917834
193,1680484799,16,16.366143475466632,16.487772819891994,0.9761305105435292,0.0037287973169917834
194,1354031293,15,14.41852874726278,17.204552046702542,0.9761305105435292,0.0037287973169917834
195,531758436,19,19.48301311400469,18.49065420635639,0.9761305105435292,0.0037287973169917834
196,1556006147,16,16.07503027741951,16.797747856772297,0.9761305105435292,0.0037287973169917834
197,746160528,12,12.014425155322511,15.294634744963933,0.9761305105435292,0.0037287973169917834
198,3958475029,17,17.261021516845258,18.08628512048337,0.9761305105435292,0.0037287973169917834
199,1921328038,14,15.769997863148243,15.931721471124282,0.9761305105435292,0.0037287973169917834
200,2233854597,14,13.200899814530924,15.41570053432504,0.9761305105435292,0.0037287973169917834
201,3765922537,18,16.85132058442058,15.593627868493328,0.9761305105435292,0.0037287973169917834
202,3959590834,15,15.427447028341295,17.27169913685213,0.9761305105435292,0.0037287973169917834
203,1798574023,17,16.56540895695667,17.447915505775285,0.9761305105435292,0.0037287973169917834
204,2645701696,13,12.34997124404417,18.263561876379054,0.9761305105435292,0.0037287973169917834
205,2314114358,17,16.76563912715611,16.22130572405586,0.9761305105435292,0.0037287973169917834
206,1186634175,19,19.43367275399161,15.213837933228774,0.9761305105435292,0.0037287973169917834
207,2231148040,14,14.16753486966048,15.523601530702967,0.9761305105435292,0.0037287973169917834
208,2770871024,12,12.270304179366308,16.795302281904814,0.9761305105435292,0.0037287973169917834
209,3020779136,13,13.427165978470375,14.84142309868712,0.9761305105435292,0.0037287973169917834
210,3813250257,15,13.86596868113437,14.257007062733312,0.9761305105435292,0.0037287973169917834
211,2640974315,17,18.145872404859965,15.720294990053478,0.9761305105435292,0.0037287973169917834
212,2673923069,20,20.250933459956336,16.457194525071966,0.9761305105435292,0.0037287973169917834
213,3044482262,19,19.73201284126695,15.658365537781313,0.9761305105435292,0.0037287973169917834
214,2759915693,14,15.066074401660895,16.218821475244546,0.9761305105435292,0.0037287973169917834
215,3265476393,15,15.072479219790608,16.162338257007143,0.9761305105435292,0.0037287973169917834
216,1508379078,14,13.768943458780896,16.242651935076903,0.9761305105435292,0.0037287973169917834
217,1571162485,16,15.52548616680491,16.16042868648598,0.9761305105435292,0.0037287973169917834
218,3417020252,19,18.449357968251174,16.435306113295614,0.9761305105435292,0.0037287973169917834
219,1258295171,11,10.789696625120671,15.75880137031815,0.9761305105435292,0.0037287973169917834
220,3931089557,18,17.570378081211427,15.119126063299897,0.9761305105435292,0.0037287973169917834
221,799139502,18,17.771214271799813,16.559215250068405,0.9761305105435292,0.0037287973169917834
222,3147823104,17,17.645594593267862,17.828338845056976,0.9761305105435292,0.0037287973169917834
223,1601071364,16,15.841423806702192,18.630711740416743,0.9761305105435292,0.0037287973169917834
224,1564656855,16,16.068991234033657,14.103450800561884,0.9761305105435292,0.0037287973169917834
225,3034399123,16,15.868433911497053,15.184951688204848,0.9761305105435292,0.0037287973169917834
226,265712931,17,18.236774080167056,14.911973420510359,0.9761305105435292,0.0037287973169917834
227,3691996089,18,17.996167641836628,17.705131993619716,0.9761305105435292,0.0037287973169917834
228,3308824952,15,14.774585319793369,14.697527878248971,0.9761305105435292,0.0037287973169917834
229,2253095225,13,13.841648841601586,15.822226809465842,0.9761305105435292,0.0037287973169917834
230,1503246858,15,14.85945126097685,16.77655030479961,0.9761305105435292,0.0037287973169917834
231,2859632822,15,15.33976632487527,15.78790737756962,0.9761305105435292,0.0037287973169917834
232,3886529602,18,17.921444003748967,14.968329698065881,0.9761305105435292,0.0037287973169917834
233,2668533607,19,18.87281124861161,15.428991318791656,0.9761305105435292,0.0037287973169917834
234,2206551479,16,16.712397316059533,14.673512265782014,0.9761305105435292,0.0037287973169917834
235,4076913760,11,9.914664350478256,16.99858049355702,0.9761305105435292,0.0037287973169917834
236,2603159069,15,14.59609442945227,17.954248847806078,0.9761305105435292,0.0037287973169917834
237,4206760092,17,16.812253008794677,17.51397147395779,0.9761305105435292,0.0037287973169917834
238,1158068245,12,12.966437181936039,16.303111417266955,0.9761305105435292,0.0037287973169917834
239,2626144058,17,16.976202525305283,17.392774415626565,0.9761305105435292,0.0037287973169917834
240,2829647926,11,11.460955126595177,17.60213033472685,0.9761305105435292,0.0037287973169917834
241,4074262230,18,18.280168438870714,15.316175164861338,0.9761305105435292,0.0037287973169917834
242,1734830627,17,17.596862840306308,16.99344752995139,0.9761305105435292,0.0037287973169917834
243,642966415,16,15.085541090162366,14.177977179159708,0.9761305105435292,0.0037287973169917834
244,3758621755,10,9.468020173348384,14.6588910142224,0.9761305105435292,0.0037287973169917834
245,3450522659,16,16.298141200003347,15.545446888806179,0.9761305105435292,0.0037287973169917834
246,1155975141,17,16.41374042768578,15.946052237752983,0.9761305105435292,0.0037287973169917834
247,155684268,14,13.315126934699723,15.388521453534661,0.9761305105435292,0.0037287973169917834
248,3393592959,18,17.964599210290345,16.857503491416214,0.9761305105435292,0.0037287973169917834
249,856727652,10,9.785425672321505,15.535937656445611,0.9761305105435292,0.0037287973169917834
250,3239426266,15,14.89024298017659,15.527315161703601,0.9761305105435292,0.0037287973169917834
251,1347046326,14,14.550169580004004,16.83144382709756,0.9761305105435292,0.0037287973169917834
252,840841865,14,13.770753319351382,16.380110536762956,0.9761305105435292,0.0037287973169917834
253,4102305664,13,12.852139988735928,17.265246213201685,0.9761305105435292,0.0037287973169917834
254,2095155190,19,18.84891486613771,16.787709286183432,0.9761305105435292,0.0037287973169917834
255,4003993118,16,16.74487355477429,16.90164009369212,0.9761305105435292,0.0037287973169917834
256,3435873465,16,16.185408784561204,15.65497331462296,0.9761305105435292,0.0037287973169917834
257,260562490,18,18.0429575980566,17.578224807110637,0.9761305105435292,0.0037287973169917834
258,1311803513,13,12.946252729446268,14.990578822449166,0.9761305105435292,0.0037287973169917834
259,1366223795,19,19.469248244302385,15.691631528845289,0.9761305105435292,0.0037287973169917834
260,2204642806,16,15.985713026425136,15.759930267825297,0.9761305105435292,0.0037287973169917834
261,1901246554,15,15.108474049668942,14.75947937868859,0.9761305105435292,0.0037287973169917834
262,118731449,15,14.548453160266746,16.38713227812569,0.9761305105435292,0.0037287973169917834
263,3157957203,17,17.334747658366,16.82889070853791,0.9761305105435292,0.0037287973169917834
264,3078718146,13,11.83262252630058,14.261024426965168,0.9761305105435292,0.0037287973169917834
265,4119431104,15,14.925058720641648,15.923863785991026,0.9761305105435292,0.0037287973169917834
266,4168273712,17,18.45909527719552,15.997173003851316,0.9761305105435292,0.0037287973169917834
267,1218541738,13,12.877496085977612,16.245384012105482,0.9761305105435292,0.0037287973169917834
268,1957352281,17,17.199613901880436,14.75651507860167,0.9761305105435292,0.0037287973169917834
269,3378850267,17,17.504001039603146,15.862034739219286,0.9761305105435292,0.0037287973169917834
270,262476356,12,12.112382049807229,15.945661492374825,0.9761305105435292,0.0037287973169917834
271,2624398833,17,18.55391952898424,16.415220046720567,0.9761305105435292,0.0037287973169917834
272,1301839648,15,14.539675669530572,17.658911074311153,0.9761305105435292,0.0037287973169917834
273,558908715,11,11.411832943184129,16.96591622199609,0.9761305105435292,0.0037287973169917834
274,460791403,19,18.428536192569076,14.861062078240584,0.9761305105435292,0.0037287973169917834
275,1520335621,17,16.338937672970665,16.104205035797325,0.9761305105435292,0.0037287973169917834
276,560766510,15,15.79339989408275,16.029415063125455,0.9761305105435292,0.0037287973169917834
277,2786823901,18,18.005252441526945,17.393688783240975,0.9761305105435292,0.0037287973169917834
278,4146454853,17,17.224988558377525,16.41726556791355,0.9761305105435292,0.0037287973169917834
279,1128418414,13,12.285860563650818,16.612502863579596,0.9761305105435292,0.0037287973169917834
280,319542378,14,15.016303513925246,15.814787248606411,0.9761305105435292,0.0037287973169917834
281,3338306007,18,18.23514470502581,15.498186249238879,0.9761305105435292,0.0037287973169917834
282,3018764870,18,17.71680429857856,14.632413462978374,0.9761305105435292,0.0037287973169917834
283,3498015538,19,19.565307091706305,15.87399129414722,0.9761305105435292,0.0037287973169917834
284,4288709701,15,14.67163105769966,17.051674342288106,0.9761305105435292,0.0037287973169917834
285,4131097667,17,16.943238578588904,14.88490125711544,0.9761305105435292,0.0037287973169917834
286,25373922,11,11.25075118236779,16.592618438006582,0.9761305105435292,0.0037287973169917834
287,2056063511,15,14.518699382286107,15.91908512059697,0.9761305105435292,0.0037287973169917834
288,672590882,12,12.292718275538954,18.01169600414392,0.9761305105435292,0.0037287973169917834
289,1493441650,12,11.832655524248993,17.28778670890052,0.9761305105435292,0.0037287973169917834
290,333073867,17,17.56307299890255,14.357881181870468,0.9761305105435292,0.0037287973169917834
291,2174374691,13,12.825997018259704,16.00556403169654,0.9761305105435292,0.0037287973169917834
292,3941069696,18,17.50759874532061,16.337561618203946,0.9761305105435292,0.0037287973169917834
293,101256385,9,8.230468071881461,17.238768590575795,0.9761305105435292,0.0037287973169917834
294,2074527607,21,21.71083081952173,16.319118960359802,0.9761305105435292,0.0037287973169917834
295,1828035132,18,18.71756915311612,14.694036604971364,0.9761305105435292,0.0037287973169917834
296,2721774576,18,19.18291477689217,15.05328989384644,0.9761305105435292,0.0037287973169917834
297,1221620182,14,13.438118779637268,15.043897070090555,0.9761305105435292,0.0037287973169917834
298,1264289590,17,17.566221281443028,15.415433146769189,0.9761305105435292,0.0037287973169917834
299,982278825,14,14.262715316976369,16.041832490855878,0.9761305105435292,0.0037287973169917834
300,3909142148,11,8.870878918390627,14.889768722441824,0.9761305105435292,0.0037287973169917834
301,3871597665,16,16.24962981771588,17.183014789410443,0.9761305105435292,0.0037287973169917834
302,3974547296,17,15.938811936783543,17.099307576224923,0.9761305105435292,0.0037287973169917834
303,600078297,17,15.816012125727914,16.5922947669955,0.9761305105435292,0.0037287973169917834
304,2844274051,13,13.837402703493098,16.003587430185284,0.9761305105435292,0.0037287973169917834
305,3808720062,16,15.154458930373789,15.070653670123084,0.9761305105435292,0.0037287973169917834
306,4235055623,18,17.943917472115874,14.58218505910283,0.9761305105435292,0.0037287973169917834
307,3657570981,13,13.001319038332445,17.080956393400804,0.9761305105435292,0.0037287973169917834
308,3694525121,18,16.8570417265919,17.918258626429186,0.9761305105435292,0.0037287973169917834
309,3343067139,12,12.491894037055852,17.51881155961851,0.9761305105435292,0.0037287973169917834
310,2403389403,18,17.95792617324372,14.84407642852186,0.9761305105435292,0.0037287973169917834
311,3172486345,15,15.324816773459123,17.14572973392179,0.9761305105435292,0.0037287973169917834
312,2102096058,18,17.458179068257866,16.491342669280826,0.9761305105435292,0.0037287973169917834
313,3935260116,18,17.614805438929718,15.50719460550948,0.9761305105435292,0.0037287973169917834
314,1470368330,13,13.037801169725933,16.922823358605985,0.9761305105435292,0.0037287973169917834
315,3519253726,17,16.824628355243355,16.315568342975787,0.9761305105435292,0.0037287973169917834
316,1209894643,15,14.153063394062986,17.14374098391599,0.9761305105435292,0.0037287973169917834
317,1671912588,16,16.051339324916988,15.416891044940607,0.9761305105435292,0.0037287973169917834
318,4137637186,18,18.39140163217759,14.720367492651883,0.9761305105435292,0.0037287973169917834
319,586990644,14,14.454052377025722,16.039754389110705,0.9761305105435292,0.0037287973169917834
320,1752944478,20,19.718168138762202,16.65456166836498,0.9761305105435292,0.0037287973169917834
321,2598000115,19,17.920966011210805,17.582592385118136,0.9761305105435292,0.0037287973169917834
322,4170545022,21,21.691117355257568,14.280421703100359,0.9761305105435292,0.0037287973169917834
323,3238344293,13,14.04875189006487,15.008777735516878,0.9761305105435292,0.0037287973169917834
324,2285509102,15,14.783448568835103,14.6854952685075,0.9761305105435292,0.0037287973169917834
325,3329344859,17,16.008374936047584,13.884950269545001,0.9761305105435292,0.0037287973169917834
326,889552215,17,16.556779816307305,15.205636815404812,0.9761305105435292,0.0037287973169917834
327,4103089268,14,15.37902342184724,16.14935382047704,0.9761305105435292,0.0037287973169917834
328,1955859006,14,13.973461862986051,16.033619037771995,0.9761305105435292,0.0037287973169917834
329,3231512970,15,14.629275800128147,16.439866710039436,0.9761305105435292,0.0037287973169917834
330,3450095824,13,13.305495432921031,17.19637586427283,0.9761305105435292,0.0037287973169917834
331,1755216953,17,16.635760646829585,16.565128384764478,0.9761305105435292,0.0037287973169917834
332,1798595176,14,14.207186792228338,15.017148504055939,0.9761305105435292,0.0037287973169917834
333,1317214418,13,13.06148808774716,15.119689812893023,0.9761305105435292,0.0037287973169917834
334,2021975603,15,14.973378286922221,15.701622426427416,0.9761305105435292,0.0037287973169917834
335,3446323908,17,17.358382296942978,17.216421292634966,0.9761305105435292,0.0037287973169917834
336,3105203544,15,15.13577475154213,13.504429709806876,0.9761305105435292,0.0037287973169917834
337,1608610317,17,17.793527695214312,16.073113440473243,0.9761305105435292,0.0037287973169917834
338,1575392392,15,15.57446430342145,17.169253941918534,0.9761305105435292,0.0037287973169917834
339,1915099866,15,14.899000647630112,17.467848347014233,0.9761305105435292,0.0037287973169917834
340,3855294936,16,16.222434373138306,15.944029699729722,0.9761305105435292,0.0037287973169917834
341,3438217565,18,18.90750516470761,14.92499476593098,0.9761305105435292,0.0037287973169917834
342,1660176974,15,14.40619579482859,15.10628405186517,0.9761305105435292,0.0037287973169917834
343,790330919,19,17.61700153065363,15.778944275118942,0.9761305105435292,0.0037287973169917834
344,2902728674,15,15.833112850516523,15.347141218516256,0.9761305105435292,0.0037287973169917834
345,1420126686,17,16.862254535328166,18.552332923807782,0.9761305105435292,0.0037287973169917834
346,3876788567,17,17.456008304354484,16.743887819095423,0.9761305105435292,0.0037287973169917834
347,3139811832,19,19.788278924950568,16.798655597215685,0.9761305105435292,0.0037287973169917834
348,752258926,18,18.893775125705645,16.65511021003031,0.9761305105435292,0.0037287973169917834
349,3282607409,15,15.394015930059826,15.195763810999669,0.9761305105435292,0.0037287973169917834
350,23139554,10,10.099726639460817,15.612213172604777,0.9761305105435292,0.0037287973169917834
351,2565910909,17,16.802423928291596,14.754162899096873,0.9761305105435292,0.0037287973169917834
352,2375269224,17,17.544315715785554,15.681666609280251,0.9761305105435292,0.0037287973169917834
353,202628411,16,15.67261410286128,16.22624239683912,0.9761305105435292,0.0037287973169917834
354,862793810,14,14.66630946479545,17.48862088395824,0.9761305105435292,0.0037287973169917834
355,2285257470,15,15.25328282397011,14.230626455135218,0.9761305105435292,0.0037287973169917834
356,2622329024,12,11.707372550691122,14.943109729002236,0.9761305105435292,0.0037287973169917834
357,812631445,16,16.518224228871627,15.207217076339012,0.9761305105435292,0.0037287973169917834
358,3117428548,15,14.03802641321918,15.95180717946244,0.9761305105435292,0.0037287973169917834
359,969493101,16,16.789595897880766,15.065851673729483,0.9761305105435292,0.0037287973169917834
360,1725992558,16,16.871127747343316,14.708077758627159,0.9761305105435292,0.0037287973169917834
361,1870949206,17,16.722815314202705,15.878984774799378,0.9761305105435292,0.0037287973169917834
362,2729101691,17,16.518977504797455,16.797096971232914,0.9761305105435292,0.0037287973169917834
363,1329578746,20,20.479093833825466,14.774541079742168,0.9761305105435292,0.0037287973169917834
364,2735114138,14,13.5115920910163,14.625587558808576,0.9761305105435292,0.0037287973169917834
365,1509583494,17,17.25194319552902,16.254307184742846,0.9761305105435292,0.0037287973169917834
366,868151393,17,16.7943390329012,15.048286857135036,0.9761305105435292,0.0037287973169917834
367,3530751229,21,21.19577199224408,15.214351783500494,0.9761305105435292,0.0037287973169917834
368,22679578,9,7.602364968262717,16.31430250632435,0.9761305105435292,0.0037287973169917834
369,4284562370,19,17.903598509188356,14.52452394363802,0.9761305105435292,0.0037287973169917834
370,1613909274,12,12.089264074860404,15.32770515349578,0.9761305105435292,0.0037287973169917834
371,2798439851,18,17.565937628135902,15.145248252240725,0.9761305105435292,0.0037287973169917834
372,4237897049,18,17.20144119334394,15.88106321826543,0.9761305105435292,0.0037287973169917834
373,1570515961,19,19.107589239146222,15.252845914177636,0.9761305105435292,0.0037287973169917834
374,2953212702,14,14.31693134357794,16.685975906835044,0.9761305105435292,0.0037287973169917834
375,1693805755,19,19.679453941449253,15.35650990624402,0.9761305105435292,0.0037287973169917834
376,3333804901,18,18.19548860821448,15.788772770716909,0.9761305105435292,0.0037287973169917834
377,1655232149,15,14.748937539941966,16.823190551971713,0.9761305105435292,0.0037287973169917834
378,2369780314,20,20.771571641035152,16.886682911098696,0.9761305105435292,0.0037287973169917834
379,1077348311,15,14.63026129652329,15.559007702988538,0.9761305105435292,0.0037287973169917834
380,2816986427,21,20.952769850446185,15.805381624612204,0.9761305105435292,0.0037287973169917834
381,1308807083,16,16.032623268301585,16.034955041406832,0.9761305105435292,0.0037287973169917834
382,3506460588,13,13.469264631666823,16.81183666163843,0.9761305105435292,0.0037287973169917834
383,2984784207,16,15.403002045341623,15.247020581704243,0.9761305105435292,0.0037287973169917834
384,3426124984,14,13.851522616461873,15.95820549673474,0.9761305105435292,0.0037287973169917834
385,2292388533,13,13.097136834763296,15.701462880818742,0.9761305105435292,0.0037287973169917834
386,1123295465,13,11.499492389432856,15.268365278792468,0.9761305105435292,0.0037287973169917834
387,4294703000,25,24.598190351653457,16.40448228295634,0.9761305105435292,0.0037287973169917834
388,2753971576,13,13.091108796357833,17.42800417300218,0.9761305105435292,0.0037287973169917834
389,1519443746,15,14.745443266911598,16.444979770950532,0.9761305105435292,0.0037287973169917834
390,761643104,12,11.624337780056779,16.983925238964126,0.9761305105435292,0.0037287973169917834
391,1989188665,15,13.992085315549895,16.814271846373323,0.9761305105435292,0.0037287973169917834
392,612607955,15,14.807291736195458,15.651282514835051,0.9761305105435292,0.0037287973169917834
393,2917436103,17,17.156810703406336,15.366008726234332,0.9761305105435292,0.0037287973169917834
394,3481017311,22,22.46694480821461,14.548090215778348,0.9761305105435292,0.0037287973169917834
395,3431204629,12,11.057534753040397,16.547091121444367,0.9761305105435292,0.0037287973169917834
396,2496543035,17,17.296636087045663,14.81639114992763,0.9761305105435292,0.0037287973169917834
397,3881935599,19,18.843555576841975,16.245143446115502,0.9761305105435292,0.0037287973169917834
398,2616842525,20,20.644240566358256,15.13776905086831,0.9761305105435292,0.0037287973169917834
399,559312285,16,15.888396685015815,17.310517855478096,0.9761305105435292,0.0037287973169917834
400,3517154872,14,13.729956297995946,14.84535758989468,0.9761305105435292,0.0037287973169917834
401,2697629125,14,13.318691149149055,15.79324551801157,0.9761305105435292,0.0037287973169917834
402,2755362893,13,14.642393764784714,16.252078893935202,0.9761305105435292,0.0037287973169917834
403,2403541429,15,15.572948446572983,16.83697610275791,0.9761305105435292,0.0037287973169917834
404,3204402837,22,22.857227493489326,17.249781689346687,0.9761305105435292,0.0037287973169917834
405,3837093518,17,17.244924779588196,15.96895317263245,0.9761305105435292,0.0037287973169917834
406,3060226381,18,18.445301924907042,16.37518760756392,0.9761305105435292,0.0037287973169917834
407,957076380,16,15.426910406588382,15.704066834417915,0.9761305105435292,0.0037287973169917834
408,3239285419,14,12.666639559017145,14.46420302113562,0.9761305105435292,0.0037287973169917834
409,3892249598,23,22.603079153525357,17.635426157250343,0.9761305105435292,0.0037287973169917834
410,3215638617,17,16.65806794566742,16.033183820154758,0.9761305105435292,0.0037287973169917834
411,2343151089,17,16.719247894310783,15.746816871611713,0.9761305105435292,0.0037287973169917834
412,3381218290,16,15.601116066792434,16.711051259930144,0.9761305105435292,0.0037287973169917834
413,2575950125,15,14.79696705780656,14.40477005729861,0.9761305105435292,0.0037287973169917834
414,13069431,15,14.82856055234501,15.507578808481801,0.9761305105435292,0.0037287973169917834
415,617488546,11,11.380713108440077,15.432592084583908,0.9761305105435292,0.0037287973169917834
416,3758698752,8,7.896901905802336,17.878054654434386,0.9761305105435292,0.0037287973169917834
417,846686162,18,18.562150137468446,15.203026837640824,0.9761305105435292,0.0037287973169917834
418,2587574309,13,13.403598092257084,15.621851054629527,0.9761305105435292,0.0037287973169917834
419,1070245372,20,20.0940493594514,16.488494425895958,0.9761305105435292,0.0037287973169917834
420,305979681,12,13.0385316479045,16.082015593130354,0.9761305105435292,0.0037287973169917834
421,4046862421,16,15.94510331652415,15.573414769664245,0.9761305105435292,0.0037287973169917834
422,2000697541,14,13.54556754131077,14.429157892521626,0.9761305105435292,0.0037287973169917834
423,1046787186,16,15.55092178494282,16.516033191706516,0.9761305105435292,0.0037287973169917834
424,727052067,18,18.12046771047154,13.8037117480007,0.9761305105435292,0.0037287973169917834
425,3555667462,18,18.23568192128831,14.920131795356388,0.9761305105435292,0.0037287973169917834
426,951230863,15,14.591467368320929,16.531652872702104,0.9761305105435292,0.0037287973169917834
427,867345798,15,15.363452340744683,14.04885055114866,0.9761305105435292,0.0037287973169917834
428,4179096811,21,20.25808548462299,16.574214138225994,0.9761305105435292,0.0037287973169917834
429,2580460791,20,20.167762599364032,14.674133065936147,0.9761305105435292,0.0037287973169917834
430,346867534,15,15.534661957654825,17.679079503355098,0.9761305105435292,0.0037287973169917834
431,1490209610,15,14.580796238747677,15.876319495251721,0.9761305105435292,0.0037287973169917834
432,3835494283,20,20.54688460918891,16.25644699837059,0.9761305105435292,0.0037287973169917834
433,607865587,16,15.799628342403935,16.250012254150953,0.9761305105435292,0.0037287973169917834
434,2031731564,16,16.655186088241773,16.254439592731572,0.9761305105435292,0.0037287973169917834
435,453629922,16,16.56145357615065,16.23037388261132,0.9761305105435292,0.0037287973169917834
436,919693757,18,17.945428857738328,16.021711674807626,0.9761305105435292,0.0037287973169917834
437,4243598068,18,18.39223257301772,15.394850266616288,0.9761305105435292,0.0037287973169917834
438,2112152535,21,20.03155367453271,16.424197779724015,0.9761305105435292,0.0037287973169917834
439,1736708311,14,14.187342904893125,15.458700054929107,0.9761305105435292,0.0037287973169917834
440,2614764645,16,14.693153796879837,15.257991514878885,0.9761305105435292,0.0037287973169917834
441,871869449,17,15.887961569465114,15.197653275325385,0.9761305105435292,0.0037287973169917834
442,1731883273,15,15.035152657879658,16.133989907425963,0.9761305105435292,0.0037287973169917834
443,3340076857,16,15.578662508781477,15.078570596972009,0.9761305105435292,0.0037287973169917834
444,3828345686,19,18.24542408620345,16.851148754178396,0.9761305105435292,0.0037287973169917834
445,2788592487,17,16.227100340496797,17.069099914382015,0.9761305105435292,0.0037287973169917834
446,2285041648,16,15.639336003414744,15.965551967300414,0.9761305105435292,0.0037287973169917834
447,3797751915,16,16.064619391418173,15.801317001955459,0.9761305105435292,0.0037287973169917834
448,3538594382,17,16.14473028345833,15.731343373875925,0.9761305105435292,0.0037287973169917834
449,323927511,19,19.63287139388813,15.701412803980185,0.9761305105435292,0.0037287973169917834
450,1750586946,15,13.710694304277094,16.96884914552569,0.9761305105435292,0.0037287973169917834
451,2104128003,16,16.656920823969358,15.428723096185962,0.9761305105435292,0.0037287973169917834
452,2678055684,18,18.918585024503038,15.058179771921186,0.9761305105435292,0.0037287973169917834
453,3309500209,16,16.566753439553214,15.903047497860694,0.9761305105435292,0.0037287973169917834
454,1442391129,16,15.079896183528103,16.572293731221528,0.9761305105435292,0.0037287973169917834
455,2937119183,17,16.460985896780393,14.832404063276254,0.9761305105435292,0.0037287973169917834
456,60253261,14,14.526881781865203,14.475969215731164,0.9761305105435292,0.0037287973169917834
457,4199022039,23,22.3541389176284,17.711066509813527,0.9761305105435292,0.0037287973169917834
458,3967126387,19,18.994049955158648,15.315346656721582,0.9761305105435292,0.0037287973169917834
459,3558490419,13,12.458992842105737,16.422784623919984,0.9761305105435292,0.0037287973169917834
460,2481290350,19,19.362872897514265,16.855112667613824,0.9761305105435292,0.0037287973169917834
461,4247353827,20,19.98265029986056,16.94735935291727,0.9761305105435292,0.0037287973169917834
462,987852121,17,17.14414339759822,16.207592624604736,0.9761305105435292,0.0037287973169917834
463,2776474360,18,18.42050885866272,15.775874048353035,0.9761305105435292,0.0037287973169917834
464,3487590104,17,17.167908969552442,16.036948831017302,0.9761305105435292,0.0037287973169917834
465,3870050338,13,12.631563372105536,17.284188659698454,0.9761305105435292,0.0037287973169917834
466,1736958245,16,16.146343055573947,12.944784932841092,0.9761305105435292,0.0037287973169917834
467,1024607437,14,13.73376713960729,15.231594768214302,0.9761305105435292,0.0037287973169917834
468,3519837071,18,17.651281687025996,16.48156859757299,0.9761305105435292,0.0037287973169917834
469,3950056812,17,17.146097992741627,17.02051568462613,0.9761305105435292,0.0037287973169917834
470,1369103589,17,18.58276342908786,16.676872359772965,0.9761305105435292,0.0037287973169917834
471,3104943688,14,13.469906323593538,16.925729602229033,0.9761305105435292,0.0037287973169917834
472,2211150985,16,16.679422840269638,16.380247616785773,0.9761305105435292,0.0037287973169917834
473,2987563427,14,14.160049924565069,16.025865260716323,0.9761305105435292,0.0037287973169917834
474,3250707609,15,14.225343326564522,17.010515120303896,0.9761305105435292,0.0037287973169917834
475,4092167282,17,16.394693775163276,15.99249001180409,0.9761305105435292,0.0037287973169917834
476,229275253,17,16.77777048766921,14.762945072736775,0.9761305105435292,0.0037287973169917834
477,3765598832,15,15.018956202252728,15.022836433512547,0.9761305105435292,0.0037287973169917834
478,281428855,14,14.354435378090404,14.215411639223614,0.9761305105435292,0.0037287973169917834
479,1296214997,16,15.468108513784168,16.552999502241782,0.9761305105435292,0.0037287973169917834
480,4217658347,21,20.438014017536972,17.431408811305964,0.9761305105435292,0.0037287973169917834
481,1975548365,17,16.310753194808466,15.442386439660037,0.9761305105435292,0.0037287973169917834
482,2739819508,17,16.046471121949672,15.575091573917017,0.9761305105435292,0.0037287973169917834
483,1892752115,16,15.272315813893874,15.934938935464285,0.9761305105435292,0.0037287973169917834
484,4197688703,21,22.033783586220743,15.78625936782143,0.9761305105435292,0.0037287973169917834
485,3796569149,15,15.932136318217271,15.538335706061957,0.9761305105435292,0.0037287973169917834
486,445641176,17,16.516100850149282,16.83257826189149,0.9761305105435292,0.0037287973169917834
487,713586987,14,13.777632602755839,15.413690229301753,0.9761305105435292,0.0037287973169917834
488,1650070090,12,11.129090410411475,16.459273117941553,0.9761305105435292,0.0037287973169917834
489,3270547946,16,15.544679178994764,13.713122761515924,0.9761305105435292,0.0037287973169917834
490,3911266523,15,16.02443499852226,14.4098756741311,0.9761305105435292,0.0037287973169917834
491,3287867248,19,18.637335125044558,16.677600840355204,0.9761305105435292,0.0037287973169917834
492,1759437218,16,15.761457658054027,16.056874434138795,0.9761305105435292,0.0037287973169917834
493,3455284283,20,19.145999026506672,15.612247058339458,0.9761305105435292,0.0037287973169917834
494,830541822,16,15.58387582837411,17.10700632582665,0.9761305105435292,0.0037287973169917834
495,4210809702,23,24.354976561120925,17.66017043130146,0.9761305105435292,0.0037287973169917834
496,3963776723,17,17.73159486286927,14.587398769614627,0.9761305105435292,0.0037287973169917834
497,3490560509,18,18.677344896390895,15.540763918209331,0.9761305105435292,0.0037287973169917834
498,4089824497,18,18.666072191557383,15.522986783494352,0.9761305105435292,0.0037287973169917834
499,2851943627,19,19.068093437541478,14.009291841765005,0.9761305105435292,0.0037287973169917834
500,4221824356,20,19.60187699011339,16.73694009300661,0.9761305105435292,0.0037287973169917834
501,2955609474,11,11.932577726223185,17.417998608112622,0.9761305105435292,0.0037287973169917834
502,2353915144,13,13.264601976892148,16.05775135182855,0.9761305105435292,0.0037287973169917834
503,1270150267,19,18.22818036989406,14.00316331774009,0.9761305105435292,0.0037287973169917834
504,108029460,11,12.33625227044474,18.04531299293463,0.9761305105435292,0.0037287973169917834
505,3986788244,17,16.688217238350912,14.387646603460984,0.9761305105435292,0.0037287973169917834
506,1260243442,17,16.83494276919842,16.91591351551559,0.9761305105435292,0.0037287973169917834
507,1499992443,15,14.282803856038807,15.572045162997231,0.9761305105435292,0.0037287973169917834
508,3426636854,16,15.314115722162526,17.070959170415385,0.9761305105435292,0.0037287973169917834
509,2541380584,18,17.466920717895313,15.944005704329493,0.9761305105435292,0.0037287973169917834
510,3889057885,18,17.282509775661275,17.085729136008887,0.9761305105435292,0.0037287973169917834
511,364815003,17,17.299242752121266,16.245982400199683,0.9761305105435292,0.0037287973169917834
512,774836216,18,18.41246260186032,16.12795658331937,0.9761305105435292,0.0037287973169917834
513,1977182553,18,18.624331940942877,16.506855802064305,0.9761305105435292,0.0037287973169917834
514,4142781706,19,18.261199479374,15.660572057519477,0.9761305105435292,0.0037287973169917834
515,1280632658,15,15.747954412436835,16.8237049453322,0.9761305105435292,0.0037287973169917834
516,1794799213,20,20.09514296842649,15.929772859435797,0.9761305105435292,0.0037287973169917834
517,2279278845,18,17.66047670081475,15.841788648829782,0.9761305105435292,0.0037287973169917834
518,3447776591,16,15.692658779366354,15.929991906211635,0.9761305105435292,0.0037287973169917834
519,698438953,13,13.591638997518269,14.955213494114762,0.9761305105435292,0.0037287973169917834
520,3306513300,14,14.458937516208508,15.554083817922711,0.9761305105435292,0.0037287973169917834
521,3844438877,19,18.79978827032238,17.478017292652954,0.9761305105435292,0.0037287973169917834
522,1891246763,15,16.00140164788622,17.718023793222095,0.9761305105435292,0.0037287973169917834
523,2417884007,18,18.067263862520804,14.864134185034539,0.9761305105435292,0.0037287973169917834
524,3405244412,23,22.40305829279506,17.287827482306618,0.9761305105435292,0.0037287973169917834
525,1911460400,15,14.831721348883296,15.44564375762244,0.9761305105435292,0.0037287973169917834
526,2340938807,17,16.336675841197234,14.811241974501943,0.9761305105435292,0.0037287973169917834
527,68241754,10,10.272236853085928,17.49586173482792,0.9761305105435292,0.0037287973169917834
528,1404632667,20,19.930381988921816,15.054483515928798,0.9761305105435292,0.0037287973169917834
529,4155255176,16,16.27207743989567,14.460168585919082,0.9761305105435292,0.0037287973169917834
530,896026408,13,12.433435920179516,14.052439445629712,0.9761305105435292,0.0037287973169917834
531,3245599504,15,14.946863150644296,14.98086347203681,0.9761305105435292,0.0037287973169917834
532,3419960302,20,20.004394226179443,15.756097655451503,0.9761305105435292,0.0037287973169917834
533,1363825386,14,12.937654021253653,17.962121918722172,0.9761305105435292,0.0037287973169917834
534,965877705,16,16.600047227812677,15.7946781402375,0.9761305105435292,0.0037287973169917834
535,1889036911,16,15.212356893323966,14.705974387467197,0.9761305105435292,0.0037287973169917834
536,385415050,18,17.59597064863444,17.023967873420627,0.9761305105435292,0.0037287973169917834
537,2249682426,18,18.05303290906272,14.964637145572084,0.9761305105435292,0.0037287973169917834
538,1526531541,18,17.611632881664463,15.751017643326525,0.9761305105435292,0.0037287973169917834
539,914756516,13,12.52222763080087,15.960419022138405,0.9761305105435292,0.0037287973169917834
540,2484735951,16,15.68361725787015,16.24104340598496,0.9761305105435292,0.0037287973169917834
541,233225810,17,15.845611328251357,13.902508401711719,0.9761305105435292,0.0037287973169917834
542,1768921297,17,16.650033496754297,14.9120328717166,0.9761305105435292,0.0037287973169917834
543,1235992565,21,20.42227577874082,16.206079143458716,0.9761305105435292,0.0037287973169917834
544,434191649,14,13.335700170644262,18.304752001419995,0.9761305105435292,0.0037287973169917834
545,4028919096,14,15.268236636666149,16.36346771505849,0.9761305105435292,0.0037287973169917834
546,4280322345,15,14.641107314468709,15.003414669827785,0.9761305105435292,0.0037287973169917834
547,1600629715,21,22.216255323826793,14.51170153343464,0.9761305105435292,0.0037287973169917834
548,2316685286,17,15.729812905606968,18.251451576974354,0.9761305105435292,0.0037287973169917834
549,1430141338,17,16.912308445303715,16.106793787731352,0.9761305105435292,0.0037287973169917834
550,2176736401,15,15.232444696408823,16.584121715144,0.9761305105435292,0.0037287973169917834
551,1929970865,12,12.235472010655634,14.259763125167026,0.9761305105435292,0.0037287973169917834
552,2641042853,18,19.178948130736224,16.745481198355705,0.9761305105435292,0.0037287973169917834
553,1493902915,13,13.07171297613381,14.721298147958743,0.9761305105435292,0.0037287973169917834
554,4169423969,14,13.146888584551382,18.153539650013897,0.9761305105435292,0.0037287973169917834
555,1245084469,17,16.472260869785416,16.33296614936966,0.9761305105435292,0.0037287973169917834
556,1582877461,16,17.07042763092863,17.790852121974225,0.9761305105435292,0.0037287973169917834
557,687197893,17,16.87085668930227,14.925528961250468,0.9761305105435292,0.0037287973169917834
558,3147838467,13,13.012411554322146,15.322674067131313,0.9761305105435292,0.0037287973169917834
559,4033818054,18,17.901500548789553,15.400504454532719,0.9761305105435292,0.0037287973169917834
560,292693006,11,11.376539961050131,15.901419497402458,0.9761305105435292,0.0037287973169917834
561,1839454697,19,19.78997760203308,16.409335163259357,0.9761305105435292,0.0037287973169917834
562,3786581343,18,17.415902198353574,12.831455553917982,0.9761305105435292,0.0037287973169917834
563,1387258508,16,16.618569446943447,16.304419444835325,0.9761305105435292,0.0037287973169917834
564,4210988595,21,21.3096446060767,16.881784901648807,0.9761305105435292,0.0037287973169917834
565,3832703497,14,13.02945908451846,15.723985259410636,0.9761305105435292,0.0037287973169917834
566,1446016699,17,16.394560511461194,16.243796556105345,0.9761305105435292,0.0037287973169917834
567,4058472812,18,17.067995964245707,13.005677907711942,0.9761305105435292,0.0037287973169917834
568,1274707765,21,21.62990553748411,15.457716447059227,0.9761305105435292,0.0037287973169917834
569,2275308353,16,16.575920596361666,16.548878263408916,0.9761305105435292,0.0037287973169917834
570,1277331642,12,13.091860052798816,16.71077949937216,0.9761305105435292,0.0037287973169917834
571,1879905730,12,11.799815818813453,13.820361379587277,0.9761305105435292,0.0037287973169917834
572,3022692918,14,13.971772189064627,16.567675575650384,0.9761305105435292,0.0037287973169917834
573,1504141666,15,15.581847577400183,13.713928724754382,0.9761305105435292,0.0037287973169917834
574,3772221873,16,16.045196639024518,14.798618920906794,0.9761305105435292,0.0037287973169917834
575,1167862827,14,14.072517608916991,16.191986965535683,0.9761305105435292,0.0037287973169917834
576,2090557713,15,15.983371258311166,14.397394555964098,0.9761305105435292,0.0037287973169917834
577,1049274266,17,17.198977452642225,15.317618784332783,0.9761305105435292,0.0037287973169917834
578,841715333,14,14.156953605445944,17.00867738449605,0.9761305105435292,0.0037287973169917834
579,2525781946,18,17.980219905270463,15.149980569503459,0.9761305105435292,0.0037287973169917834
580,3057148720,14,13.996313281515492,15.282034934654073,0.9761305105435292,0.0037287973169917834
581,3096527878,11,10.830135198183626,14.716030660000053,0.9761305105435292,0.0037287973169917834
582,1839379252,16,16.17188610618363,14.781961359158496,0.9761305105435292,0.0037287973169917834
583,1937127477,17,17.187139820146605,17.668976863008,0.9761305105435292,0.0037287973169917834
584,2902980629,16,17.072904317060658,16.91448052808463,0.9761305105435292,0.0037287973169917834
585,26670325,16,16.485299366213166,16.556225526447058,0.9761305105435292,0.0037287973169917834
586,4239322129,18,18.12760374468177,17.211061008468043,0.9761305105435292,0.0037287973169917834
587,1041181195,15,15.804450921869455,16.060538890125606,0.9761305105435292,0.0037287973169917834
588,4227444042,21,20.818129054094953,16.16160381747889,0.9761305105435292,0.0037287973169917834
589,2849318331,18,18.132663104617734,17.12502894054789,0.9761305105435292,0.0037287973169917834
590,682656287,12,11.376369970217668,16.0256261359689,0.9761305105435292,0.0037287973169917834
591,4045623437,14,13.908760736915577,14.664344322460877,0.9761305105435292,0.0037287973169917834
592,938454998,23,22.519804437914228,15.872611185965095,0.9761305105435292,0.0037287973169917834
593,2312929607,14,14.1915835264485,17.065768777186044,0.9761305105435292,0.0037287973169917834
594,2997032136,13,12.925998425693844,15.969688507888648,0.9761305105435292,0.0037287973169917834
595,3205778200,15,14.209198305409734,16.109942633371812,0.9761305105435292,0.0037287973169917834
596,1343175009,13,12.629873932262766,18.219621040169688,0.9761305105435292,0.0037287973169917834
597,1681147033,12,12.068709072600713,15.08463146325496,0.9761305105435292,0.0037287973169917834
598,4086544304,19,18.617624135647844,15.158319194167778,0.9761305105435292,0.0037287973169917834
599,2832942621,16,16.168656049655745,15.89111378487176,0.9761305105435292,0.0037287973169917834
600,2582959445,18,18.725606363509733,16.650169581159382,0.9761305105435292,0.0037287973169917834
601,914302661,18,18.571697079120536,16.94684075024572,0.9761305105435292,0.0037287973169917834
602,3112118490,19,18.59540866217783,15.10204983758175,0.9761305105435292,0.0037287973169917834
603,4130312150,21,21.159167158928547,14.154939789790632,0.9761305105435292,0.0037287973169917834
604,144910892,11,10.406201821602425,14.37792005874358,0.9761305105435292,0.0037287973169917834
605,2020483844,13,13.63939185739198,18.47034794684691,0.9761305105435292,0.0037287973169917834
606,1896543060,15,15.521049901905965,16.261203901161466,0.9761305105435292,0.0037287973169917834
607,2375892334,19,20.19133834920197,15.126289588009564,0.9761305105435292,0.0037287973169917834
608,3027227686,17,16.861862129500377,16.229439802586477,0.9761305105435292,0.0037287973169917834
609,3035945036,16,15.654410228740778,17.272525183930647,0.9761305105435292,0.0037287973169917834
610,2250210644,17,17.28662195766897,14.71373129059333,0.9761305105435292,0.0037287973169917834
611,1922054290,12,11.660517226293665,14.745246968059394,0.9761305105435292,0.0037287973169917834
612,2070333634,16,16.62318002192624,15.916049657450888,0.9761305105435292,0.0037287973169917834
613,4024830887,20,19.805059589987323,17.03244731016011,0.9761305105435292,0.0037287973169917834
614,238561475,12,11.628093147079237,17.03283599808617,0.9761305105435292,0.0037287973169917834
615,3143151122,16,15.273893801089901,15.264943444308557,0.9761305105435292,0.0037287973169917834
616,2324357921,13,13.913067262897055,17.43595043061497,0.9761305105435292,0.0037287973169917834
617,2430815938,14,13.682699030606855,14.763241340846168,0.9761305105435292,0.0037287973169917834
618,1880124036,10,10.524796667679531,14.487730128134567,0.9761305105435292,0.0037287973169917834
619,1908689542,13,13.925083694518623,17.21749724672429,0.9761305105435292,0.0037287973169917834
620,2491147335,17,16.214406685141697,15.20374199356084,0.9761305105435292,0.0037287973169917834
621,2299483131,18,17.517125249801687,14.67220265075414,0.9761305105435292,0.0037287973169917834
622,417679293,17,17.94153810874773,17.280025736410224,0.9761305105435292,0.0037287973169917834
623,4228510149,17,17.601158381555074,15.898426701475714,0.9761305105435292,0.0037287973169917834
624,3445615355,23,23.622780507842087,16.725961675019654,0.9761305105435292,0.0037287973169917834
625,708955486,15,14.473926676790985,15.839971671337683,0.9761305105435292,0.0037287973169917834
626,423702050,11,10.34876326976836,16.146337141974403,0.9761305105435292,0.0037287973169917834
627,1164997268,13,12.48111939689868,17.427040940126,0.9761305105435292,0.0037287973169917834
628,1070744405,17,16.952340364873784,15.20347654337552,0.9761305105435292,0.0037287973169917834
629,2441186061,12,12.30025976891402,16.512082715632523,0.9761305105435292,0.0037287973169917834
630,1780852466,16,15.821612475119082,15.87449703191659,0.9761305105435292,0.0037287973169917834
631,984304814,17,16.774145494780804,15.3716854684566,0.9761305105435292,0.0037287973169917834
632,2347844750,15,16.486004488391842,18.118153604328164,0.9761305105435292,0.0037287973169917834
633,865178110,17,18.150615160660724,14.142761574799641,0.9761305105435292,0.0037287973169917834
634,664542268,15,13.980019835629895,14.317610665981178,0.9761305105435292,0.0037287973169917834
635,3519183069,17,16.781482235310648,14.650109997268473,0.9761305105435292,0.0037287973169917834
636,3638100106,12,10.489095897679187,15.239313786792284,0.9761305105435292,0.0037287973169917834
637,974466353,14,13.648646217352569,15.506809069108806,0.9761305105435292,0.0037287973169917834
638,3163633923,14,15.02541830905244,17.325619048124985,0.9761305105435292,0.0037287973169917834
639,3742841656,19,19.431375741807965,14.921358371713044,0.9761305105435292,0.0037287973169917834
640,2581991488,11,10.83230793966403,17.05549363031565,0.9761305105435292,0.0037287973169917834
641,1384234581,15,14.3448383968016,15.709563991518184,0.9761305105435292,0.0037287973169917834
642,2695801313,15,15.799178993869674,14.615135394894287,0.9761305105435292,0.0037287973169917834
643,4256698133,18,16.38429119120834,15.099698033307217,0.9761305105435292,0.0037287973169917834
644,3395339813,13,11.752996038270433,17.888912175777374,0.9761305105435292,0.0037287973169917834
645,549882516,11,11.074303170529948,17.384861356952225,0.9761305105435292,0.0037287973169917834
646,4288183032,21,21.323726882376693,17.272574253722873,0.9761305105435292,0.0037287973169917834
647,2922122074,15,14.345593276247119,16.660698595872283,0.9761305105435292,0.0037287973169917834
648,1545233560,13,13.3592737638851,16.166821491544898,0.9761305105435292,0.0037287973169917834
649,2080170700,20,19.707596338037924,17.683887672064948,0.9761305105435292,0.0037287973169917834
650,2219204561,15,14.819056955076814,17.142206110305406,0.9761305105435292,0.0037287973169917834
651,3881634488,17,16.40742198059185,14.713812146032591,0.9761305105435292,0.0037287973169917834
652,125203751,17,16.893941229621113,15.527512004733932,0.9761305105435292,0.0037287973169917834
653,1302225909,19,18.60945187926827,15.061298059965576,0.9761305105435292,0.0037287973169917834
654,1046547829,16,16.009949273265143,17.988797168863023,0.9761305105435292,0.0037287973169917834
655,1136905277,16,15.789114385379571,15.555885947981935,0.9761305105435292,0.0037287973169917834
656,2859359355,19,18.4906186046991,15.495811757632046,0.9761305105435292,0.0037287973169917834
657,2588909314,16,16.64702712287369,17.55460809087636,0.9761305105435292,0.0037287973169917834
658,3395903157,18,18.065059044473273,15.833800760316342,0.9761305105435292,0.0037287973169917834
659,577450120,11,10.049079300619619,16.648598209265792,0.9761305105435292,0.0037287973169917834
660,2364013486,21,21.692452288519263,16.15811755963991,0.9761305105435292,0.0037287973169917834
661,2070106692,15,15.451927394118083,16.74665666667821,0.9761305105435292,0.0037287973169917834
662,3320351412,15,16.178409660479115,16.141743308435075,0.9761305105435292,0.0037287973169917834
663,603042081,14,14.984339009755463,16.164081994190923,0.9761305105435292,0.0037287973169917834
664,2859067364,18,18.361493053963166,17.24109677397476,0.9761305105435292,0.0037287973169917834
665,3307406685,14,13.868769472712163,16.113449579722396,0.9761305105435292,0.0037287973169917834
666,3248259760,12,12.204634609993409,16.114905462024087,0.9761305105435292,0.0037287973169917834
667,1964445118,18,17.823714667519642,16.54649043376051,0.9761305105435292,0.0037287973169917834
668,3758768097,15,15.227995065671433,16.069019399316467,0.9761305105435292,0.0037287973169917834
669,1244067847,14,14.489512174476147,15.736241903920064,0.9761305105435292,0.0037287973169917834
670,3001781204,18,18.897003929056147,15.19976215398853,0.9761305105435292,0.0037287973169917834
671,2445898364,16,15.433346283790751,17.251964963206156,0.9761305105435292,0.0037287973169917834
672,162981297,16,15.139344776089553,14.261264499743206,0.9761305105435292,0.0037287973169917834
673,3845519560,17,17.469255609102138,16.478475142688445,0.9761305105435292,0.0037287973169917834
674,2737612433,14,14.06301348586742,16.102809454488916,0.9761305105435292,0.0037287973169917834
675,2899532054,16,15.179623229048449,16.1875276643122,0.9761305105435292,0.0037287973169917834
676,3775358679,17,17.801835701999728,15.853470518816632,0.9761305105435292,0.0037287973169917834
677,3551859526,16,16.890262915205515,16.771216256733275,0.9761305105435292,0.0037287973169917834
678,3565029597,17,16.23952916172492,15.079982025715301,0.9761305105435292,0.0037287973169917834
679,2221049045,12,12.190410813740497,16.298625728483508,0.9761305105435292,0.0037287973169917834
680,1470795522,15,14.981175060730767,16.695670736220983,0.9761305105435292,0.0037287973169917834
681,3881995289,15,14.97956082328525,15.978158464150017,0.9761305105435292,0.0037287973169917834
682,1018605898,16,14.815089618462537,16.198787634009115,0.9761305105435292,0.0037287973169917834
683,2540925728,16,16.464556700252665,14.477002602980566,0.9761305105435292,0.0037287973169917834
684,1246308659,13,13.804419829242894,16.045507217741307,0.9761305105435292,0.0037287973169917834
685,2171636706,13,14.05799593539607,15.327730103189197,0.9761305105435292,0.0037287973169917834
686,503024108,19,18.464609681251826,15.321895637770487,0.9761305105435292,0.0037287973169917834
687,225777600,14,12.98747793025323,15.713484764224187,0.9761305105435292,0.0037287973169917834
688,1841414195,14,14.024407365236389,17.734657080027414,0.9761305105435292,0.0037287973169917834
689,1910489306,18,18.864717686190108,15.906572659936874,0.9761305105435292,0.0037287973169917834
690,734428867,18,18.159572394002574,15.771227037786975,0.9761305105435292,0.0037287973169917834
691,3209635670,20,20.526069823064702,15.329263655937101,0.9761305105435292,0.0037287973169917834
692,235134729,14,14.737218756956418,16.43822962651928,0.9761305105435292,0.0037287973169917834
693,251153655,18,17.83522183918194,18.2552686465586,0.9761305105435292,0.0037287973169917834
694,1632869012,14,13.402649695029805,16.15197216696135,0.9761305105435292,0.0037287973169917834
695,3537098457,19,17.893548709121095,15.39585112611623,0.9761305105435292,0.0037287973169917834
696,3587955698,22,22.121828237609915,16.871122347093923,0.9761305105435292,0.0037287973169917834
697,3462933385,15,14.595917099052496,18.52057498803708,0.9761305105435292,0.0037287973169917834
698,3477169362,15,15.292118170139563,18.07161162696204,0.9761305105435292,0.0037287973169917834
699,3948029291,17,16.582389159415794,13.944994176841373,0.9761305105435292,0.0037287973169917834
700,217814956,18,17.398414050810246,14.996495224210978,0.9761305105435292,0.0037287973169917834
701,2445258073,19,19.060386986617523,18.24301812796729,0.9761305105435292,0.0037287973169917834
702,3942232725,19,20.255968514783692,14.351335060488129,0.9761305105435292,0.0037287973169917834
703,2658887608,20,19.489431191739833,17.518266587356003,0.9761305105435292,0.0037287973169917834
704,517368531,18,17.78140751469818,15.832537932089746,0.9761305105435292,0.0037287973169917834
705,2845830057,20,19.28903572422987,15.081703822121508,0.9761305105435292,0.0037287973169917834
706,2795455778,15,14.31739659673589,14.305141948088126,0.9761305105435292,0.0037287973169917834
707,760023248,12,12.173131099250236,16.714441503742712,0.9761305105435292,0.0037287973169917834
708,3629958608,15,15.269700327353444,15.510869162271032,0.9761305105435292,0.0037287973169917834
709,868714473,18,18.703972035676095,16.92530912349352,0.9761305105435292,0.0037287973169917834
710,3285258380,12,11.744461850281755,16.34022435426993,0.9761305105435292,0.0037287973169917834
711,37686923,14,14.852427481532345,14.944751611790304,0.9761305105435292,0.0037287973169917834
712,1998010135,19,19.092193360093304,15.029798241808653,0.9761305105435292,0.0037287973169917834
713,1770689807,15,13.909137214490983,16.475661742925592,0.9761305105435292,0.0037287973169917834
714,1290985519,16,15.19782220756196,15.91641548837735,0.9761305105435292,0.0037287973169917834
715,3677678107,18,18.14693576099186,16.646821547955884,0.9761305105435292,0.0037287973169917834
716,215937473,16,15.985673878965036,17.507089750466385,0.9761305105435292,0.0037287973169917834
717,404000842,9,8.757025834008218,15.433137719521364,0.9761305105435292,0.0037287973169917834
718,1797506529,16,15.9120810931045,16.52811443783532,0.9761305105435292,0.0037287973169917834
719,1310299964,16,15.366422618783949,17.08543935432487,0.9761305105435292,0.0037287973169917834
720,2391679848,14,13.41409821962468,14.986824656425716,0.9761305105435292,0.0037287973169917834
721,28615014,12,12.11294715530978,16.585323815252174,0.9761305105435292,0.0037287973169917834
722,1858755634,16,16.39895063771866,14.378176503204731,0.9761305105435292,0.0037287973169917834
723,158916816,12,13.044375718511962,13.16645430066776,0.9761305105435292,0.0037287973169917834
724,1135963464,15,15.495451893604272,14.895829404404461,0.9761305105435292,0.0037287973169917834
725,949568570,13,13.218883922625986,16.427897874148115,0.9761305105435292,0.0037287973169917834
726,1188805063,19,18.594300050664366,16.585417609703978,0.9761305105435292,0.0037287973169917834
727,2528943715,18,17.717216330392745,17.19853362474466,0.9761305105435292,0.0037287973169917834
728,1071214192,19,19.908943594464738,17.6444148785772,0.9761305105435292,0.0037287973169917834
729,3418835016,14,14.47847971616848,16.69988583999727,0.9761305105435292,0.0037287973169917834
730,341235110,15,14.119251540482264,15.679883543990858,0.9761305105435292,0.0037287973169917834
731,4211809144,18,18.546603678832994,16.622706506679297,0.9761305105435292,0.0037287973169917834
732,3227988220,15,13.106998356632994,16.625434767106775,0.9761305105435292,0.0037287973169917834
733,1438197919,17,16.543877198555514,15.46956473209769,0.9761305105435292,0.0037287973169917834
734,2672135842,16,15.44582300004438,16.270572575334793,0.9761305105435292,0.0037287973169917834
735,2662808639,21,21.41868825327775,15.26593802434743,0.9761305105435292,0.0037287973169917834
736,3519864519,19,20.21898480684976,16.672319111750728,0.9761305105435292,0.0037287973169917834
737,1086933267,11,11.22176996054352,16.926258138601355,0.9761305105435292,0.0037287973169917834
738,3065833569,17,16.72294524593942,13.91748740286092,0.9761305105435292,0.0037287973169917834
739,3849399157,18,16.540966922312418,15.48954540220158,0.9761305105435292,0.0037287973169917834
740,4101238626,20,19.774086728348276,15.85001069261692,0.9761305105435292,0.0037287973169917834
741,4219440220,21,19.857261775957987,15.890187046293239,0.9761305105435292,0.0037287973169917834
742,750606382,16,16.439217933906814,15.97701163515839,0.9761305105435292,0.0037287973169917834
743,255052325,15,14.862106474258905,16.773520716856073,0.9761305105435292,0.0037287973169917834
744,3695405814,18,17.784096419564843,14.173040438926188,0.9761305105435292,0.0037287973169917834
745,1990984000,11,11.491291236004118,17.926578776536452,0.9761305105435292,0.0037287973169917834
746,992652039,16,15.230366396387732,17.308583599740636,0.9761305105435292,0.0037287973169917834
747,3852273627,19,17.479490467665467,15.083207929156234,0.9761305105435292,0.0037287973169917834
748,2363277969,14,13.208451118917447,13.54649103352691,0.9761305105435292,0.0037287973169917834
749,2131011711,18,18.035171845675915,15.163350271492538,0.9761305105435292,0.0037287973169917834
750,543881659,17,16.40870176265272,16.621257908057146,0.9761305105435292,0.0037287973169917834
751,4246383832,18,17.464235424356055,16.173707433629733,0.9761305105435292,0.0037287973169917834
752,1125761795,12,13.001258083280437,18.1996249648173,0.9761305105435292,0.0037287973169917834
753,2905909659,17,18.368986073707482,17.658627680673476,0.9761305105435292,0.0037287973169917834
754,655644207,15,14.759752843566668,16.15304183730659,0.9761305105435292,0.0037287973169917834
755,1903194652,14,14.023505915580836,15.765388001805343,0.9761305105435292,0.0037287973169917834
756,2728330840,14,14.401971920968794,15.979280589874566,0.9761305105435292,0.0037287973169917834
757,1700401774,15,14.999113569784953,15.32573825078145,0.9761305105435292,0.0037287973169917834
758,1368927241,11,10.698257343522503,15.767588585406253,0.9761305105435292,0.0037287973169917834
759,13266227,13,13.308840908195563,16.35949495493677,0.9761305105435292,0.0037287973169917834
760,647660561,11,11.577774721312124,14.949074782569625,0.9761305105435292,0.0037287973169917834
761,430324067,15,15.4100591883192,16.298939324430144,0.9761305105435292,0.0037287973169917834
762,3313225207,22,21.571401060580534,15.231661993476758,0.9761305105435292,0.0037287973169917834
763,2916620084,16,17.331673719536635,15.644265643125085,0.9761305105435292,0.0037287973169917834
764,104161756,14,14.150097941186896,14.462479602928514,0.9761305105435292,0.0037287973169917834
765,3227374634,14,14.214287154611998,17.09981983266122,0.9761305105435292,0.0037287973169917834
766,3157970351,20,19.545924969915493,16.46266751226674,0.9761305105435292,0.0037287973169917834
767,1582119371,18,18.213560942484126,18.720324036151265,0.9761305105435292,0.0037287973169917834
768,2449907056,13,13.568091568447695,14.522046960574068,0.9761305105435292,0.0037287973169917834
769,1635339425,14,14.388948540263964,17.079555912082512,0.9761305105435292,0.0037287973169917834
770,4241146221,18,17.63706287841753,13.666356025267202,0.9761305105435292,0.0037287973169917834
771,3878715456,10,9.151604438616468,17.656334475074534,0.9761305105435292,0.0037287973169917834
772,1335624681,16,15.765939923565142,15.891723221619216,0.9761305105435292,0.0037287973169917834
773,2328027763,15,15.075363161576632,15.810426835839824,0.9761305105435292,0.0037287973169917834
774,2272914660,18,17.67090813592305,15.990745571623581,0.9761305105435292,0.0037287973169917834
775,988204293,16,16.105161073031677,15.441364150090255,0.9761305105435292,0.0037287973169917834
776,4005402739,20,20.735006114936308,15.222530949959813,0.9761305105435292,0.0037287973169917834
777,62719304,12,11.619842617844718,14.246932113730107,0.9761305105435292,0.0037287973169917834
778,2064572828,17,16.301270207556104,15.580713356181803,0.9761305105435292,0.0037287973169917834
779,3792101714,13,11.599795818474632,16.41080745734758,0.9761305105435292,0.0037287973169917834
780,188428879,16,15.687976505080462,17.692732279885504,0.9761305105435292,0.0037287973169917834
781,3039297242,21,21.90382198555047,14.33472042511841,0.9761305105435292,0.0037287973169917834
782,3093583519,17,17.34033089297896,14.057736879027832,0.9761305105435292,0.0037287973169917834
783,3055387098,16,14.112963113024183,14.80438283910999,0.9761305105435292,0.0037287973169917834
784,2491987367,15,15.390061428636674,17.353522849953283,0.9761305105435292,0.0037287973169917834
785,1030029224,19,18.586729775486216,16.917698037454787,0.9761305105435292,0.0037287973169917834
786,2568284548,13,12.161771360008451,16.16751395527786,0.9761305105435292,0.0037287973169917834
787,2187517397,16,16.160181646706565,16.1175592926178,0.9761305105435292,0.0037287973169917834
788,1920474201,15,15.585527234264436,14.921732820346296,0.9761305105435292,0.0037287973169917834
789,661662679,17,16.300787267749662,15.807094985392258,0.9761305105435292,0.0037287973169917834
790,2949592352,17,16.835394656913955,14.893776972874363,0.9761305105435292,0.0037287973169917834
791,3615849048,17,17.26035166265025,15.598810086937828,0.9761305105435292,0.0037287973169917834
792,2571094098,16,16.43834449483594,17.180912436864492,0.9761305105435292,0.0037287973169917834
793,1091302212,13,11.125603627111833,17.86821026926501,0.9761305105435292,0.0037287973169917834
794,1062173866,20,18.028704464344735,17.384131219249007,0.9761305105435292,0.0037287973169917834
795,471556035,17,16.86593628566368,14.619865007713766,0.9761305105435292,0.0037287973169917834
796,3802702439,15,14.640956569211514,15.422127784659812,0.9761305105435292,0.0037287973169917834
797,77472104,11,10.66656745097383,15.30892047601996,0.9761305105435292,0.0037287973169917834
798,3984794740,15,14.681555544778709,15.589348093051163,0.9761305105435292,0.0037287973169917834
799,651613941,19,19.135543623479016,16.636691913256154,0.9761305105435292,0.0037287973169917834
800,3145124356,16,16.524176051305716,17.173862274614443,0.9761305105435292,0.0037287973169917834
801,1111552455,13,12.426888380635448,13.437898785001545,0.9761305105435292,0.0037287973169917834
802,2880280343,19,19.01400054525919,15.530181173862108,0.9761305105435292,0.0037287973169917834
803,544570504,13,13.319676354952431,17.874486940280306,0.9761305105435292,0.0037287973169917834
804,584545367,17,16.916536186122165,16.130401168923377,0.9761305105435292,0.0037287973169917834
805,578554620,15,15.276769228004662,16.030860453304108,0.9761305105435292,0.0037287973169917834
806,931692861,14,13.905076691229942,16.08572754131807,0.9761305105435292,0.0037287973169917834
807,2025617992,16,15.616235926228716,16.430258994868158,0.9761305105435292,0.0037287973169917834
808,512903664,14,13.617309402519385,15.306223858766842,0.9761305105435292,0.0037287973169917834
809,2620334681,15,14.922690982891032,14.607892065624032,0.9761305105435292,0.0037287973169917834
810,2304608391,14,14.405095627172079,14.694511791069782,0.9761305105435292,0.0037287973169917834
811,3155409104,15,15.072294771910318,16.220521890611746,0.9761305105435292,0.0037287973169917834
812,1846091061,15,14.757893708518187,14.262137213943664,0.9761305105435292,0.0037287973169917834
813,354250033,15,14.680910028527904,16.982308536290493,0.9761305105435292,0.0037287973169917834
814,109107291,12,11.52737938916949,16.605045564312213,0.9761305105435292,0.0037287973169917834
815,3269402168,17,16.49468021538677,16.183976967994944,0.9761305105435292,0.0037287973169917834
816,13499791,17,16.8389744434133,16.39873665544255,0.9761305105435292,0.0037287973169917834
817,1452717423,19,18.951359814968033,16.476480642342246,0.9761305105435292,0.0037287973169917834
818,3604408477,19,19.77112287733113,15.474275639324802,0.9761305105435292,0.0037287973169917834
819,2867191534,21,21.291243543050815,16.46166811778408,0.9761305105435292,0.0037287973169917834
820,489694576,12,10.512460185662514,14.541514994763801,0.9761305105435292,0.0037287973169917834
821,3852604039,14,13.531243422372162,16.368152760095537,0.9761305105435292,0.0037287973169917834
822,629010926,20,19.943008883347034,14.687771928865862,0.9761305105435292,0.0037287973169917834
823,1051419187,17,16.225255536590446,16.50756311982752,0.9761305105435292,0.0037287973169917834
824,2644154662,16,16.13763867462621,16.696366727821022,0.9761305105435292,0.0037287973169917834
825,836103280,16,16.428268898131847,16.98885692419883,0.9761305105435292,0.0037287973169917834
826,4001820327,20,20.245348246999463,16.580635357980846,0.9761305105435292,0.0037287973169917834
827,2749528354,15,15.21528468351259,16.891972758025037,0.9761305105435292,0.0037287973169917834
828,4169472165,14,14.787734084007468,16.87238693420157,0.9761305105435292,0.0037287973169917834
829,2159151722,11,10.926116568375244,18.226074285417653,0.9761305105435292,0.0037287973169917834
830,353468739,10,9.792617564992685,14.626314448551705,0.9761305105435292,0.0037287973169917834
831,2885434003,19,19.215245450120477,16.803173001862206,0.9761305105435292,0.0037287973169917834
832,1135009157,16,16.903656332314277,14.77945085850393,0.9761305105435292,0.0037287973169917834
833,2409688461,17,15.818825391710345,15.512429197790226,0.9761305105435292,0.0037287973169917834
834,356152407,16,16.823033010150674,16.664865459763412,0.9761305105435292,0.0037287973169917834
835,449531254,17,16.887645353459067,16.573512328079246,0.9761305105435292,0.0037287973169917834
836,2818765386,12,11.26464939461909,17.87129129912544,0.9761305105435292,0.0037287973169917834
837,3493569860,14,13.696512425157376,15.949194789523627,0.9761305105435292,0.0037287973169917834
838,562412444,15,15.244874174925897,16.30911690621235,0.9761305105435292,0.0037287973169917834
839,3944980458,20,20.000254508544792,15.998693909997522,0.9761305105435292,0.0037287973169917834
840,2712341259,14,14.052316743630158,15.588415627587029,0.9761305105435292,0.0037287973169917834
841,3163421902,20,20.54240562777192,17.205664395504375,0.9761305105435292,0.0037287973169917834
842,1484334293,15,15.0363027472168,17.065032116160204,0.9761305105435292,0.0037287973169917834
843,3718053841,22,21.917975289994715,16.68160652925106,0.9761305105435292,0.0037287973169917834
844,240568240,15,15.089628296949465,16.871635123102955,0.9761305105435292,0.0037287973169917834
845,1588230853,18,18.812658477653894,15.805763331121065,0.9761305105435292,0.0037287973169917834
846,3238883258,17,16.543829194762566,17.348476807328474,0.9761305105435292,0.0037287973169917834
847,3325910812,18,17.313089822782025,14.726108556275737,0.9761305105435292,0.0037287973169917834
848,1649657621,15,16.235473873046022,18.445002292872623,0.9761305105435292,0.0037287973169917834
849,3451607227,20,19.242921574225427,15.527361655575504,0.9761305105435292,0.0037287973169917834
850,2031101581,13,13.784977015715262,15.940576924188557,0.9761305105435292,0.0037287973169917834
851,2634464377,17,15.935690003919504,16.61910004107795,0.9761305105435292,0.0037287973169917834
852,1779776859,17,16.17313023069338,15.351471597376513,0.9761305105435292,0.0037287973169917834
853,1437592705,17,18.693953994683245,15.294257336594516,0.9761305105435292,0.0037287973169917834
854,2381130689,17,17.163574526458373,16.224147636375402,0.9761305105435292,0.0037287973169917834
855,1192019759,16,16.363429271421374,15.27456331819341,0.9761305105435292,0.0037287973169917834
856,3962333319,15,13.854184135329877,17.39202865807522,0.9761305105435292,0.0037287973169917834
857,1710357066,18,18.504423333713277,15.181723147178602,0.9761305105435292,0.0037287973169917834
858,3162426869,22,21.965280206931986,16.1536360676618,0.9761305105435292,0.0037287973169917834
859,1779120423,15,15.374673915643038,18.13510235871124,0.9761305105435292,0.0037287973169917834
860,2104422563,19,19.22357584433768,16.34171070666221,0.9761305105435292,0.0037287973169917834
861,4140074904,16,15.364927191590123,17.08917497598321,0.9761305105435292,0.0037287973169917834
862,4091236156,21,21.743046404844467,17.42046000875112,0.9761305105435292,0.0037287973169917834
863,945687163,16,17.0914328763053,16.775526710540156,0.9761305105435292,0.0037287973169917834
864,315501888,12,13.883667937887617,14.683380542624354,0.9761305105435292,0.0037287973169917834
865,2972480848,14,14.143960561475811,16.342379973955204,0.9761305105435292,0.0037287973169917834
866,560752825,14,14.644903117080663,15.994227867469087,0.9761305105435292,0.0037287973169917834
867,953624413,18,17.9764112529633,15.96912346068763,0.9761305105435292,0.0037287973169917834
868,638233986,12,11.147003558429953,16.660067701303074,0.9761305105435292,0.0037287973169917834
869,4127440665,18,17.295646515281057,17.240847528187295,0.9761305105435292,0.0037287973169917834
870,2360209491,16,15.430746166359928,16.941076941620857,0.9761305105435292,0.0037287973169917834
871,2402256692,17,17.066149808713448,15.3479712025136,0.9761305105435292,0.0037287973169917834
872,3838271680,13,12.068060358981782,16.91382912672099,0.9761305105435292,0.0037287973169917834
873,889217307,11,10.932604935517535,15.323315104040429,0.9761305105435292,0.0037287973169917834
874,1920493942,17,17.495915765952823,17.342867263062594,0.9761305105435292,0.0037287973169917834
875,3512070114,19,19.29009761177413,14.248302149190419,0.9761305105435292,0.0037287973169917834
876,302016795,10,10.079748086167664,15.873004115887142,0.9761305105435292,0.0037287973169917834
877,233970247,15,14.586150434595641,16.609393001609124,0.9761305105435292,0.0037287973169917834
878,3603825280,12,13.30899823255804,16.272168507788656,0.9761305105435292,0.0037287973169917834
879,3890628698,17,17.826047010721727,16.622423827413197,0.9761305105435292,0.0037287973169917834
880,3031042641,13,11.92142150376532,16.784439501210095,0.9761305105435292,0.0037287973169917834
881,2196117890,12,11.502300249830244,14.748661902840343,0.9761305105435292,0.0037287973169917834
882,1037649307,18,18.497250606432708,15.023632234279443,0.9761305105435292,0.0037287973169917834
883,3003169826,12,12.936809083977703,16.08604413687374,0.9761305105435292,0.0037287973169917834
884,591819522,12,11.691925358393076,16.556192703351446,0.9761305105435292,0.0037287973169917834
885,2202410544,12,11.626205714552219,16.00424593264451,0.9761305105435292,0.0037287973169917834
886,2206721147,17,17.74501097114718,14.205181638396246,0.9761305105435292,0.0037287973169917834
887,2962805977,15,15.051966131263047,16.29983379066367,0.9761305105435292,0.0037287973169917834
888,4237370789,16,16.60306768002956,15.526020809769705,0.9761305105435292,0.0037287973169917834
889,1025505860,18,18.79920203683897,16.05309547604455,0.9761305105435292,0.0037287973169917834
890,1086736993,11,10.947625148755119,16.65531244388358,0.9761305105435292,0.0037287973169917834
891,2046015324,21,21.782627283312426,17.14935592760618,0.9761305105435292,0.0037287973169917834
892,4088591696,18,18.928100044328716,15.180954310151154,0.9761305105435292,0.0037287973169917834
893,587848922,15,14.68488245656097,15.040670578309497,0.9761305105435292,0.0037287973169917834
894,3673024600,18,17.540367937702165,14.83466417327431,0.9761305105435292,0.0037287973169917834
895,3182125403,19,18.987907292822587,18.623570168308454,0.9761305105435292,0.0037287973169917834
896,4149322135,18,17.878172627408958,15.00467226321625,0.9761305105435292,0.0037287973169917834
897,2181040605,10,9.171845589958043,16.748648340274478,0.9761305105435292,0.0037287973169917834
898,3092952373,17,16.771636725521436,14.865111870042938,0.9761305105435292,0.0037287973169917834
899,2167369514,16,16.817720325839122,17.90585278504515,0.9761305105435292,0.0037287973169917834
900,3209552289,18,17.25242167438553,15.674230174159044,0.9761305105435292,0.0037287973169917834
901,2608664257,17,17.188671962906348,16.9636596816752,0.9761305105435292,0.0037287973169917834
902,2439132417,11,11.798487342747624,15.621213334915812,0.9761305105435292,0.0037287973169917834
903,1471023239,15,15.145576633745264,15.177532554287833,0.9761305105435292,0.0037287973169917834
904,2936448878,18,18.364415219691857,15.266560102538739,0.9761305105435292,0.0037287973169917834
905,843403017,13,13.696446367196879,15.98089447972157,0.9761305105435292,0.0037287973169917834
906,3457547189,20,20.114886321097266,16.357513010967416,0.9761305105435292,0.0037287973169917834
907,131001113,17,16.88054838854877,14.845524665333139,0.9761305105435292,0.0037287973169917834
908,4072051199,21,21.858264897024455,16.551705585079795,0.9761305105435292,0.0037287973169917834
909,1062704346,19,18.38646914878932,14.75433501944941,0.9761305105435292,0.0037287973169917834
910,1406741091,16,16.12127759923747,14.4587858132761,0.9761305105435292,0.0037287973169917834
911,1276644116,10,10.805878215358119,17.66326829751094,0.9761305105435292,0.0037287973169917834
912,718898767,16,16.809547231957065,15.855409128475127,0.9761305105435292,0.0037287973169917834
913,4039465434,17,17.670938571269854,16.968360396742785,0.9761305105435292,0.0037287973169917834
914,664919274,17,16.64684141815716,17.137069479351318,0.9761305105435292,0.0037287973169917834
915,2724811859,14,13.922732620349612,16.361814979071845,0.9761305105435292,0.0037287973169917834
916,834657559,20,20.419539543014952,18.012081505643163,0.9761305105435292,0.0037287973169917834
917,989623419,20,20.407584714020775,16.737856742010507,0.9761305105435292,0.0037287973169917834
918,2482647002,20,19.13883594653674,15.75223805202333,0.9761305105435292,0.0037287973169917834
919,1611059174,15,15.813765211157621,17.24991214418791,0.9761305105435292,0.0037287973169917834
920,1049764416,11,11.32147650171803,15.891201229214008,0.9761305105435292,0.0037287973169917834
921,4032549589,18,17.82462664426378,15.390014997603117,0.9761305105435292,0.0037287973169917834
922,371026554,16,15.661757564146347,17.992741317277513,0.9761305105435292,0.0037287973169917834
923,2521367719,13,13.753236677298966,16.883430739341925,0.9761305105435292,0.0037287973169917834
924,3549538048,13,12.847639444235671,15.987683215574332,0.9761305105435292,0.0037287973169917834
925,224229116,19,18.8420641621296,14.360959286914468,0.9761305105435292,0.0037287973169917834
926,474640214,16,15.128680316739729,16.48707476314678,0.9761305105435292,0.0037287973169917834
927,4125918415,19,18.400670032974393,14.939564893803052,0.9761305105435292,0.0037287973169917834
928,1627971273,14,14.6549112386243,15.62272504016257,0.9761305105435292,0.0037287973169917834
929,1093780492,10,9.955530136721737,16.087359536576756,0.9761305105435292,0.0037287973169917834
930,822127522,11,10.487737601785673,18.0825845321528,0.9761305105435292,0.0037287973169917834
931,3767787651,13,12.416793858394836,16.775565675746606,0.9761305105435292,0.0037287973169917834
932,1754076508,14,14.170257846437915,16.32649717272986,0.9761305105435292,0.0037287973169917834
933,1508077925,17,17.378589287555553,15.353516865909308,0.9761305105435292,0.0037287973169917834
934,3268465925,13,10.635919605700465,16.217009780847018,0.9761305105435292,0.0037287973169917834
935,463644725,14,13.85053331794479,16.344211900491644,0.9761305105435292,0.0037287973169917834
936,2531750005,18,18.61052022960056,15.319371278149049,0.9761305105435292,0.0037287973169917834
937,3008601532,19,19.300864294968612,15.366919672859876,0.9761305105435292,0.0037287973169917834
938,4087920969,17,17.21932866851034,16.09455390057089,0.9761305105435292,0.0037287973169917834
939,4155484859,23,22.660363462061063,16.291654802637424,0.9761305105435292,0.0037287973169917834
940,3003344805,16,16.34858573284426,16.166492322083215,0.9761305105435292,0.0037287973169917834
941,1262125874,14,13.698714085565916,15.935767618913058,0.9761305105435292,0.0037287973169917834
942,1554604897,15,14.871656277663252,16.11071732598737,0.9761305105435292,0.0037287973169917834
943,2892327673,18,17.1918981799571,15.90098935431052,0.9761305105435292,0.0037287973169917834
944,209306041,15,14.147717996430185,14.88000696417196,0.9761305105435292,0.0037287973169917834
945,69352667,13,13.072354345684271,16.0902441784066,0.9761305105435292,0.0037287973169917834
946,1967353908,14,14.132196753926994,16.560972566422976,0.9761305105435292,0.0037287973169917834
947,1612040284,12,11.936774610947221,16.267597427194637,0.9761305105435292,0.0037287973169917834
948,3260559866,15,15.461207173784377,12.996746847696446,0.9761305105435292,0.0037287973169917834
949,1698360090,17,17.548753532429316,15.525517770711158,0.9761305105435292,0.0037287973169917834
950,3613621577,19,20.18258642934261,14.99521136180294,0.9761305105435292,0.0037287973169917834
951,1712455942,9,8.680564053034711,16.45356039114263,0.9761305105435292,0.0037287973169917834
952,15274375,11,10.657401644471552,16.483468371072927,0.9761305105435292,0.0037287973169917834
953,3478507768,18,17.338269813340247,15.132208056411367,0.9761305105435292,0.0037287973169917834
954,325235309,15,14.800004529596062,16.1966451288804,0.9761305105435292,0.0037287973169917834
955,1096725099,16,16.872015359026335,17.113291675566934,0.9761305105435292,0.0037287973169917834
956,1693864894,19,19.533428186931967,16.478716417117216,0.9761305105435292,0.0037287973169917834
957,1760228925,19,18.24830050297992,15.099969309605246,0.9761305105435292,0.0037287973169917834
958,1672403672,18,16.463936831495108,16.05899371904782,0.9761305105435292,0.0037287973169917834
959,3704231524,15,14.396127159295443,16.978894770256346,0.9761305105435292,0.0037287973169917834
960,444949365,15,14.887208734739602,16.551609058968225,0.9761305105435292,0.0037287973169917834
961,3191933983,15,15.301351627429744,16.48162598805056,0.9761305105435292,0.0037287973169917834
962,420844085,13,13.10864023907926,18.13020125210217,0.9761305105435292,0.0037287973169917834
963,4226936313,24,23.578900156403336,15.629538719354922,0.9761305105435292,0.0037287973169917834
964,3618960541,20,19.87022228469886,16.35954637375452,0.9761305105435292,0.0037287973169917834
965,2881578019,14,14.424434528161186,16.626625211802395,0.9761305105435292,0.0037287973169917834
966,2602083502,15,15.334327543492474,14.824002695524394,0.9761305105435292,0.0037287973169917834
967,3528683295,19,19.241499983290023,17.468674293399165,0.9761305105435292,0.0037287973169917834
968,4116947627,18,17.166007846701998,17.082820212966862,0.9761305105435292,0.0037287973169917834
969,156759645,18,18.154008743105514,16.35429146245459,0.9761305105435292,0.0037287973169917834
970,3811061065,14,13.705030087479264,17.738595776858695,0.9761305105435292,0.0037287973169917834
971,1169799482,17,16.601246221949673,17.012659451905154,0.9761305105435292,0.0037287973169917834
972,4042096809,15,14.442338890792678,18.263110398759714,0.9761305105435292,0.0037287973169917834
973,4230674361,21,21.434613713453604,15.535299243641983,0.9761305105435292,0.0037287973169917834
974,318005293,13,11.780354545813417,17.33761852121256,0.9761305105435292,0.0037287973169917834
975,1825719361,12,11.8236554066873,17.922087043009043,0.9761305105435292,0.0037287973169917834
976,888778476,19,19.130701810193628,16.139207368064923,0.9761305105435292,0.0037287973169917834
977,3903088291,15,14.215359533576706,15.122959051805292,0.9761305105435292,0.0037287973169917834
978,2180230976,15,14.068020522184508,16.482970077503445,0.9761305105435292,0.0037287973169917834
979,2030206646,17,17.195646130615973,17.030504777563984,0.9761305105435292,0.0037287973169917834
980,1947812037,12,10.459578715654375,14.888667868634409,0.9761305105435292,0.0037287973169917834
981,615842624,10,9.906233997520541,16.5676180364129,0.9761305105435292,0.0037287973169917834
982,1139786276,15,15.507108978713273,14.173253708390627,0.9761305105435292,0.0037287973169917834
983,1093191046,11,11.072625610427764,17.093408169174985,0.9761305105435292,0.0037287973169917834
984,2565405342,18,17.658964149324227,14.283824397953797,0.9761305105435292,0.0037287973169917834
985,1754861505,14,13.784500229190286,15.747970597399462,0.9761305105435292,0.0037287973169917834
986,2603241692,15,15.394023098498874,16.11617190714559,0.9761305105435292,0.0037287973169917834
987,112585428,16,15.53908147813399,16.692527528534125,0.9761305105435292,0.0037287973169917834
988,2713606147,14,13.880559791923925,14.355617340581196,0.9761305105435292,0.0037287973169917834
989,3693036374,17,16.038947951579722,16.089174084035005,0.9761305105435292,0.0037287973169917834
990,1283654895,14,13.486735677798748,15.232316682767518,0.9761305105435292,0.0037287973169917834
991,1235000364,14,13.613370820423341,16.581766992199864,0.9761305105435292,0.0037287973169917834
992,2423044096,10,9.911191719669292,14.590068981348395,0.9761305105435292,0.0037287973169917834
993,3252154315,21,19.949015593740523,16.80160563608293,0.9761305105435292,0.0037287973169917834
994,4010780601,21,21.184121138975883,16.653178251303558,0.9761305105435292,0.0037287973169917834
995,1981851424,12,11.73158407267174,14.615050734053384,0.9761305105435292,0.0037287973169917834
996,2948452148,21,21.97683167231987,16.44300074794985,0.9761305105435292,0.0037287973169917834
997,2460195713,14,14.29417146037762,16.687001637941236,0.9761305105435292,0.0037287973169917834
998,4110060974,20,20.28390032549399,15.654955756464634,0.9761305105435292,0.0037287973169917834
999,1307692005,19,18.501606239785424,14.761270276361234,0.9761305105435292,0.0037287973169917834
1000,1388921247,15,15.177633226388147,16.070391140176998,0.9761305105435292,0.0037287973169917834
1001,1076120561,12,12.328376125849413,16.364221480349148,0.9761305105435292,0.0037287973169917834
1002,3356254027,15,14.1243818046298,17.023485589680796,0.9761305105435292,0.0037287973169917834
1003,28397880,11,9.74236437257851,17.894422717191453,0.9761305105435292,0.0037287973169917834
1004,142201709,16,15.307183822542807,16.373583700010112,0.9761305105435292,0.0037287973169917834
1005,2324676824,14,14.238961417755021,16.13832129004702,0.9761305105435292,0.0037287973169917834
1006,3397436671,16,15.518060866862175,16.76886498786773,0.9761305105435292,0.0037287973169917834
1007,4011026647,19,19.625679896300017,18.12162548974423,0.9761305105435292,0.0037287973169917834
1008,1998981663,16,16.36282239173031,13.916270511690763,0.9761305105435292,0.0037287973169917834
1009,3884656429,18,17.882892398524998,17.1176710926647,0.9761305105435292,0.0037287973169917834
1010,618144797,12,12.38845677586642,17.17027266896784,0.9761305105435292,0.0037287973169917834
1011,1820838909,20,20.216465189328417,15.1993470405753,0.9761305105435292,0.0037287973169917834
1012,3237551519,18,18.23655474218711,16.540132563012797,0.9761305105435292,0.0037287973169917834
1013,720641954,16,16.613174819267222,15.806429646270692,0.9761305105435292,0.0037287973169917834
1014,2328812006,18,16.713956033842848,14.171159380950673,0.9761305105435292,0.0037287973169917834
1015,1983293919,20,19.94099687265555,16.76838439120098,0.9761305105435292,0.0037287973169917834
1016,3350183586,20,20.51157504826093,16.78764941578343,0.9761305105435292,0.0037287973169917834
1017,1293146582,17,16.735459491539224,14.994648931891117,0.9761305105435292,0.0037287973169917834
1018,3772556326,14,13.730677282061771,17.097841014403294,0.9761305105435292,0.0037287973169917834
1019,2597629727,19,19.410131963248382,17.404014726408185,0.9761305105435292,0.0037287973169917834
1020,2051492814,18,17.391324080905292,15.917973854243922,0.9761305105435292,0.0037287973169917834
1021,1812324293,17,16.696719114599865,15.794259253854268,0.9761305105435292,0.0037287973169917834
1022,2775847494,13,12.846324726072776,16.205938065144373,0.9761305105435292,0.0037287973169917834
1023,822477499,12,12.155604614184842,14.440019024363437,0.9761305105435292,0.0037287973169917834
1024,3490701173,19,19.383049004078103,14.75640801245964,0.9761305105435292,0.0037287973169917834
1025,2078732187,23,24.08041559548536,17.546704597368308,0.9761305105435292,0.0037287973169917834
1026,1958539416,16,16.768867479387943,15.647088664152975,0.9761305105435292,0.0037287973169917834
1027,2173582390,14,13.492300399974571,15.343075261622491,0.9761305105435292,0.0037287973169917834
1028,1171508150,18,18.115768841550874,14.952419372119039,0.9761305105435292,0.0037287973169917834
1029,2831307284,11,10.697071978029024,14.600382110932301,0.9761305105435292,0.0037287973169917834
1030,1490504949,18,18.56754864223843,16.785069905108042,0.9761305105435292,0.0037287973169917834
1031,764909092,15,14.679889391722309,15.621867986425325,0.9761305105435292,0.0037287973169917834
1032,1922132944,15,14.904857594516315,16.861976672886634,0.9761305105435292,0.0037287973169917834
1033,1861983753,19,19.236823614843868,16.895696300449394,0.9761305105435292,0.0037287973169917834
1034,2198691310,17,17.4743500154841,15.31773331081152,0.9761305105435292,0.0037287973169917834
1035,3264250393,10,10.691245658884817,15.960863259838135,0.9761305105435292,0.0037287973169917834
1036,2757497850,16,17.25955880635167,14.606436031764634,0.9761305105435292,0.0037287973169917834
1037,3941438960,19,19.173587716291117,16.18817644942053,0.9761305105435292,0.0037287973169917834
1038,3998980559,21,19.73518526856092,13.808680146454128,0.9761305105435292,0.0037287973169917834
1039,2835075075,15,14.751237056479104,16.201474083311208,0.9761305105435292,0.0037287973169917834
1040,3301903003,16,15.44872657985366,15.65390160610097,0.9761305105435292,0.0037287973169917834
1041,1697792636,14,14.008116367800444,17.12466764370512,0.9761305105435292,0.0037287973169917834
1042,3877913775,16,15.991546682719965,17.347889873742336,0.9761305105435292,0.0037287973169917834
1043,3342191857,18,17.69078265981026,15.871405634676222,0.9761305105435292,0.0037287973169917834
1044,3390150845,15,14.729350189023819,15.854467503450095,0.9761305105435292,0.0037287973169917834
1045,551086863,15,15.309134980188091,16.27155579174246,0.9761305105435292,0.0037287973169917834
1046,3803228282,15,15.77437317810715,16.107574202250287,0.9761305105435292,0.0037287973169917834
1047,3907519231,17,16.33316572519283,14.05627734812387,0.9761305105435292,0.0037287973169917834
1048,367204826,16,14.838137624919984,16.963276516305964,0.9761305105435292,0.0037287973169917834
1049,2196380085,15,14.486365141331556,15.821394340568366,0.9761305105435292,0.0037287973169917834
1050,2001757268,14,14.010314028659417,15.283395999709938,0.9761305105435292,0.0037287973169917834
1051,2484291247,15,14.30549236921965,16.071726384507137,0.9761305105435292,0.0037287973169917834
1052,309752842,13,12.365318799268,14.263811146349179,0.9761305105435292,0.0037287973169917834
1053,3100970995,19,20.344447854529612,16.24799541902396,0.9761305105435292,0.0037287973169917834
1054,3082922257,15,15.186789681448364,18.05784671142259,0.9761305105435292,0.0037287973169917834
1055,1181674477,20,19.872809839308623,15.913368814984702,0.9761305105435292,0.0037287973169917834
1056,494108023,21,20.289625468758633,15.639242710012962,0.9761305105435292,0.0037287973169917834
1057,3044877521,17,17.983505225707653,17.6563548088342,0.9761305105435292,0.0037287973169917834
1058,1512271559,17,16.202925518872224,15.783831907949175,0.9761305105435292,0.0037287973169917834
1059,3659655600,15,14.711001811181294,16.245305830807595,0.9761305105435292,0.0037287973169917834
1060,821785233,16,16.784545397135748,16.326283949021914,0.9761305105435292,0.0037287973169917834
1061,436661352,13,14.212622911025676,14.91237987975635,0.9761305105435292,0.0037287973169917834
1062,361964623,14,13.73234239911084,16.208678743379274,0.9761305105435292,0.0037287973169917834
1063,2787773207,14,15.20684511268926,17.783507560205813,0.9761305105435292,0.0037287973169917834
1064,2078048200,21,20.410737575334643,16.804862482215277,0.9761305105435292,0.0037287973169917834
1065,458497415,15,15.797161115842787,15.797935080350431,0.9761305105435292,0.0037287973169917834
1066,4052505649,14,14.278009140449882,15.413040748892183,0.9761305105435292,0.0037287973169917834
1067,2115249406,17,17.144958606526256,17.255198658742927,0.9761305105435292,0.0037287973169917834
1068,1176258695,12,11.669343833694281,16.98527950857514,0.9761305105435292,0.0037287973169917834
1069,559034194,13,12.024192077136453,15.033267781355281,0.9761305105435292,0.0037287973169917834
1070,2328112421,13,12.449968675357894,17.632171136269545,0.9761305105435292,0.0037287973169917834
1071,3312238927,16,16.357113016435285,17.426213296979643,0.9761305105435292,0.0037287973169917834
1072,2121863121,19,20.134299464314786,15.06489344990376,0.9761305105435292,0.0037287973169917834
1073,2227696417,15,15.78452163402136,16.022492697787012,0.9761305105435292,0.0037287973169917834
1074,2897638212,16,15.474383872728831,15.085110133052073,0.9761305105435292,0.0037287973169917834
1075,1023259603,21,21.538937843178857,14.945010254624142,0.9761305105435292,0.0037287973169917834
1076,1879332882,9,9.204942957655843,15.01360419460335,0.9761305105435292,0.0037287973169917834
1077,2967494196,14,13.854862962329088,15.427941913325236,0.9761305105435292,0.0037287973169917834
1078,258867537,13,12.321129506897439,13.146625818951723,0.9761305105435292,0.0037287973169917834
1079,2778760167,15,14.863970310156304,16.45872052518799,0.9761305105435292,0.0037287973169917834
1080,1951666401,12,12.744001682364383,18.619129265993784,0.9761305105435292,0.0037287973169917834
1081,3751058082,17,17.217892637676368,15.995750502657486,0.9761305105435292,0.0037287973169917834
1082,3692625368,18,18.487423415726116,16.501619141384882,0.9761305105435292,0.0037287973169917834
1083,3482444092,17,16.51315856610983,16.490081692024305,0.9761305105435292,0.0037287973169917834
1084,257049965,15,14.825324273213681,15.651192401322547,0.9761305105435292,0.0037287973169917834
1085,1873101024,14,13.866599880333087,16.568284466061442,0.9761305105435292,0.0037287973169917834
1086,1980756759,19,19.36070576877429,14.920938894529206,0.9761305105435292,0.0037287973169917834
1087,596179717,14,13.172958093782743,15.128440719267791,0.9761305105435292,0.0037287973169917834
1088,4062174231,19,19.56337486670798,16.077434451380995,0.9761305105435292,0.0037287973169917834
1089,3843482488,17,17.376638391942073,16.255408008019664,0.9761305105435292,0.0037287973169917834
1090,1236163609,15,15.05433177515962,16.098755875982274,0.9761305105435292,0.0037287973169917834
1091,3141277398,18,18.77209707181202,14.921205886407623,0.9761305105435292,0.0037287973169917834
1092,3061532583,20,20.337559629674363,16.942386925628803,0.9761305105435292,0.0037287973169917834
1093,2289166115,15,15.892990987307993,14.576009208485043,0.9761305105435292,0.0037287973169917834
1094,899446074,17,17.16621695964667,16.62564563394299,0.9761305105435292,0.0037287973169917834
1095,849322080,13,13.827000060824016,14.759170098999226,0.9761305105435292,0.0037287973169917834
1096,2579174630,17,17.487872036235377,14.921934583441649,0.9761305105435292,0.0037287973169917834
1097,97428695,16,15.989782189551272,15.70747164597886,0.9761305105435292,0.0037287973169917834
1098,4208547854,17,16.224311726143778,13.931705006311594,0.9761305105435292,0.0037287973169917834
1099,2256503945,15,14.844183549950529,14.77572798134202,0.9761305105435292,0.0037287973169917834
1100,3403584031,18,18.14787017254426,13.266138292015302,0.9761305105435292,0.0037287973169917834
1101,825398718,16,17.189620779740427,16.697184285521182,0.9761305105435292,0.0037287973169917834
1102,436396032,7,6.602724419697336,16.977899886088373,0.9761305105435292,0.0037287973169917834
1103,928509714,19,18.02838208498964,16.82120555800502,0.9761305105435292,0.0037287973169917834
1104,4176925431,22,21.714033178333672,15.85671182496688,0.9761305105435292,0.0037287973169917834
1105,2087536533,18,17.67183354302761,16.392804965922917,0.9761305105435292,0.0037287973169917834
1106,1083988884,13,13.282087139346775,16.867375234316643,0.9761305105435292,0.0037287973169917834
1107,353043877,12,10.907237587315835,17.216673682667167,0.9761305105435292,0.0037287973169917834
1108,1345751617,11,11.89890947746583,15.554333998909721,0.9761305105435292,0.0037287973169917834
1109,203753677,11,10.79563353471401,16.713337243218938,0.9761305105435292,0.0037287973169917834
1110,1449018396,14,12.90139107320177,15.319540614840543,0.9761305105435292,0.0037287973169917834
1111,2863440825,17,17.642461912716673,15.765285836916632,0.9761305105435292,0.0037287973169917834
1112,2501804769,14,12.409258597800465,15.511966663013812,0.9761305105435292,0.0037287973169917834
1113,1732839420,17,17.074789783321194,13.196395633294921,0.9761305105435292,0.0037287973169917834
1114,1644487569,12,11.158880513364105,15.99411402321741,0.9761305105435292,0.0037287973169917834
1115,900853631,22,20.963930625012523,16.025166561011662,0.9761305105435292,0.0037287973169917834
1116,99248738,14,14.404493060445365,15.524241699537384,0.9761305105435292,0.0037287973169917834
1117,3475715911,19,19.725613927867144,15.231704809765072,0.9761305105435292,0.0037287973169917834
1118,1438714818,13,12.308973438495196,17.317153558877056,0.9761305105435292,0.0037287973169917834
1119,3637763881,19,19.365880887753775,14.650519556600837,0.9761305105435292,0.0037287973169917834
1120,3519190026,12,11.512822259674701,16.91870760283995,0.9761305105435292,0.0037287973169917834
1121,2913833417,17,16.48402301432589,16.459131261217014,0.9761305105435292,0.0037287973169917834
1122,3209912385,15,15.528803245282372,15.24563919953616,0.9761305105435292,0.0037287973169917834
1123,1350357778,14,13.09540614486516,16.089805801710646,0.9761305105435292,0.0037287973169917834
1124,252705646,20,19.438839316750094,16.936102175932497,0.9761305105435292,0.0037287973169917834
1125,1880029075,17,17.319507233316784,15.259232095682702,0.9761305105435292,0.0037287973169917834
1126,3959230079,23,23.114655465498622,15.080979331322709,0.9761305105435292,0.0037287973169917834
1127,2324716046,12,12.192504926203311,16.16110373061211,0.9761305105435292,0.0037287973169917834
1128,522743665,17,18.194344127685603,15.022224265623544,0.9761305105435292,0.0037287973169917834
1129,2066019116,17,17.07607214453998,17.10942293963722,0.9761305105435292,0.0037287973169917834
1130,3443976413,18,17.93192042349942,15.586156413333807,0.9761305105435292,0.0037287973169917834
1131,2976189461,13,12.242864945347197,16.13863776911071,0.9761305105435292,0.0037287973169917834
1132,1181474835,14,14.61187461420642,16.42828890230311,0.9761305105435292,0.0037287973169917834
1133,1587913898,16,16.211678157598474,15.498886928655804,0.9761305105435292,0.0037287973169917834
1134,326603200,14,13.60346252966876,14.627580326350289,0.9761305105435292,0.0037287973169917834
1135,2016862747,16,16.518818524748994,16.864003067241796,0.9761305105435292,0.0037287973169917834
1136,1251850694,17,17.670720429805094,16.378010231084435,0.9761305105435292,0.0037287973169917834
1137,2543934256,15,15.260105833231083,15.924571811952845,0.9761305105435292,0.0037287973169917834
1138,132172213,15,15.422253355081827,15.238901483882023,0.9761305105435292,0.0037287973169917834
1139,3939064693,19,18.529868789627557,16.57154795292467,0.9761305105435292,0.0037287973169917834
1140,345104777,12,14.213536743848039,15.30074802101459,0.9761305105435292,0.0037287973169917834
1141,1445992330,13,12.762076338395701,18.53282759885779,0.9761305105435292,0.0037287973169917834
1142,1371656774,13,13.917065500394795,15.98680403706806,0.9761305105435292,0.0037287973169917834
1143,1945891711,25,25.07611290627234,15.214478250787886,0.9761305105435292,0.0037287973169917834
1144,2676067214,16,16.668251599478268,18.051566051493914,0.9761305105435292,0.0037287973169917834
1145,1153029065,16,16.163733269129107,17.087143413666336,0.9761305105435292,0.0037287973169917834
1146,320078697,11,11.000871158342727,16.140509062477,0.9761305105435292,0.0037287973169917834
1147,2378281728,12,11.491783434580244,15.679180227198168,0.9761305105435292,0.0037287973169917834
1148,3362197685,14,12.945245602453719,15.54708086009295,0.9761305105435292,0.0037287973169917834
1149,2484526267,17,16.976398368748434,15.476897758542453,0.9761305105435292,0.0037287973169917834
1150,3837984910,12,11.823857552730122,14.004417258981377,0.9761305105435292,0.0037287973169917834
1151,2428596890,13,13.170960994871711,17.138775741550326,0.9761305105435292,0.0037287973169917834
1152,4292695132,21,20.963659619107812,15.381720503747697,0.9761305105435292,0.0037287973169917834
1153,618412364,14,15.137047310690125,15.585367817352813,0.9761305105435292,0.0037287973169917834
1154,3735156859,20,19.769731107155994,15.794668558339334,0.9761305105435292,0.0037287973169917834
1155,730559759,17,16.365080412624344,14.162175838346386,0.9761305105435292,0.0037287973169917834
1156,732907058,16,14.342458299944884,15.438635013570712,0.9761305105435292,0.0037287973169917834
1157,1892855819,13,13.245607735143448,16.347455662264295,0.9761305105435292,0.0037287973169917834
1158,1261213217,13,12.571593160993014,14.568904608560278,0.9761305105435292,0.0037287973169917834
1159,3424711192,12,11.305358031270021,17.193950180478787,0.9761305105435292,0.0037287973169917834
1160,2399428508,16,15.610286728347003,16.137428666739602,0.9761305105435292,0.0037287973169917834
1161,2390727655,22,22.641180219872705,16.0683403637916,0.9761305105435292,0.0037287973169917834
1162,69077756,13,13.229213696412234,14.562439351921892,0.9761305105435292,0.0037287973169917834
1163,1059973358,20,19.58534735512334,14.676689520125711,0.9761305105435292,0.0037287973169917834
1164,2460517508,10,9.49048300668837,14.795894548923394,0.9761305105435292,0.0037287973169917834
1165,4248555715,19,18.397048357258868,16.288554916303504,0.9761305105435292,0.0037287973169917834
1166,3273983996,16,15.842843331102255,15.778463284506199,0.9761305105435292,0.0037287973169917834
1167,3251206776,16,16.309078703805632,16.22044183350112,0.9761305105435292,0.0037287973169917834
1168,4169744570,14,13.952834188995421,15.230274672074959,0.9761305105435292,0.0037287973169917834
1169,3895192024,17,16.652970309220095,15.094352206920286,0.9761305105435292,0.0037287973169917834
1170,3220829273,22,22.80193241782012,15.646251133622325,0.9761305105435292,0.0037287973169917834
1171,2875239487,17,17.828252483742716,16.225882163846954,0.9761305105435292,0.0037287973169917834
1172,4232096405,15,14.004972821260953,15.455057159858654,0.9761305105435292,0.0037287973169917834
1173,2254147351,17,17.628911415009348,17.233568671697306,0.9761305105435292,0.0037287973169917834
1174,3964273510,14,13.394897237402606,16.046764049593047,0.9761305105435292,0.0037287973169917834
1175,684885629,15,15.159206644355137,15.192486214936036,0.9761305105435292,0.0037287973169917834
1176,3146936187,21,21.028997162156802,16.712248214146317,0.9761305105435292,0.0037287973169917834
1177,1245356758,15,14.755007282832285,15.725993880283607,0.9761305105435292,0.0037287973169917834
1178,2390596672,15,15.6868993524849,16.08730068331527,0.9761305105435292,0.0037287973169917834
1179,1989056751,19,18.735448145784325,15.437735479370307,0.9761305105435292,0.0037287973169917834
1180,2278166156,14,13.70967064229968,16.15687164990461,0.9761305105435292,0.0037287973169917834
1181,963439132,16,15.593985890430702,13.35566615303922,0.9761305105435292,0.0037287973169917834
1182,981758045,14,14.410505097481849,17.842554993624464,0.9761305105435292,0.0037287973169917834
1183,4008497418,17,17.540003071524158,14.133219848812242,0.9761305105435292,0.0037287973169917834
1184,1070530960,15,15.43680208416599,17.232885573662568,0.9761305105435292,0.0037287973169917834
1185,1743513591,24,23.873309744380727,15.178533780766106,0.9761305105435292,0.0037287973169917834
1186,1351612008,16,14.435568712501624,15.074819944509779,0.9761305105435292,0.0037287973169917834
1187,803912884,19,17.515027480263036,16.880413899862447,0.9761305105435292,0.0037287973169917834
1188,3030137666,15,15.644734567742097,15.07999379004425,0.9761305105435292,0.0037287973169917834
1189,1053070292,16,16.720671800110114,17.01408128318264,0.9761305105435292,0.0037287973169917834
1190,1886756302,18,18.10166568637221,12.623774678091845,0.9761305105435292,0.0037287973169917834
1191,1830713927,18,17.514858616544295,17.676319905502467,0.9761305105435292,0.0037287973169917834
1192,3359057693,16,15.441834947387324,15.700667820569459,0.9761305105435292,0.0037287973169917834
1193,1781789186,14,13.96092911103221,16.529312899153265,0.9761305105435292,0.0037287973169917834
1194,724575218,14,13.779421956780443,15.256850771352546,0.9761305105435292,0.0037287973169917834
1195,1324091954,14,15.071418140617368,15.152406189691934,0.9761305105435292,0.0037287973169917834
1196,4061807730,14,14.16261862250881,15.671537092390949,0.9761305105435292,0.0037287973169917834
1197,1488446678,18,18.04332361779944,14.50438385978195,0.9761305105435292,0.0037287973169917834
1198,263635694,18,18.295325951860317,14.719229173760391,0.9761305105435292,0.0037287973169917834
1199,1661796520,10,9.377651007854617,15.459962305596088,0.9761305105435292,0.0037287973169917834
1200,2918118634,21,20.496910844338185,15.093245324144542,0.9761305105435292,0.0037287973169917834
1201,1281161306,16,15.075523401999053,15.422194611218591,0.9761305105435292,0.0037287973169917834
1202,946013777,12,12.219048951425389,16.1394529988237,0.9761305105435292,0.0037287973169917834
1203,829179118,15,14.769090121978802,16.459098858944355,0.9761305105435292,0.0037287973169917834
1204,3886383171,14,13.807448268138717,16.305105058419745,0.9761305105435292,0.0037287973169917834
1205,374617690,14,14.259889483599645,14.301662902030454,0.9761305105435292,0.0037287973169917834
1206,2737001185,14,13.144472516228015,17.06595960954682,0.9761305105435292,0.0037287973169917834
1207,2639555548,18,19.102822778227097,15.97784156550866,0.9761305105435292,0.0037287973169917834
1208,2264535823,16,16.596085747583896,15.079171537292476,0.9761305105435292,0.0037287973169917834
1209,3477214097,14,14.537223841033656,17.492307791710747,0.9761305105435292,0.0037287973169917834
1210,229286614,15,14.6013494927207,17.027927385977485,0.9761305105435292,0.0037287973169917834
1211,170851991,18,17.78205815917547,17.052553563794035,0.9761305105435292,0.0037287973169917834
1212,3367149267,17,17.052980859768315,16.31769600112404,0.9761305105435292,0.0037287973169917834
1213,3734625723,22,21.714581905739333,14.874991101518782,0.9761305105435292,0.0037287973169917834
1214,3196992175,20,20.894283597286186,15.548712235732726,0.9761305105435292,0.0037287973169917834
1215,1954411830,20,19.29766463641911,16.175784323614764,0.9761305105435292,0.0037287973169917834
1216,3071318397,17,16.847911384013624,15.91395428326654,0.9761305105435292,0.0037287973169917834
1217,707295272,11,10.748950403071454,15.077643811543243,0.9761305105435292,0.0037287973169917834
1218,411338836,9,8.364306607454939,16.120687016561657,0.9761305105435292,0.0037287973169917834
1219,23684669,14,13.08462688206751,17.396967422356276,0.9761305105435292,0.0037287973169917834
1220,1751285018,15,15.066523214595927,16.0462605385443,0.9761305105435292,0.0037287973169917834
1221,661320717,16,16.112122522296737,15.275590818139875,0.9761305105435292,0.0037287973169917834
1222,4152973168,18,18.330155663207,17.15281134919414,0.9761305105435292,0.0037287973169917834
1223,2570542625,16,16.698559062978898,16.126368530620116,0.9761305105435292,0.0037287973169917834
1224,3708194040,16,16.505512009349253,17.1879364771282,0.9761305105435292,0.0037287973169917834
1225,2480248862,16,15.911957809750248,16.21425527643278,0.9761305105435292,0.0037287973169917834
1226,2121882956,19,19.05205024592361,17.748846461146787,0.9761305105435292,0.0037287973169917834
1227,2017364241,14,15.423770933287662,15.840162232835487,0.9761305105435292,0.0037287973169917834
1228,926307492,15,15.795456819230191,17.77128834385564,0.9761305105435292,0.0037287973169917834
1229,3029830449,16,15.21395316976756,18.673864293647274,0.9761305105435292,0.0037287973169917834
1230,2030637891,13,13.618647048271967,15.974313759692626,0.9761305105435292,0.0037287973169917834
1231,3158998191,19,18.44103032463348,16.240192842288746,0.9761305105435292,0.0037287973169917834
1232,4157344587,18,16.34987664271882,15.299288968424554,0.9761305105435292,0.0037287973169917834
1233,3605329596,20,20.12008339109726,14.335592326377874,0.9761305105435292,0.0037287973169917834
1234,1216374728,11,10.443048417394888,16.442233608300945,0.9761305105435292,0.0037287973169917834
1235,3810178169,17,16.736871529388168,17.005324968901814,0.9761305105435292,0.0037287973169917834
1236,1968830344,18,17.528508354214797,13.753027387017715,0.9761305105435292,0.0037287973169917834
1237,3748882620,20,20.021269132830856,18.07321057576644,0.9761305105435292,0.0037287973169917834
1238,2991274413,17,16.208985182933493,17.598474307756344,0.9761305105435292,0.0037287973169917834
1239,593715184,17,18.26543848046402,16.671094868714967,0.9761305105435292,0.0037287973169917834
1240,3734750992,17,16.190129845266135,15.336011135019495,0.9761305105435292,0.0037287973169917834
1241,965228025,16,15.890628754833108,15.998015707760496,0.9761305105435292,0.0037287973169917834
1242,1903069125,17,17.543352926067335,16.064839117765125,0.9761305105435292,0.0037287973169917834
1243,3647532626,17,16.16960209486258,16.671695597567144,0.9761305105435292,0.0037287973169917834
1244,1525535021,18,17.91317979271729,14.836075113926949,0.9761305105435292,0.0037287973169917834
1245,709079749,14,13.812564937729771,15.672697359228271,0.9761305105435292,0.0037287973169917834
1246,4067758633,15,14.137199968137281,17.129779815415255,0.9761305105435292,0.0037287973169917834
1247,2262444867,15,14.982940198504291,16.14748471305487,0.9761305105435292,0.0037287973169917834
1248,742794218,14,14.001015343226154,15.25932739583829,0.9761305105435292,0.0037287973169917834
1249,507445413,14,13.52239979639717,15.460542905348888,0.9761305105435292,0.0037287973169917834
1250,2810132175,22,21.739748233437975,17.280358140890627,0.9761305105435292,0.0037287973169917834
1251,897443049,19,18.04803879816628,14.406638573450547,0.9761305105435292,0.0037287973169917834
1252,2700364241,14,13.277381705141314,15.798898612431056,0.9761305105435292,0.0037287973169917834
1253,3678960624,18,17.54757564412718,16.315280840207016,0.9761305105435292,0.0037287973169917834
1254,494428054,18,18.358973090157725,14.649964919722498,0.9761305105435292,0.0037287973169917834
1255,2533228866,14,13.762165692473124,16.33752949363592,0.9761305105435292,0.0037287973169917834
1256,3415063632,16,16.112936376995094,14.5926367008114,0.9761305105435292,0.0037287973169917834
1257,1465772866,18,18.20799605869433,14.74302313747497,0.9761305105435292,0.0037287973169917834
1258,887653567,16,16.07859278958937,15.257389928414668,0.9761305105435292,0.0037287973169917834
1259,3902328116,15,15.596974487535988,15.695007092204737,0.9761305105435292,0.0037287973169917834
1260,3568158537,17,18.138497175504263,15.166243072179219,0.9761305105435292,0.0037287973169917834
1261,1683160909,18,16.00065252349505,16.14643277429238,0.9761305105435292,0.0037287973169917834
1262,1458862925,19,18.76842553744034,17.545212759394722,0.9761305105435292,0.0037287973169917834
1263,285876530,9,8.5629106779313,15.73333962829508,0.9761305105435292,0.0037287973169917834
1264,3999323568,16,16.28055336140918,15.773393113591487,0.9761305105435292,0.0037287973169917834
1265,3423167609,14,13.541825350407327,15.381371724782872,0.9761305105435292,0.0037287973169917834
1266,407662415,16,16.598298312868295,17.401395660728088,0.9761305105435292,0.0037287973169917834
1267,2846233264,13,12.045756343523369,17.101277487567007,0.9761305105435292,0.0037287973169917834
1268,2678016497,20,19.503987853909443,16.773791677747205,0.9761305105435292,0.0037287973169917834
1269,140312856,9,9.248705928197735,16.58125767137349,0.9761305105435292,0.0037287973169917834
1270,977887084,17,16.69717984659461,18.191840741190575,0.9761305105435292,0.0037287973169917834
1271,1227306337,14,14.14396954648501,15.453134716558566,0.9761305105435292,0.0037287973169917834
1272,3219650275,24,23.84573692849867,15.952377332636633,0.9761305105435292,0.0037287973169917834
1273,3196279929,18,17.990831853304993,16.14229123920518,0.9761305105435292,0.0037287973169917834
1274,374853599,21,22.38758633849627,16.43741203152124,0.9761305105435292,0.0037287973169917834
1275,104541956,13,13.478773695233667,16.029245495564503,0.9761305105435292,0.0037287973169917834
1276,2193965747,13,12.841281185489535,15.81298804730545,0.9761305105435292,0.0037287973169917834
1277,2364178642,13,13.275708820944027,17.399203196105752,0.9761305105435292,0.0037287973169917834
1278,1363633517,16,15.958715693665274,15.789822227450486,0.9761305105435292,0.0037287973169917834
1279,640371580,16,15.41151776827951,15.396571301683391,0.9761305105435292,0.0037287973169917834
1280,4046875769,18,17.782560044730097,16.592450722902264,0.9761305105435292,0.0037287973169917834
1281,917416801,17,15.867620731294618,14.346534556039387,0.9761305105435292,0.0037287973169917834
1282,3036024547,18,18.07742398805364,16.21886404253866,0.9761305105435292,0.0037287973169917834
1283,1200409150,16,17.219765062117954,15.846090987236385,0.9761305105435292,0.0037287973169917834
1284,3173485050,19,19.31556986815741,15.11254565541175,0.9761305105435292,0.0037287973169917834
1285,1458892038,17,17.305258401478753,16.62136521637639,0.9761305105435292,0.0037287973169917834
1286,1578530018,16,14.886202790486555,16.216402067184823,0.9761305105435292,0.0037287973169917834
1287,1388655392,12,12.3722793167561,13.932408549737584,0.9761305105435292,0.0037287973169917834
1288,595689331,17,16.632589117410845,16.719269824309542,0.9761305105435292,0.0037287973169917834
1289,2259587261,16,15.338928980465345,17.219427118494444,0.9761305105435292,0.0037287973169917834
1290,4082269981,20,20.2259385822638,16.419610583558345,0.9761305105435292,0.0037287973169917834
1291,1280235399,17,17.410075409559777,15.527144456861336,0.9761305105435292,0.0037287973169917834
1292,3368294459,13,11.926559739352758,16.263002490608564,0.9761305105435292,0.0037287973169917834
1293,1215576198,12,11.306903550108022,14.691668166530018,0.9761305105435292,0.0037287973169917834
1294,192900982,21,21.506459467923232,15.619344341091566,0.9761305105435292,0.0037287973169917834
1295,3988462460,21,20.469594550739814,14.961665633183136,0.9761305105435292,0.0037287973169917834
1296,1486081656,16,16.32739464547241,16.11629237203189,0.9761305105435292,0.0037287973169917834
1297,3285628721,18,17.652539014742924,16.378837807410854,0.9761305105435292,0.0037287973169917834
1298,4205217189,17,17.19351463365266,14.42548020070689,0.9761305105435292,0.0037287973169917834
1299,1456316461,15,15.223926825212493,15.180150582816003,0.9761305105435292,0.0037287973169917834
1300,796575148,18,17.97907228824473,16.086594244733504,0.9761305105435292,0.0037287973169917834
1301,658996573,19,19.854036087869723,16.846838433647513,0.9761305105435292,0.0037287973169917834
1302,1133294007,16,16.33892041072166,16.623078613276867,0.9761305105435292,0.0037287973169917834
1303,3327813467,18,18.209929535056354,16.34517740427961,0.9761305105435292,0.0037287973169917834
1304,2169074899,14,13.732103514250676,16.578571922140377,0.9761305105435292,0.0037287973169917834
1305,1974363954,18,17.728825535988054,17.19423308101142,0.9761305105435292,0.0037287973169917834
1306,3360594009,14,13.289746851954769,14.872616180790436,0.9761305105435292,0.0037287973169917834
1307,1948902345,16,15.373192132900787,14.3923939314041,0.9761305105435292,0.0037287973169917834
1308,612805211,14,14.790612808257979,16.477232705190616,0.9761305105435292,0.0037287973169917834
1309,3923822485,17,15.798909972711064,16.9925477917319,0.9761305105435292,0.0037287973169917834
1310,3271004375,18,17.952183979048908,14.649089543238356,0.9761305105435292,0.0037287973169917834
1311,354182211,12,12.04647273484349,15.586299190184869,0.9761305105435292,0.0037287973169917834
1312,2847874037,21,21.192025050709862,13.49482407196553,0.9761305105435292,0.0037287973169917834
1313,3066394144,15,15.045673421406084,15.579408088186682,0.9761305105435292,0.0037287973169917834
1314,828397121,11,11.89778543025813,16.7627324982684,0.9761305105435292,0.0037287973169917834
1315,2349194980,15,14.988279893105991,15.609691991869203,0.9761305105435292,0.0037287973169917834
1316,2886243931,14,13.461926473496572,14.511306417664745,0.9761305105435292,0.0037287973169917834
1317,2990983140,16,17.200422113642077,15.017974298759418,0.9761305105435292,0.0037287973169917834
1318,3976246945,14,14.076603395909055,15.911257543107888,0.9761305105435292,0.0037287973169917834
1319,3292073879,16,15.540368449784149,16.329686674898966,0.9761305105435292,0.0037287973169917834
1320,4082794164,20,20.22409700754715,13.78478536749219,0.9761305105435292,0.0037287973169917834
1321,1664184086,16,16.10945740316659,16.324924891130667,0.9761305105435292,0.0037287973169917834
1322,3775985653,18,18.348083498352807,16.43533129158974,0.9761305105435292,0.0037287973169917834
1323,2687530923,15,15.758322117691742,15.60277009889445,0.9761305105435292,0.0037287973169917834
1324,1059398388,16,15.390849998649273,14.600788872151009,0.9761305105435292,0.0037287973169917834
1325,4156631450,17,16.12041340362431,17.228924703352263,0.9761305105435292,0.0037287973169917834
1326,289914345,17,16.577627735335263,14.584639831904658,0.9761305105435292,0.0037287973169917834
1327,3729431979,19,18.827910628791916,16.245131251441183,0.9761305105435292,0.0037287973169917834
1328,4189321188,22,21.831038839275703,15.26800431582905,0.9761305105435292,0.0037287973169917834
1329,795027470,14,13.648963434333686,15.509471595771043,0.9761305105435292,0.0037287973169917834
1330,2632153183,19,19.636693491115217,15.904659230189836,0.9761305105435292,0.0037287973169917834
1331,2808218964,13,13.52771954743017,16.204460025940072,0.9761305105435292,0.0037287973169917834
1332,3839441749,18,18.33647323346446,15.105749800195508,0.9761305105435292,0.0037287973169917834
1333,2379310632,14,13.767914252835993,16.705671887779207,0.9761305105435292,0.0037287973169917834
1334,1392934435,15,15.62835380291553,15.965178739130522,0.9761305105435292,0.0037287973169917834
1335,3902033589,16,16.830197493382563,16.44804250488972,0.9761305105435292,0.0037287973169917834
1336,2088431600,21,21.235546436088292,15.32901964223901,0.9761305105435292,0.0037287973169917834
1337,2464600220,15,15.756958789421182,17.50387132141513,0.9761305105435292,0.0037287973169917834
1338,3739232061,18,19.53136669970116,18.151551232938395,0.9761305105435292,0.0037287973169917834
1339,2775035346,18,17.312460928872383,17.659220906093765,0.9761305105435292,0.0037287973169917834
1340,1497856277,16,16.164396790178095,16.59108410758551,0.9761305105435292,0.0037287973169917834
1341,826601012,14,13.721681386046019,15.548522276292738,0.9761305105435292,0.0037287973169917834
1342,2106823689,15,15.99942610544671,15.586182709705161,0.9761305105435292,0.0037287973169917834
1343,2958652917,18,17.977521505705663,16.94228972602648,0.9761305105435292,0.0037287973169917834
1344,317445864,17,18.37151748911318,16.07772416222623,0.9761305105435292,0.0037287973169917834
1345,532947421,16,16.65818484555419,16.08983845611585,0.9761305105435292,0.0037287973169917834
1346,101419432,11,11.436281640023001,14.491776711689564,0.9761305105435292,0.0037287973169917834
1347,2926637320,14,13.99814612242064,15.371700419632408,0.9761305105435292,0.0037287973169917834
1348,3949783091,18,18.390895128117318,15.507917338582388,0.9761305105435292,0.0037287973169917834
1349,2157249223,11,11.735273254285259,17.75251802643641,0.9761305105435292,0.0037287973169917834
1350,2072935380,20,19.996641674479612,16.185159861421305,0.9761305105435292,0.0037287973169917834
1351,3978242210,16,14.931454321600658,16.64145432080657,0.9761305105435292,0.0037287973169917834
1352,3477815711,18,18.582460800397136,16.977289965524236,0.9761305105435292,0.0037287973169917834
1353,181254954,16,14.609175636237572,13.997399566282303,0.9761305105435292,0.0037287973169917834
1354,291410247,14,12.837155685781317,16.26816397569268,0.9761305105435292,0.0037287973169917834
1355,1096847243,13,12.784477140728013,13.240125890178808,0.9761305105435292,0.0037287973169917834
1356,3367892749,19,20.114622863616923,16.51173010531989,0.9761305105435292,0.0037287973169917834
1357,2515072390,17,17.63538957912162,15.761346519294031,0.9761305105435292,0.0037287973169917834
1358,3214463631,19,19.68123353026078,15.942400987917612,0.9761305105435292,0.0037287973169917834
1359,3205257816,16,15.559448337540541,17.121111956207894,0.9761305105435292,0.0037287973169917834
1360,1399247990,17,17.494868115052746,14.817958633473628,0.9761305105435292,0.0037287973169917834
1361,3075045093,19,18.70754139520724,13.75564734155636,0.9761305105435292,0.0037287973169917834
1362,2394161380,12,12.227885154178168,16.059168194118495,0.9761305105435292,0.0037287973169917834
1363,720032313,16,15.795682854760363,16.28744080972293,0.9761305105435292,0.0037287973169917834
1364,831165769,13,12.669628172465082,15.022181130292177,0.9761305105435292,0.0037287973169917834
1365,1132010275,15,15.11943020228669,16.556549773325752,0.9761305105435292,0.0037287973169917834
1366,3510613948,21,20.423721552381117,15.820413197219036,0.9761305105435292,0.0037287973169917834
1367,96998757,12,10.897897577166642,15.501367358947807,0.9761305105435292,0.0037287973169917834
1368,284014944,14,14.547602410213537,17.28939885609362,0.9761305105435292,0.0037287973169917834
1369,2285315446,15,16.082577462261625,15.347395618514193,0.9761305105435292,0.0037287973169917834
1370,1440152852,18,19.367307822721283,15.430162939306161,0.9761305105435292,0.0037287973169917834
1371,1968907469,17,17.661019378175062,16.049837887475725,0.9761305105435292,0.0037287973169917834
1372,3459449942,14,13.475139134663092,17.495142959638216,0.9761305105435292,0.0037287973169917834
1373,2064947144,16,16.419678886479527,14.094578467236706,0.9761305105435292,0.0037287973169917834
1374,3412058509,19,18.500725183319016,15.12452058292978,0.9761305105435292,0.0037287973169917834
1375,2210802343,15,15.057839526965529,17.427403626834668,0.9761305105435292,0.0037287973169917834
1376,591332172,14,13.542875030089505,15.85358964634629,0.9761305105435292,0.0037287973169917834
1377,4154233152,15,14.17504130623119,15.914250283126995,0.9761305105435292,0.0037287973169917834
1378,368311807,24,24.307483298405963,16.509701084492853,0.9761305105435292,0.0037287973169917834
1379,4072035608,16,14.630718334900143,14.465540878991106,0.9761305105435292,0.0037287973169917834
1380,3844092491,13,13.117167873559314,16.798260005949622,0.9761305105435292,0.0037287973169917834
1381,4150262392,23,23.445332943617217,14.26422750814784,0.9761305105435292,0.0037287973169917834
1382,3384724487,17,15.93520799498798,15.980867026775053,0.9761305105435292,0.0037287973169917834
1383,483658912,11,11.4094331896613,16.003763228330115,0.9761305105435292,0.0037287973169917834
1384,2696553239,14,13.342473203582415,14.878217665559784,0.9761305105435292,0.0037287973169917834
1385,1688847433,13,14.378549976728058,15.849561155054548,0.9761305105435292,0.0037287973169917834
1386,2193354616,19,19.24153114684639,15.484662845322239,0.9761305105435292,0.0037287973169917834
1387,2149160416,11,11.147344406184157,15.426426191300845,0.9761305105435292,0.0037287973169917834
1388,2811514361,18,17.804983509387377,15.926615421583756,0.9761305105435292,0.0037287973169917834
1389,1152912075,13,12.326192574290705,15.322106604503642,0.9761305105435292,0.0037287973169917834
1390,1701835095,20,18.640148509871377,17.286990479500993,0.9761305105435292,0.0037287973169917834
1391,759734863,14,13.743706458990795,15.868186622231145,0.9761305105435292,0.0037287973169917834
1392,1377846384,9,9.149917503087638,17.13855755969117,0.9761305105435292,0.0037287973169917834
1393,221274817,11,11.095446454964721,16.858445156264885,0.9761305105435292,0.0037287973169917834
1394,308657891,17,17.23157699675764,14.018357440081564,0.9761305105435292,0.0037287973169917834
1395,1132339835,17,18.76170002167702,17.030734332186363,0.9761305105435292,0.0037287973169917834
1396,2474905455,16,16.31139430075985,16.23092481292015,0.9761305105435292,0.0037287973169917834
1397,3353234918,20,19.093947344003073,16.766599281669656,0.9761305105435292,0.0037287973169917834
1398,2042610328,18,17.97020803157998,17.66028528431419,0.9761305105435292,0.0037287973169917834
1399,3512859931,18,17.79355402179349,15.660514373545022,0.9761305105435292,0.0037287973169917834
1400,2008809882,16,16.96569802396916,16.77397925104985,0.9761305105435292,0.0037287973169917834
1401,4124898514,20,20.783546670430432,15.565686056276755,0.9761305105435292,0.0037287973169917834
1402,1717305394,11,10.864043579611893,15.427299154165567,0.9761305105435292,0.0037287973169917834
1403,631299447,17,18.107155245043483,16.66723533168664,0.9761305105435292,0.0037287973169917834
1404,2703397631,16,17.13484369139623,16.66532013578637,0.9761305105435292,0.0037287973169917834
1405,751681103,19,19.300296722080674,16.11124947203843,0.9761305105435292,0.0037287973169917834
1406,3987023604,18,18.01760225417106,15.476240200786748,0.9761305105435292,0.0037287973169917834
1407,2116564654,17,17.690928947872244,16.03401505744757,0.9761305105435292,0.0037287973169917834
1408,185584249,16,15.481001268265866,15.247190112557835,0.9761305105435292,0.0037287973169917834
1409,623004705,10,9.44945113950833,15.487237412992133,0.9761305105435292,0.0037287973169917834
1410,290048800,11,11.02324344206225,18.439795961421407,0.9761305105435292,0.0037287973169917834
1411,3285822007,18,18.175149208884374,14.458208483828898,0.9761305105435292,0.0037287973169917834
1412,3915594937,18,17.702679906494303,14.973160969958329,0.9761305105435292,0.0037287973169917834
1413,325651857,13,14.114055216556116,16.24611040386275,0.9761305105435292,0.0037287973169917834
1414,3628957014,18,18.319719592004027,18.036930265432357,0.9761305105435292,0.0037287973169917834
1415,1754930365,16,16.172438853436084,17.19591571662607,0.9761305105435292,0.0037287973169917834
1416,1081889617,13,13.591533138950393,17.10174799005666,0.9761305105435292,0.0037287973169917834
1417,186746400,9,8.00629727708259,16.022062316442522,0.9761305105435292,0.0037287973169917834
1418,1679873955,14,14.32469677683739,16.764386536359876,0.9761305105435292,0.0037287973169917834
1419,4088271579,19,18.90832010661219,15.275994612293212,0.9761305105435292,0.0037287973169917834
1420,3456776018,15,15.178490773487221,14.261978110737093,0.9761305105435292,0.0037287973169917834
1421,880501866,16,15.91303880825821,17.26325357967085,0.9761305105435292,0.0037287973169917834
1422,469016106,17,16.92291828217531,17.975242297165764,0.9761305105435292,0.0037287973169917834
1423,3713529090,18,17.179263953036518,16.176512722616124,0.9761305105435292,0.0037287973169917834
1424,1954666228,16,15.432806715711951,16.041866795543793,0.9761305105435292,0.0037287973169917834
1425,2600453901,20,20.645660691433264,14.47929208671747,0.9761305105435292,0.0037287973169917834
1426,414303911,15,15.924605690631651,15.780730331147566,0.9761305105435292,0.0037287973169917834
1427,2548378656,14,12.267806019093518,16.986027828010073,0.9761305105435292,0.0037287973169917834
1428,1501609187,15,15.073161095220422,17.11746406285831,0.9761305105435292,0.0037287973169917834
1429,3410338938,16,16.067864388357048,15.54883593805464,0.9761305105435292,0.0037287973169917834
1430,3095413614,13,13.555548265086282,17.12985069101915,0.9761305105435292,0.0037287973169917834
1431,1459090911,24,24.250677947295706,15.71812198652081,0.9761305105435292,0.0037287973169917834
1432,454250670,14,12.948051144660184,17.264062345241634,0.9761305105435292,0.0037287973169917834
1433,751406289,14,14.68938356924897,14.90881085588924,0.9761305105435292,0.0037287973169917834
1434,770082342,15,14.243565725238227,16.947408723010835,0.9761305105435292,0.0037287973169917834
1435,741859619,15,14.667492392811544,14.987306287415118,0.9761305105435292,0.0037287973169917834
1436,4185244853,19,18.870639231677902,17.387654532596976,0.9761305105435292,0.0037287973169917834
1437,2128488823,21,21.729323754590155,16.16853659427264,0.9761305105435292,0.0037287973169917834
1438,1783564261,17,16.697145527522167,16.388889686255983,0.9761305105435292,0.0037287973169917834
1439,3111867734,19,18.669918459058906,16.708115676680006,0.9761305105435292,0.0037287973169917834
1440,952245075,14,13.944696244406606,16.406154204175667,0.9761305105435292,0.0037287973169917834
1441,2495396920,16,16.001344426200482,14.954839460549058,0.9761305105435292,0.0037287973169917834
1442,2598676786,15,14.514261400787712,15.201160187759186,0.9761305105435292,0.0037287973169917834
1443,1696228881,13,13.239318451128309,14.414593668708289,0.9761305105435292,0.0037287973169917834
1444,16262567,13,13.47550252950158,15.531315640513569,0.9761305105435292,0.0037287973169917834
1445,2568177580,15,14.301779646981107,17.180711306625824,0.9761305105435292,0.0037287973169917834
1446,673962136,13,11.830364049241926,15.698976822460343,0.9761305105435292,0.0037287973169917834
1447,2979836960,13,12.544061595484289,16.20527804447166,0.9761305105435292,0.0037287973169917834
1448,1735156506,16,16.43749210905441,17.05941839530369,0.9761305105435292,0.0037287973169917834
1449,2971504830,16,16.42163414492682,17.16667381529509,0.9761305105435292,0.0037287973169917834
1450,1004749086,16,16.180359101271968,14.600266711470411,0.9761305105435292,0.0037287973169917834
1451,4150306139,18,16.80765647979728,15.420780928852931,0.9761305105435292,0.0037287973169917834
1452,525223955,14,14.544288709596575,15.901579599907814,0.9761305105435292,0.0037287973169917834
1453,3243216071,16,16.35501497598467,14.63266719044185,0.9761305105435292,0.0037287973169917834
1454,792944822,15,15.277823506471517,14.598154154332729,0.9761305105435292,0.0037287973169917834
1455,1221046254,19,19.587933621157582,17.280611029807044,0.9761305105435292,0.0037287973169917834
1456,1339995144,16,16.631444156587783,16.748125831326437,0.9761305105435292,0.0037287973169917834
1457,501443340,16,15.034447815988917,17.643775105221728,0.9761305105435292,0.0037287973169917834
1458,2799385930,18,17.837382931814457,17.364625614722907,0.9761305105435292,0.0037287973169917834
1459,3462444208,14,14.678495526056874,15.190408345292122,0.9761305105435292,0.0037287973169917834
1460,4148782966,20,20.414749775333583,14.995637266719658,0.9761305105435292,0.0037287973169917834
1461,2535301004,18,17.548468755822814,15.852116958384531,0.9761305105435292,0.0037287973169917834
1462,2738583327,20,20.241621435999683,14.889885789562934,0.9761305105435292,0.0037287973169917834
1463,2852579091,15,15.438232300900046,14.317351699379827,0.9761305105435292,0.0037287973169917834
1464,2922553877,14,14.099881496488589,16.276553631640233,0.9761305105435292,0.0037287973169917834
1465,3342242009,16,16.271893098599854,16.71799416469329,0.9761305105435292,0.0037287973169917834
1466,2290346018,11,11.21851518947519,15.485041230136364,0.9761305105435292,0.0037287973169917834
1467,849363345,10,10.038555623617624,13.796708885134512,0.9761305105435292,0.0037287973169917834
1468,1462186907,18,17.90667020578027,16.0004004594548,0.9761305105435292,0.0037287973169917834
1469,494044308,13,13.338670186869255,16.626501715391456,0.9761305105435292,0.0037287973169917834
1470,2916450213,21,21.32264855037021,14.438687922152265,0.9761305105435292,0.0037287973169917834
1471,788448134,18,18.105302666350106,16.667699200829205,0.9761305105435292,0.0037287973169917834
1472,4278368295,17,17.09297198829076,16.683702800663745,0.9761305105435292,0.0037287973169917834
1473,4020618494,21,20.618804537851183,15.040620863845813,0.9761305105435292,0.0037287973169917834
1474,3220965226,20,19.867944331463306,15.927933125442163,0.9761305105435292,0.0037287973169917834
1475,2096167912,20,19.421423245737884,17.265381724340813,0.9761305105435292,0.0037287973169917834
1476,1910791900,18,18.39803194856322,16.314091154500083,0.9761305105435292,0.0037287973169917834
1477,2451119497,13,12.564133285408444,15.797525768010264,0.9761305105435292,0.0037287973169917834
1478,3889418350,19,19.1007610212962,16.38024561453802,0.9761305105435292,0.0037287973169917834
1479,1956022697,15,14.869868482770602,17.84153925477971,0.9761305105435292,0.0037287973169917834
1480,3972229374,19,19.11307918979056,16.181560727112394,0.9761305105435292,0.0037287973169917834
1481,2498477996,20,19.894675125105003,15.437524903785294,0.9761305105435292,0.0037287973169917834
1482,3141298999,20,20.415997571895296,14.929510902661752,0.9761305105435292,0.0037287973169917834
1483,2806750355,17,16.70049191421939,16.33760191410054,0.9761305105435292,0.0037287973169917834
1484,4061401206,13,13.183301274347565,16.36485889157393,0.9761305105435292,0.0037287973169917834
1485,659491530,15,15.363277240340702,15.253572645618856,0.9761305105435292,0.0037287973169917834
1486,943931583,14,13.983417285293502,17.222742716791466,0.9761305105435292,0.0037287973169917834
1487,3524458361,18,19.45984453916948,15.277945846902972,0.9761305105435292,0.0037287973169917834
1488,1665570013,16,16.482247917730025,16.464459352033664,0.9761305105435292,0.0037287973169917834
1489,1278202364,18,19.622847147508534,16.420467992690753,0.9761305105435292,0.0037287973169917834
1490,3623433673,20,20.51807920446931,16.958757534045574,0.9761305105435292,0.0037287973169917834
1491,881099604,11,11.210219701589196,15.982518274634666,0.9761305105435292,0.0037287973169917834
1492,370558447,16,15.852617690944669,14.575075018000485,0.9761305105435292,0.0037287973169917834
1493,2165715446,14,14.690963777503702,17.547141202957864,0.9761305105435292,0.0037287973169917834
1494,749102134,14,14.592224026751861,13.773216386264469,0.9761305105435292,0.0037287973169917834
1495,198961642,19,20.027431256442064,17.516724471895586,0.9761305105435292,0.0037287973169917834
1496,4032617088,14,15.695102503861804,17.114004126549556,0.9761305105435292,0.0037287973169917834
1497,3639332652,19,19.041217580564307,18.091455139416457,0.9761305105435292,0.0037287973169917834
1498,2581109615,19,18.663672683857403,17.673961725078897,0.9761305105435292,0.0037287973169917834
1499,3369001755,17,16.0366611674056,16.817073636120302,0.9761305105435292,0.0037287973169917834
1500,1312256564,16,15.904998480938318,14.357055609706043,0.9761305105435292,0.0037287973169917834
1501,2916819675,19,20.4580224020913,16.780951205176688,0.9761305105435292,0.0037287973169917834
1502,2772199300,15,15.429465322064676,15.95990809485395,0.9761305105435292,0.0037287973169917834
1503,1926197625,19,19.641387067740126,17.091915284815173,0.9761305105435292,0.0037287973169917834
1504,959826573,16,16.607154761834735,16.515822818553062,0.9761305105435292,0.0037287973169917834
1505,2153856105,12,12.441456381720977,15.699532934666717,0.9761305105435292,0.0037287973169917834
1506,1681852149,17,17.368154739262337,15.199946354012079,0.9761305105435292,0.0037287973169917834
1507,2336901775,15,15.287091162160355,16.531644422832386,0.9761305105435292,0.0037287973169917834
1508,3253714606,21,19.801849188936636,15.118974449899008,0.9761305105435292,0.0037287973169917834
1509,2500248061,16,15.845986636412865,14.96435471856518,0.9761305105435292,0.0037287973169917834
1510,1910751298,13,12.748199423505556,15.430955838070048,0.9761305105435292,0.0037287973169917834
1511,2372935587,16,16.129193673605933,16.455635353584263,0.9761305105435292,0.0037287973169917834
1512,994796607,18,18.4005270524592,17.290985485636632,0.9761305105435292,0.0037287973169917834
1513,2058303255,20,20.873111501505537,17.328810685367234,0.9761305105435292,0.0037287973169917834
1514,55960293,15,14.68863127123988,16.967020353179386,0.9761305105435292,0.0037287973169917834
1515,1582962980,14,12.95609095922334,15.916044738694541,0.9761305105435292,0.0037287973169917834
1516,2147594257,7,6.037142140921852,16.811193676991042,0.9761305105435292,0.0037287973169917834
1517,3895597531,16,16.44741923229619,15.097866740335444,0.9761305105435292,0.0037287973169917834
1518,4102159169,16,14.768954146169316,16.164865353769436,0.9761305105435292,0.0037287973169917834
1519,3943315695,18,18.02025159337907,16.488315245827508,0.9761305105435292,0.0037287973169917834
1520,4275195321,20,20.189486442474596,16.30034341721074,0.9761305105435292,0.0037287973169917834
1521,2969129392,15,15.131087766869129,15.796476515298483,0.9761305105435292,0.0037287973169917834
1522,36801414,11,11.130681180849873,16.486736586529748,0.9761305105435292,0.0037287973169917834
1523,36970388,12,12.343716899300087,19.33899716482288,0.9761305105435292,0.0037287973169917834
1524,2506037776,14,14.680261116703301,15.62570145769146,0.9761305105435292,0.0037287973169917834
1525,3830686959,18,18.447646128026086,15.98799548945336,0.9761305105435292,0.0037287973169917834
1526,1090082398,16,15.180348653086444,16.01685014047342,0.9761305105435292,0.0037287973169917834
1527,1896945077,14,14.434246462635695,15.557565040169308,0.9761305105435292,0.0037287973169917834
1528,3297339120,14,14.289908150511817,16.224777262916625,0.9761305105435292,0.0037287973169917834
1529,3283779217,18,17.485652425901666,15.581655529954341,0.9761305105435292,0.0037287973169917834
1530,675258151,18,18.346244133205563,17.421206361882366,0.9761305105435292,0.0037287973169917834
1531,4061328982,17,16.782373204201612,15.301571576160717,0.9761305105435292,0.0037287973169917834
1532,2432694918,19,18.616973138658803,16.525609487510724,0.9761305105435292,0.0037287973169917834
1533,2240899867,15,15.226174403823526,15.927126064274978,0.9761305105435292,0.0037287973169917834
1534,4009978547,18,16.79612440778956,15.15357614005919,0.9761305105435292,0.0037287973169917834
1535,3765917653,19,18.712095224471135,14.153966166739476,0.9761305105435292,0.0037287973169917834
1536,2454806122,15,14.196301063777678,17.317229266562954,0.9761305105435292,0.0037287973169917834
1537,3691519365,13,13.571823661662966,15.434534400767344,0.9761305105435292,0.0037287973169917834
1538,1535899395,18,18.40616719916212,16.45752347642239,0.9761305105435292,0.0037287973169917834
1539,988628516,15,15.09872162822901,16.62049287784962,0.9761305105435292,0.0037287973169917834
1540,679370327,18,17.80409759422519,15.715150521365626,0.9761305105435292,0.0037287973169917834
1541,1532243906,16,17.031095662657552,16.55505002385079,0.9761305105435292,0.0037287973169917834
1542,2956142992,12,13.577184187389099,15.045513205194109,0.9761305105435292,0.0037287973169917834
1543,1776323137,12,11.97026898051756,15.822118650339075,0.9761305105435292,0.0037287973169917834
1544,3139258295,20,19.950603837562888,14.891268880473927,0.9761305105435292,0.0037287973169917834
1545,3754689039,16,15.825295512035016,17.320730926698214,0.9761305105435292,0.0037287973169917834
1546,2129997979,19,18.949386007680623,14.672031185003386,0.9761305105435292,0.0037287973169917834
1547,2929064580,17,17.294276629298118,16.450070382838607,0.9761305105435292,0.0037287973169917834
1548,744502052,11,10.727244572937987,14.621282858292904,0.9761305105435292,0.0037287973169917834
1549,3975548359,19,20.337590857751984,16.01794717944322,0.9761305105435292,0.0037287973169917834
1550,773864081,12,11.772454461615158,17.162105517016144,0.9761305105435292,0.0037287973169917834
1551,1698064978,15,15.180497877853469,13.929289646673036,0.9761305105435292,0.0037287973169917834
1552,2891884860,17,17.284954481164572,14.210029474447959,0.9761305105435292,0.0037287973169917834
1553,75685128,10,10.849548969884665,16.532023591785432,0.9761305105435292,0.0037287973169917834
1554,1389232809,13,13.406032435865617,14.083889097396186,0.9761305105435292,0.0037287973169917834
1555,4259913676,21,21.981625389847885,16.340589198716717,0.9761305105435292,0.0037287973169917834
1556,2034097387,21,21.98153242717229,15.483824284619596,0.9761305105435292,0.0037287973169917834
1557,783132214,17,17.024866869026688,15.848108542622114,0.9761305105435292,0.0037287973169917834
1558,651521946,18,16.6111626312784,14.793273105430146,0.9761305105435292,0.0037287973169917834
1559,2960190294,16,15.808528452832462,15.67664481632965,0.9761305105435292,0.0037287973169917834
1560,51739013,13,12.371233459244147,16.736471905861357,0.9761305105435292,0.0037287973169917834
1561,4168659889,18,18.089382633547608,17.795218906240397,0.9761305105435292,0.0037287973169917834
1562,1185575223,16,15.89950936603808,15.900020877309057,0.9761305105435292,0.0037287973169917834
1563,1380796079,16,15.752521244721077,16.435232386676198,0.9761305105435292,0.0037287973169917834
1564,3408315434,14,15.380263358668788,16.58288884358497,0.9761305105435292,0.0037287973169917834
1565,1379548125,18,17.561345518053706,15.6679675320834,0.9761305105435292,0.0037287973169917834
1566,3758198163,12,11.784394533878176,17.02379203308605,0.9761305105435292,0.0037287973169917834
1567,4255767819,20,19.62305156196914,16.550283816305676,0.9761305105435292,0.0037287973169917834
1568,3613201933,17,17.085678291599162,15.295787477661637,0.9761305105435292,0.0037287973169917834
1569,2562658467,15,15.052405645733987,17.411477443910286,0.9761305105435292,0.0037287973169917834
1570,395857026,12,12.234716406578134,15.466883039865763,0.9761305105435292,0.0037287973169917834
1571,4156539639,24,24.88141299889547,16.455809309860474,0.9761305105435292,0.0037287973169917834
1572,2933168653,16,16.013000653714226,16.352125557095373,0.9761305105435292,0.0037287973169917834
1573,4187103312,12,11.510050699308382,16.437173465662404,0.9761305105435292,0.0037287973169917834
1574,3657324486,21,21.052186401352834,15.946699111636585,0.9761305105435292,0.0037287973169917834
1575,3197583728,16,15.815476220218823,16.726367360231034,0.9761305105435292,0.0037287973169917834
1576,684759407,15,15.309861714195634,16.38171504434652,0.9761305105435292,0.0037287973169917834
1577,3154697578,16,15.164253900149138,16.205401768074044,0.9761305105435292,0.0037287973169917834
1578,1444775895,18,18.058666010130768,15.069177443026268,0.9761305105435292,0.0037287973169917834
1579,1554300717,18,18.11712931368862,16.514232752812173,0.9761305105435292,0.0037287973169917834
1580,1395596352,13,13.637432077721176,16.661567763861267,0.9761305105435292,0.0037287973169917834
1581,1601565814,21,21.349506271620363,15.699733327677379,0.9761305105435292,0.0037287973169917834
1582,546889893,11,10.871894294406712,17.046128492785208,0.9761305105435292,0.0037287973169917834
1583,3955618724,19,19.266002631096658,16.17144448908295,0.9761305105435292,0.0037287973169917834
1584,3833409980,18,18.081142004327152,14.89971771846756,0.9761305105435292,0.0037287973169917834
1585,342777511,17,17.02527126621311,16.50751169544702,0.9761305105435292,0.0037287973169917834
1586,2924691094,18,18.121473550534965,14.45587806972301,0.9761305105435292,0.0037287973169917834
1587,588740050,16,16.33611707982364,14.12504187845619,0.9761305105435292,0.0037287973169917834
1588,1026824530,14,14.93558260187594,15.390423382352589,0.9761305105435292,0.0037287973169917834
1589,385902079,16,16.426041739360848,15.783016676570773,0.9761305105435292,0.0037287973169917834
1590,359707583,18,18.594454296989262,15.551895887163965,0.9761305105435292,0.0037287973169917834
1591,4167096809,17,17.21518809315398,16.649488924659586,0.9761305105435292,0.0037287973169917834
1592,936698976,15,14.849286656306038,16.292226256599168,0.9761305105435292,0.0037287973169917834
1593,1616361508,13,12.624457827074693,14.303333707673413,0.9761305105435292,0.0037287973169917834
1594,3832135183,18,18.827206709882752,16.869261177818526,0.9761305105435292,0.0037287973169917834
1595,1748660827,16,16.173367937493598,16.355945682755944,0.9761305105435292,0.0037287973169917834
1596,2170237102,14,13.147623865660282,14.325497879307298,0.9761305105435292,0.0037287973169917834
1597,263536930,13,13.141939167794567,17.27990932300564,0.9761305105435292,0.0037287973169917834
1598,2596074315,19,18.941770554200247,16.912847207164493,0.9761305105435292,0.0037287973169917834
1599,3949440790,20,20.40891065740481,15.07948520526405,0.9761305105435292,0.0037287973169917834
1600,1181528399,16,15.750538924111193,15.064695417741817,0.9761305105435292,0.0037287973169917834
1601,2205203071,18,18.245939527286197,14.31860247951299,0.9761305105435292,0.0037287973169917834
1602,1293763252,14,14.018646788715676,16.46049423213522,0.9761305105435292,0.0037287973169917834
1603,2768483163,16,14.827142726322023,14.433907314286945,0.9761305105435292,0.0037287973169917834
1604,4059958433,17,17.385430423621273,15.441762324972675,0.9761305105435292,0.0037287973169917834
1605,4202211703,20,20.103830621287656,16.776410749258474,0.9761305105435292,0.0037287973169917834
1606,255460800,12,11.996332519639555,13.720905935872654,0.9761305105435292,0.0037287973169917834
1607,3286620289,15,14.155888328942137,16.65189438440644,0.9761305105435292,0.0037287973169917834
1608,2478354192,15,15.250731026499835,15.939446124851935,0.9761305105435292,0.0037287973169917834
1609,1295676721,16,15.484587354354028,16.32216505377389,0.9761305105435292,0.0037287973169917834
1610,4039971304,15,15.596694220455117,18.396564527769055,0.9761305105435292,0.0037287973169917834
1611,942808101,12,12.103226881291718,15.705135029934855,0.9761305105435292,0.0037287973169917834
1612,1722699713,17,16.934546891784372,15.868736146772452,0.9761305105435292,0.0037287973169917834
1613,2142966537,18,17.239291897321777,15.17529837517267,0.9761305105435292,0.0037287973169917834
1614,1064588842,17,16.910579428845587,15.889620285203316,0.9761305105435292,0.0037287973169917834
1615,3294430636,14,12.791655279835425,16.641216998444683,0.9761305105435292,0.0037287973169917834
1616,3350455567,19,18.967401338701244,16.7088344296007,0.9761305105435292,0.0037287973169917834
1617,534565663,20,19.624077751092628,15.440448738212998,0.9761305105435292,0.0037287973169917834
1618,2013140136,18,17.37665319429551,17.480108677169504,0.9761305105435292,0.0037287973169917834
1619,3753374876,22,22.24090373720489,16.59148259198556,0.9761305105435292,0.0037287973169917834
1620,2917821960,16,16.460891602873765,13.750066478476915,0.9761305105435292,0.0037287973169917834
1621,3751182912,14,14.006893554998328,15.583982341720477,0.9761305105435292,0.0037287973169917834
1622,1560458003,14,13.161743011342242,15.657246810581412,0.9761305105435292,0.0037287973169917834
1623,1433018307,17,17.1107884099362,16.441115799695147,0.9761305105435292,0.0037287973169917834
1624,663120995,15,15.148047207823453,14.543242711306542,0.9761305105435292,0.0037287973169917834
1625,2709336466,15,14.707602481318725,16.53567377529073,0.9761305105435292,0.0037287973169917834
1626,4251397151,20,19.588538871838733,16.461825499416854,0.9761305105435292,0.0037287973169917834
1627,2397104659,15,15.544940399988885,14.256375086806907,0.9761305105435292,0.0037287973169917834
1628,3171993037,16,16.431576436230813,14.524116055113117,0.9761305105435292,0.0037287973169917834
1629,3755190760,20,20.16482671434842,16.22543033060511,0.9761305105435292,0.0037287973169917834
1630,2745709343,16,15.960345376769823,15.41096903875704,0.9761305105435292,0.0037287973169917834
1631,621913467,15,14.770272259074748,16.521996240260016,0.9761305105435292,0.0037287973169917834
1632,329441919,17,16.111577168923585,15.157356021175215,0.9761305105435292,0.0037287973169917834
1633,3959299994,22,22.72532769327147,16.27990772680827,0.9761305105435292,0.0037287973169917834
1634,1121768347,17,16.983310240791262,15.292324955424698,0.9761305105435292,0.0037287973169917834
1635,3553304294,19,19.31877962653949,14.958444865471979,0.9761305105435292,0.0037287973169917834
1636,1603501334,19,19.629715861001003,15.218097685673508,0.9761305105435292,0.0037287973169917834
1637,1889580057,12,13.237265910528809,15.673640399741881,0.9761305105435292,0.0037287973169917834
1638,341660067,14,13.065844281434448,15.58929212621199,0.9761305105435292,0.0037287973169917834
1639,2398788637,18,17.540987248892296,16.03788188818013,0.9761305105435292,0.0037287973169917834
1640,1283248252,16,15.418693734169048,15.429967363842499,0.9761305105435292,0.0037287973169917834
1641,2781380345,19,18.563613503800937,15.928249024262925,0.9761305105435292,0.0037287973169917834
1642,3010121404,19,18.429775195052947,15.781187809470282,0.9761305105435292,0.0037287973169917834
1643,397880563,19,18.999682128959222,17.028324638750888,0.9761305105435292,0.0037287973169917834
1644,21668633,11,12.133285540758838,16.296070229909297,0.9761305105435292,0.0037287973169917834
1645,1534312078,20,19.654100617987616,17.049032847994535,0.9761305105435292,0.0037287973169917834
1646,2362077479,15,14.398303842235876,15.40571262430069,0.9761305105435292,0.0037287973169917834
1647,1935859754,14,13.44234128843178,13.39815631112344,0.9761305105435292,0.0037287973169917834
1648,2689100789,15,14.658410604535765,14.97145444014335,0.9761305105435292,0.0037287973169917834
1649,2143374151,18,18.100601664244202,14.641249091504864,0.9761305105435292,0.0037287973169917834
1650,308520979,12,11.936699613697446,14.636906365814678,0.9761305105435292,0.0037287973169917834
1651,4183755437,19,18.3189144841662,14.632916569523422,0.9761305105435292,0.0037287973169917834
1652,2887707464,16,16.783344429648185,16.028756456252232,0.9761305105435292,0.0037287973169917834
1653,206179230,13,13.405452810230269,14.483842552537968,0.9761305105435292,0.0037287973169917834
1654,3539793642,21,21.308348127087974,16.29048461424285,0.9761305105435292,0.0037287973169917834
1655,2001185096,16,15.722473391449139,16.71028380018521,0.9761305105435292,0.0037287973169917834
1656,100328543,18,18.305259136644842,15.708308669943452,0.9761305105435292,0.0037287973169917834
1657,2181246279,12,11.139594455664374,16.76129803899065,0.9761305105435292,0.0037287973169917834
1658,1140719861,16,15.35512088945444,15.45320574200069,0.9761305105435292,0.0037287973169917834
1659,3330008642,17,16.458465018903944,16.62291245576666,0.9761305105435292,0.0037287973169917834
1660,2112802707,22,22.125890463520584,15.722737979018271,0.9761305105435292,0.0037287973169917834
1661,1544286864,14,13.206193427833131,15.197034172953888,0.9761305105435292,0.0037287973169917834
1662,2427673875,15,14.37312169028149,17.18693411918737,0.9761305105435292,0.0037287973169917834
1663,3538216652,17,16.955480485736263,16.036187138798944,0.9761305105435292,0.0037287973169917834
1664,1544559889,11,11.38970010090122,14.780314971138164,0.9761305105435292,0.0037287973169917834
1665,2724598922,12,13.068847696456023,16.73467588485015,0.9761305105435292,0.0037287973169917834
1666,3480033474,16,15.533694003537548,18.39945890954217,0.9761305105435292,0.0037287973169917834
1667,1332003380,14,12.923750150364308,16.318731791964186,0.9761305105435292,0.0037287973169917834
1668,2199388850,10,10.547675630061086,17.718457963958237,0.9761305105435292,0.0037287973169917834
1669,2312122610,13,12.385959109309685,18.166044473760877,0.9761305105435292,0.0037287973169917834
1670,213951444,12,11.956978296824989,16.42831950608379,0.9761305105435292,0.0037287973169917834
1671,2843769214,16,17.136816059118168,15.513493580281837,0.9761305105435292,0.0037287973169917834
1672,1655220784,12,12.06022922598892,15.336733604870725,0.9761305105435292,0.0037287973169917834
1673,1536893848,16,15.875037202947846,17.159110353059692,0.9761305105435292,0.0037287973169917834
1674,1114461830,14,14.86685449908596,17.3040633573915,0.9761305105435292,0.0037287973169917834
1675,408820865,12,12.314890639793676,16.21808486200191,0.9761305105435292,0.0037287973169917834
1676,1677745461,12,12.52315786387405,16.546385243117594,0.9761305105435292,0.0037287973169917834
1677,2248590330,15,14.874233791264022,15.545718757718166,0.9761305105435292,0.0037287973169917834
1678,165536018,14,14.928556911151324,16.793227806695135,0.9761305105435292,0.0037287973169917834
1679,3090481525,14,13.16980266291634,15.253005728276207,0.9761305105435292,0.0037287973169917834
1680,810195232,10,10.560254132214524,15.463447907234354,0.9761305105435292,0.0037287973169917834
1681,3590596561,14,14.089569934298273,16.40326859940901,0.9761305105435292,0.0037287973169917834
1682,1512688426,15,15.454078665609426,17.28472083365468,0.9761305105435292,0.0037287973169917834
1683,3138229224,17,17.401086704759898,17.594962719315227,0.9761305105435292,0.0037287973169917834
1684,650120461,11,11.15657364387569,16.152827824275022,0.9761305105435292,0.0037287973169917834
1685,1163708524,14,13.25917236035987,15.553195743184238,0.9761305105435292,0.0037287973169917834
1686,2297257775,19,18.764669431154093,16.816272249739594,0.9761305105435292,0.0037287973169917834
1687,1026305221,15,14.982160194629946,17.33666607259455,0.9761305105435292,0.0037287973169917834
1688,4185594854,21,20.195806046029425,16.429075584900865,0.9761305105435292,0.0037287973169917834
1689,4038833184,15,15.268772870616175,15.089351233139004,0.9761305105435292,0.0037287973169917834
1690,3828229691,16,15.730059713835093,15.168629859640777,0.9761305105435292,0.0037287973169917834
1691,1440371289,16,15.556285885069176,14.870488500899791,0.9761305105435292,0.0037287973169917834
1692,2027782799,17,16.741020685855325,16.597252260440236,0.9761305105435292,0.0037287973169917834
1693,3081340571,18,17.28499032184802,14.745301392399918,0.9761305105435292,0.0037287973169917834
1694,474839720,15,14.454004012684242,16.176672273863677,0.9761305105435292,0.0037287973169917834
1695,3638192335,18,17.31278254788846,16.192536348118857,0.9761305105435292,0.0037287973169917834
1696,522557348,16,15.789000329434066,15.813687800882326,0.9761305105435292,0.0037287973169917834
1697,4056698705,17,17.26050761784454,15.713330627753013,0.9761305105435292,0.0037287973169917834
1698,2394930881,20,19.97808829414174,16.497755844579245,0.9761305105435292,0.0037287973169917834
1699,4118188060,16,15.91474299263509,16.647796302674777,0.9761305105435292,0.0037287973169917834
1700,1662616367,15,14.753257424498472,16.105615576526553,0.9761305105435292,0.0037287973169917834
1701,1638846467,13,13.162712453886826,16.42055880043181,0.9761305105435292,0.0037287973169917834
1702,278400331,11,11.366015323654894,14.379390331741897,0.9761305105435292,0.0037287973169917834
1703,3499992681,16,15.65405900598137,18.112804433051135,0.9761305105435292,0.0037287973169917834
1704,246909576,14,14.851326053444975,15.49344707196271,0.9761305105435292,0.0037287973169917834
1705,876991907,15,15.364203050354098,16.368931626013495,0.9761305105435292,0.0037287973169917834
1706,47202059,13,11.739550844776526,16.991968875644062,0.9761305105435292,0.0037287973169917834
1707,253604909,16,16.33669069515539,15.335403759081563,0.9761305105435292,0.0037287973169917834
1708,933803919,19,18.86266455569929,15.441338724835216,0.9761305105435292,0.0037287973169917834
1709,1104066396,17,16.850353684212426,16.20000000761187,0.9761305105435292,0.0037287973169917834
1710,3568547698,19,19.475442654120254,13.773404736060735,0.9761305105435292,0.0037287973169917834
1711,1631532957,19,18.525977177463297,17.487007877294463,0.9761305105435292,0.0037287973169917834
1712,1185816118,16,16.00498745699562,15.851215665443657,0.9761305105435292,0.0037287973169917834
1713,524175810,16,17.06608376378846,15.409048423401984,0.9761305105435292,0.0037287973169917834
1714,684259373,14,13.19763899571519,16.073736947287717,0.9761305105435292,0.0037287973169917834
1715,1176856435,16,16.5250270253732,17.04305727020758,0.9761305105435292,0.0037287973169917834
1716,1815651575,17,17.06010724930677,15.709553536489064,0.9761305105435292,0.0037287973169917834
1717,1795380147,16,15.900259193601888,15.908050868017435,0.9761305105435292,0.0037287973169917834
1718,3208615524,20,20.67494600350154,17.351025694058755,0.9761305105435292,0.0037287973169917834
1719,2157176708,13,12.66561662924293,16.30212280032243,0.9761305105435292,0.0037287973169917834
1720,4062463368,12,11.850810693715122,16.834209229128692,0.9761305105435292,0.0037287973169917834
1721,3221942943,15,13.813985782207586,15.384374538747602,0.9761305105435292,0.0037287973169917834
1722,46673691,13,12.988761123025117,15.608267774326524,0.9761305105435292,0.0037287973169917834
1723,144345704,11,10.641265267301643,15.194305214410269,0.9761305105435292,0.0037287973169917834
1724,2880278473,19,18.725124065173166,15.479431680475807,0.9761305105435292,0.0037287973169917834
1725,1889979845,16,16.33889497912569,14.046406375078485,0.9761305105435292,0.0037287973169917834
1726,1880465526,13,13.052951365101626,14.944365236913825,0.9761305105435292,0.0037287973169917834
1727,2539672244,14,13.756223615643242,15.37852697668539,0.9761305105435292,0.0037287973169917834
1728,608451453,15,15.312786548637263,16.097812476623815,0.9761305105435292,0.0037287973169917834
1729,1855358852,15,14.802008733653619,16.524030701776983,0.9761305105435292,0.0037287973169917834
1730,2572023292,20,18.625491147207423,15.581481469581192,0.9761305105435292,0.0037287973169917834
1731,1254103487,15,15.788760424903455,17.069401599940814,0.9761305105435292,0.0037287973169917834
1732,1434350179,18,17.134580136984468,17.158035031995187,0.9761305105435292,0.0037287973169917834
1733,3156622439,17,16.885542760687493,15.149336726395736,0.9761305105435292,0.0037287973169917834
1734,2367522991,16,15.934776289532076,17.25637135245878,0.9761305105435292,0.0037287973169917834
1735,2109474517,18,17.813018379421848,14.702441293033246,0.9761305105435292,0.0037287973169917834
1736,3830666648,15,14.683010862909537,16.993402710795444,0.9761305105435292,0.0037287973169917834
1737,4240790008,18,17.95127918245145,15.78313952665162,0.9761305105435292,0.0037287973169917834
1738,1754957295,17,18.02643282313707,14.760868021516135,0.9761305105435292,0.0037287973169917834
1739,4059400466,16,14.540274379322346,14.718501889763036,0.9761305105435292,0.0037287973169917834
1740,9704637,11,11.072018011339683,14.779144711035348,0.9761305105435292,0.0037287973169917834
1741,1990852198,20,20.336969561165958,15.185258917168644,0.9761305105435292,0.0037287973169917834
1742,63592180,15,14.22035074985279,16.30612319618517,0.9761305105435292,0.0037287973169917834
1743,1022343120,20,19.92006193078324,15.624184993415188,0.9761305105435292,0.0037287973169917834
1744,903414974,16,17.49315694878198,17.893411142341122,0.9761305105435292,0.0037287973169917834
1745,2819839001,12,12.651808348871509,18.86036163315059,0.9761305105435292,0.0037287973169917834
1746,20453905,9,9.03113209629051,17.504488469854167,0.9761305105435292,0.0037287973169917834
1747,1098571253,19,18.665220176608848,15.491609663823715,0.9761305105435292,0.0037287973169917834
1748,2055434916,15,15.12612517142648,14.010125989341782,0.9761305105435292,0.0037287973169917834
1749,1906862494,16,15.452833248036686,15.482961011320672,0.9761305105435292,0.0037287973169917834
1750,123044522,13,13.372637356214295,17.234118710802502,0.9761305105435292,0.0037287973169917834
1751,4082073902,17,17.56086043375196,14.397440272665628,0.9761305105435292,0.0037287973169917834
1752,3462388799,22,22.1286772283191,16.926480296331093,0.9761305105435292,0.0037287973169917834
1753,1513273839,19,19.91861471305119,14.54153925194932,0.9761305105435292,0.0037287973169917834
1754,3104944753,15,14.479278396371104,14.973090675461824,0.9761305105435292,0.0037287973169917834
1755,2588759892,16,15.532052076060092,15.532541821009852,0.9761305105435292,0.0037287973169917834
1756,2709773285,17,15.834579507181274,16.42654807242446,0.9761305105435292,0.0037287973169917834
1757,3177201192,15,14.574559316818725,16.868487584470397,0.9761305105435292,0.0037287973169917834
1758,1657515448,17,16.218377371617475,16.627606811357143,0.9761305105435292,0.0037287973169917834
1759,206630009,14,13.936161439268727,16.56011933485486,0.9761305105435292,0.0037287973169917834
1760,157487615,16,16.090289737649183,15.501691006778108,0.9761305105435292,0.0037287973169917834
1761,741845298,15,14.041364447057987,14.756178617097277,0.9761305105435292,0.0037287973169917834
1762,356763765,14,14.049318806060217,16.45508519700285,0.9761305105435292,0.0037287973169917834
1763,2760769680,9,8.960704394492485,16.316776517616965,0.9761305105435292,0.0037287973169917834
1764,1814302269,14,13.721133958475193,14.755165730498856,0.9761305105435292,0.0037287973169917834
1765,3022271609,14,14.000418829215743,15.962950589876195,0.9761305105435292,0.0037287973169917834
1766,1343290055,14,12.99398427291234,17.566470064963106,0.9761305105435292,0.0037287973169917834
1767,3845949840,14,14.562064083229966,16.430009245842133,0.9761305105435292,0.0037287973169917834
1768,550814747,12,11.733152577615439,14.486469677713458,0.9761305105435292,0.0037287973169917834
1769,3226452789,15,16.27231187196535,16.378585474476438,0.9761305105435292,0.0037287973169917834
1770,2097939918,15,14.444977650780512,16.677987314375972,0.9761305105435292,0.0037287973169917834
1771,1638331905,14,13.935752649712077,14.561114271626682,0.9761305105435292,0.0037287973169917834
1772,4183099190,17,16.06990824572325,15.162253619552809,0.9761305105435292,0.0037287973169917834
1773,3003966019,14,14.26701158605275,16.180969523054834,0.9761305105435292,0.0037287973169917834
1774,2570218525,15,15.47165684208033,16.085372795438722,0.9761305105435292,0.0037287973169917834
1775,3252995158,14,14.515204414050379,16.600714930637583,0.9761305105435292,0.0037287973169917834
1776,657445795,18,17.721993881500175,16.688004655167788,0.9761305105435292,0.0037287973169917834
1777,661402713,15,16.626375848559565,15.00719809205271,0.9761305105435292,0.0037287973169917834
1778,4041719686,20,20.21244118203811,17.293152466133698,0.9761305105435292,0.0037287973169917834
1779,579368532,12,12.989511114167698,17.23293170637922,0.9761305105435292,0.0037287973169917834
1780,856920253,15,14.85831781868906,17.69885877391236,0.9761305105435292,0.0037287973169917834
1781,3519110611,17,16.67000327140473,15.726636713210715,0.9761305105435292,0.0037287973169917834
1782,2067391015,18,17.897554103318985,15.489545064382778,0.9761305105435292,0.0037287973169917834
1783,1128871979,13,13.162501187165285,17.392464216664983,0.9761305105435292,0.0037287973169917834
1784,1450379650,13,12.827063900326726,17.844019705359813,0.9761305105435292,0.0037287973169917834
1785,2804529788,18,17.698343442823344,15.900257320882258,0.9761305105435292,0.0037287973169917834
1786,3392568644,16,15.038226156379341,15.295483851569674,0.9761305105435292,0.0037287973169917834
1787,1349528247,14,14.310039242976803,16.886050861458525,0.9761305105435292,0.0037287973169917834
1788,2141162857,21,21.25931756027497,17.529384873477944,0.9761305105435292,0.0037287973169917834
1789,4160265707,23,23.072957401352927,16.450442217462616,0.9761305105435292,0.0037287973169917834
1790,2093395063,19,18.426112015943733,15.325073151904173,0.9761305105435292,0.0037287973169917834
1791,3874726720,16,16.816240672689982,15.044214888695558,0.9761305105435292,0.0037287973169917834
1792,2596222861,20,19.028892302799736,14.168686048948246,0.9761305105435292,0.0037287973169917834
1793,823835448,15,15.63415048982292,15.659070106713992,0.9761305105435292,0.0037287973169917834
1794,1911919489,16,16.05646374312343,14.72067150809669,0.9761305105435292,0.0037287973169917834
1795,78225895,14,14.249209277790337,15.306577908725718,0.9761305105435292,0.0037287973169917834
1796,1314734680,14,14.350474930948286,15.84491331780957,0.9761305105435292,0.0037287973169917834
1797,1973079280,17,17.071312135969073,15.06921940930205,0.9761305105435292,0.0037287973169917834
1798,695171686,18,18.186049367728796,16.092020636199816,0.9761305105435292,0.0037287973169917834
1799,1184426412,15,14.050970118562493,14.915342121398831,0.9761305105435292,0.0037287973169917834
1800,1366428950,13,12.561778321162805,16.059191670876704,0.9761305105435292,0.0037287973169917834
1801,1253614496,13,13.226074898614666,16.346393849888265,0.9761305105435292,0.0037287973169917834
1802,3127138942,18,18.410656492983765,14.188718367058161,0.9761305105435292,0.0037287973169917834
1803,1992510827,18,18.181998596438408,16.386117263665607,0.9761305105435292,0.0037287973169917834
1804,2239019553,14,13.859572311033943,15.055901218180372,0.9761305105435292,0.0037287973169917834
1805,4036168185,16,17.044605918762496,16.809348690697092,0.9761305105435292,0.0037287973169917834
1806,1287183195,18,19.004770893809457,14.970336629011536,0.9761305105435292,0.0037287973169917834
1807,3421688963,17,17.498481944423293,15.004178116110575,0.9761305105435292,0.0037287973169917834
1808,1893684860,19,18.869260893120163,17.359588853411125,0.9761305105435292,0.0037287973169917834
1809,3700043472,15,15.267554427772271,17.435318060855085,0.9761305105435292,0.0037287973169917834
1810,3918680104,12,13.430654072052487,15.541360642140493,0.9761305105435292,0.0037287973169917834
1811,1379939056,11,11.516224734374171,14.525747169150225,0.9761305105435292,0.0037287973169917834
1812,3846609226,15,15.259603977027515,14.087288297346873,0.9761305105435292,0.0037287973169917834
1813,1354440137,16,15.8274319624398,15.268399482422097,0.9761305105435292,0.0037287973169917834
1814,1838297687,16,16.18454557601813,17.256775616269902,0.9761305105435292,0.0037287973169917834
1815,2972096702,16,16.48586866336259,18.521899181633994,0.9761305105435292,0.0037287973169917834
1816,4062761091,13,13.91433220094459,15.465030730711907,0.9761305105435292,0.0037287973169917834
1817,3281268822,13,12.475743248741363,14.639153715709488,0.9761305105435292,0.0037287973169917834
1818,742303647,19,18.180280828047493,16.32064000635428,0.9761305105435292,0.0037287973169917834
1819,3095415688,11,10.916424633923683,16.013728946476014,0.9761305105435292,0.0037287973169917834
1820,3601460531,19,17.63785226595054,15.619154962830024,0.9761305105435292,0.0037287973169917834
1821,3017257581,20,19.924106352359786,16.494795204863248,0.9761305105435292,0.0037287973169917834
1822,1839491506,16,15.085932679615556,18.754225076152256,0.9761305105435292,0.0037287973169917834
1823,3761337047,16,16.041278688852298,15.410645389021207,0.9761305105435292,0.0037287973169917834
1824,976352739,18,18.50255699561806,16.122294727981558,0.9761305105435292,0.0037287973169917834
1825,1400428520,18,18.46340612563774,16.093208045177303,0.9761305105435292,0.0037287973169917834
1826,3568460177,14,13.446969680457698,15.394179488009417,0.9761305105435292,0.0037287973169917834
1827,489856212,15,15.060585935498846,15.986972689832374,0.9761305105435292,0.0037287973169917834
1828,2648637167,25,25.880405712712992,15.344853391284389,0.9761305105435292,0.0037287973169917834
1829,2654129029,16,17.559666657430316,14.333083524612837,0.9761305105435292,0.0037287973169917834
1830,840570480,12,11.271664515300028,16.5506649245529,0.9761305105435292,0.0037287973169917834
1831,2051658034,15,14.602205346327178,15.419934568251103,0.9761305105435292,0.0037287973169917834
1832,2785996001,16,16.27786384729827,15.709587154949327,0.9761305105435292,0.0037287973169917834
1833,2807716724,18,17.3546176268868,15.37075439769374,0.9761305105435292,0.0037287973169917834
1834,1082485658,13,13.587408152175396,18.295165263937243,0.9761305105435292,0.0037287973169917834
1835,2618100489,12,11.262974671550484,17.25803712742885,0.9761305105435292,0.0037287973169917834
1836,366916541,20,20.595239336387618,17.500539395581285,0.9761305105435292,0.0037287973169917834
1837,3411185336,16,16.028682777440842,16.537057222252038,0.9761305105435292,0.0037287973169917834
1838,3366099760,13,13.639084932131757,16.124595437442554,0.9761305105435292,0.0037287973169917834
1839,2146114552,22,23.062581941876324,17.042902514818945,0.9761305105435292,0.0037287973169917834
1840,1996658900,14,12.959671684678796,15.201092852624816,0.9761305105435292,0.0037287973169917834
1841,3168068838,18,18.172211033442633,14.996064485027258,0.9761305105435292,0.0037287973169917834
1842,233205434,18,17.742876309803048,15.141161147863949,0.9761305105435292,0.0037287973169917834
1843,1174187372,18,18.282101547273022,16.704695067335564,0.9761305105435292,0.0037287973169917834
1844,418353739,16,15.89600979688645,16.518273911860025,0.9761305105435292,0.0037287973169917834
1845,4154193653,24,25.101591069353997,13.494444914805817,0.9761305105435292,0.0037287973169917834
1846,4070337757,19,19.404476232503598,16.56790661533023,0.9761305105435292,0.0037287973169917834
1847,2037065609,17,17.123076709102605,16.00807298614665,0.9761305105435292,0.0037287973169917834
1848,3176367477,18,16.76827756288804,15.347817325508895,0.9761305105435292,0.0037287973169917834
1849,3533212179,13,12.349027239574916,15.971687792841317,0.9761305105435292,0.0037287973169917834
1850,1396765302,15,16.345074023893158,16.551261482201667,0.9761305105435292,0.0037287973169917834
1851,1860945602,18,17.703470394789324,15.205559305256063,0.9761305105435292,0.0037287973169917834
1852,2891385368,13,12.924915802654345,15.315404711810691,0.9761305105435292,0.0037287973169917834
1853,838384838,17,17.65927420926817,16.503167192769137,0.9761305105435292,0.0037287973169917834
1854,2922983475,15,14.895195982610016,15.188006825168362,0.9761305105435292,0.0037287973169917834
1855,248588070,14,13.999868365221591,15.757504661602184,0.9761305105435292,0.0037287973169917834
1856,1157732096,9,9.874065549574153,16.76894448418976,0.9761305105435292,0.0037287973169917834
1857,2536610185,15,14.982574660652585,15.544525230033774,0.9761305105435292,0.0037287973169917834
1858,3918390649,19,18.91543237224889,16.003025915950964,0.9761305105435292,0.0037287973169917834
1859,919459421,19,18.85196446566096,17.613160667869664,0.9761305105435292,0.0037287973169917834
1860,186893094,13,11.744306331443129,17.10956331227383,0.9761305105435292,0.0037287973169917834
1861,2719555410,14,12.807249336652887,14.585655245578772,0.9761305105435292,0.0037287973169917834
1862,3309045798,12,12.44642855253808,15.515061628310715,0.9761305105435292,0.0037287973169917834
1863,3470203423,19,18.967957520967552,16.710886915287084,0.9761305105435292,0.0037287973169917834
1864,3635630701,17,17.897617139123795,17.29019596158198,0.9761305105435292,0.0037287973169917834
1865,1622524115,14,14.501955861392602,17.723284738305434,0.9761305105435292,0.0037287973169917834
1866,1418040095,15,14.702701100839505,14.728550220352336,0.9761305105435292,0.0037287973169917834
1867,1413304478,15,16.202598313045055,15.886139138171364,0.9761305105435292,0.0037287973169917834
1868,641995357,12,12.209366690837388,18.325239024881462,0.9761305105435292,0.0037287973169917834
1869,3889428410,23,22.9395510246743,16.999757596061908,0.9761305105435292,0.0037287973169917834
1870,1872889779,17,17.246383865126766,16.028225016916906,0.9761305105435292,0.0037287973169917834
1871,688034669,13,13.0110664541677,18.72131665378367,0.9761305105435292,0.0037287973169917834
1872,2154972051,12,11.539737997550112,17.183914738760457,0.9761305105435292,0.0037287973169917834
1873,1662273092,11,12.255082936739356,16.156511992393416,0.9761305105435292,0.0037287973169917834
1874,2563480969,16,16.57130364413194,15.404534543016883,0.9761305105435292,0.0037287973169917834
1875,3088007481,14,14.071829467269973,17.95298975847532,0.9761305105435292,0.0037287973169917834
1876,2485056938,17,16.98300996557681,16.0588273283491,0.9761305105435292,0.0037287973169917834
1877,2679032102,18,17.833283628616417,19.049876470462117,0.9761305105435292,0.0037287973169917834
1878,842213331,16,15.284145398179959,15.30788865763634,0.9761305105435292,0.0037287973169917834
1879,2665113910,18,18.71826288706202,15.24046959974308,0.9761305105435292,0.0037287973169917834
1880,3727479814,15,15.20941009504486,14.799499831115364,0.9761305105435292,0.0037287973169917834
1881,3911314971,17,18.33627031628435,16.150508272831765,0.9761305105435292,0.0037287973169917834
1882,170539715,13,11.556120438265358,16.087009005528095,0.9761305105435292,0.0037287973169917834
1883,4229812580,17,16.89446863179368,17.103961904197195,0.9761305105435292,0.0037287973169917834
1884,24594959,14,16.073089984978772,16.83420871731633,0.9761305105435292,0.0037287973169917834
1885,3634480770,13,12.100490538060468,13.203015971985025,0.9761305105435292,0.0037287973169917834
1886,1085242049,15,15.310892965840623,18.224122065368842,0.9761305105435292,0.0037287973169917834
1887,1789253844,16,16.142890055219006,17.129144065676787,0.9761305105435292,0.0037287973169917834
1888,2337808927,14,13.781455439287745,16.346960803102114,0.9761305105435292,0.0037287973169917834
1889,4112864939,18,17.53869373019195,15.612079086022382,0.9761305105435292,0.0037287973169917834
1890,899424290,11,10.993476040368694,16.418542911524348,0.9761305105435292,0.0037287973169917834
1891,1747447962,15,14.739740823227617,14.08991954447543,0.9761305105435292,0.0037287973169917834
1892,3075485823,17,17.628895294586375,16.603956889472933,0.9761305105435292,0.0037287973169917834
1893,3535156432,15,14.415579873873634,14.621347734574076,0.9761305105435292,0.0037287973169917834
1894,1122204209,15,16.166214859444803,15.464195732844866,0.9761305105435292,0.0037287973169917834
1895,2031634702,13,12.18629986045576,15.166076364949788,0.9761305105435292,0.0037287973169917834
1896,1381404285,17,16.15607646888273,15.737456886023153,0.9761305105435292,0.0037287973169917834
1897,2439195015,14,14.931079955620083,15.739479464601947,0.9761305105435292,0.0037287973169917834
1898,3222422009,12,12.659301496556127,16.90598486654416,0.9761305105435292,0.0037287973169917834
1899,2256032292,12,12.302402496756047,14.385879794416354,0.9761305105435292,0.0037287973169917834
1900,235604367,13,12.537719108409629,14.5955881627894,0.9761305105435292,0.0037287973169917834
1901,1601754484,19,19.286815106855844,15.206747720834102,0.9761305105435292,0.0037287973169917834
1902,227291138,9,9.002062662724068,16.670140555354727,0.9761305105435292,0.0037287973169917834
1903,4160290395,24,22.99185829230669,15.403695664989565,0.9761305105435292,0.0037287973169917834
1904,1212140812,15,14.527256556512071,16.931115221066754,0.9761305105435292,0.0037287973169917834
1905,1893417392,14,14.440271235281767,15.891362250868207,0.9761305105435292,0.0037287973169917834
1906,4140460831,20,20.70170738394491,14.639675062808461,0.9761305105435292,0.0037287973169917834
1907,1985622224,14,12.187922573430667,15.883601661344409,0.9761305105435292,0.0037287973169917834
1908,1823842496,13,12.760450360586617,15.246592328763388,0.9761305105435292,0.0037287973169917834
1909,2662872683,18,18.875789880159754,14.961782301046588,0.9761305105435292,0.0037287973169917834
1910,3547082316,16,16.107567294954464,14.804261151108838,0.9761305105435292,0.0037287973169917834
1911,1405078822,19,19.29557915089228,17.962486241330108,0.9761305105435292,0.0037287973169917834
1912,4096386721,16,15.295898177747414,15.254732672686448,0.9761305105435292,0.0037287973169917834
1913,1313630428,15,15.088654927620544,16.030363379239066,0.9761305105435292,0.0037287973169917834
1914,4259155144,19,18.103277837229353,15.331007475340567,0.9761305105435292,0.0037287973169917834
1915,1366142635,18,17.066383362409404,14.139620598698013,0.9761305105435292,0.0037287973169917834
1916,2711481375,18,18.173181336070186,16.804838461500978,0.9761305105435292,0.0037287973169917834
1917,3634801738,15,15.864773420253453,16.966183118993207,0.9761305105435292,0.0037287973169917834
1918,641948345,15,13.903522812958482,15.787732539127774,0.9761305105435292,0.0037287973169917834
1919,3938790230,17,16.723706833778312,17.298947991940988,0.9761305105435292,0.0037287973169917834
1920,4034085680,14,13.603705802151518,16.59702968256895,0.9761305105435292,0.0037287973169917834
1921,3654111781,16,17.33798416695258,14.876802662451093,0.9761305105435292,0.0037287973169917834
1922,2365592634,10,10.257594266962844,16.571472878641053,0.9761305105435292,0.0037287973169917834
1923,2494593258,15,13.872139515656865,15.398200483943842,0.9761305105435292,0.0037287973169917834
1924,1048252805,16,15.393069025975734,14.979656468361162,0.9761305105435292,0.0037287973169917834
1925,3925202562,18,18.862120707231416,15.1728607121555,0.9761305105435292,0.0037287973169917834
1926,4004969783,23,22.863340482405945,16.511638406897077,0.9761305105435292,0.0037287973169917834
1927,4109856839,19,18.920611150215564,17.294651212446485,0.9761305105435292,0.0037287973169917834
1928,542069021,13,12.923503521574238,15.89250126255052,0.9761305105435292,0.0037287973169917834
1929,2030800560,15,15.459593363342936,14.588397266491132,0.9761305105435292,0.0037287973169917834
1930,2612633788,17,16.968763000761506,17.501110272276623,0.9761305105435292,0.0037287973169917834
1931,1674231947,14,14.145850793808671,14.319463910653377,0.9761305105435292,0.0037287973169917834
1932,1502275723,15,14.004462472822075,14.537359187357964,0.9761305105435292,0.0037287973169917834
1933,2574111992,18,17.66905168219697,16.036943225763622,0.9761305105435292,0.0037287973169917834
1934,3132928585,17,17.449085339373273,15.707369554629015,0.9761305105435292,0.0037287973169917834
1935,1273270555,15,15.049892032864799,13.589696231797314,0.9761305105435292,0.0037287973169917834
1936,234970190,12,12.571537551840782,15.377854954214758,0.9761305105435292,0.0037287973169917834
1937,3667620158,19,18.447207620843265,16.372350155136523,0.9761305105435292,0.0037287973169917834
1938,3637496372,17,17.145205581149963,14.97113273911963,0.9761305105435292,0.0037287973169917834
1939,2744018302,18,17.84488725395233,14.515499057373328,0.9761305105435292,0.0037287973169917834
1940,2740271600,16,15.389659749606414,16.547773859768395,0.9761305105435292,0.0037287973169917834
1941,2533730594,13,12.518766424517171,13.89495474210059,0.9761305105435292,0.0037287973169917834
1942,2248374238,17,16.41467415220894,16.44481259451656,0.9761305105435292,0.0037287973169917834
1943,3854027495,21,20.62176694644169,16.499730422059066,0.9761305105435292,0.0037287973169917834
1944,1206818219,19,18.582198922763034,15.440224165019398,0.9761305105435292,0.0037287973169917834
1945,2376603790,13,12.994016556675655,17.00988649796669,0.9761305105435292,0.0037287973169917834
1946,3892893498,15,15.73108843489664,15.416336900048005,0.9761305105435292,0.0037287973169917834
1947,2891996018,15,15.225335512681747,17.371805467581126,0.9761305105435292,0.0037287973169917834
1948,3177724859,20,19.955629304616462,15.08402156761002,0.9761305105435292,0.0037287973169917834
1949,1656900901,13,13.037187343447124,14.884982249011426,0.9761305105435292,0.0037287973169917834
1950,4003831013,19,18.43675219558413,16.904207182884566,0.9761305105435292,0.0037287973169917834
1951,3374335468,13,12.758058968704853,15.819360970830061,0.9761305105435292,0.0037287973169917834
1952,331877023,14,13.27290288232393,14.407520215084968,0.9761305105435292,0.0037287973169917834
1953,714754338,12,12.924273685660662,14.398146604666868,0.9761305105435292,0.0037287973169917834
1954,1115502909,17,16.876099646191438,15.939612525074699,0.9761305105435292,0.0037287973169917834
1955,707543237,11,10.75786937913416,15.627739852396545,0.9761305105435292,0.0037287973169917834
1956,2543961184,13,12.839402622361666,14.517974268352031,0.9761305105435292,0.0037287973169917834
1957,3731520576,16,15.66596116334907,15.847283768154659,0.9761305105435292,0.0037287973169917834
1958,168031989,16,16.67741494935521,17.65218177817963,0.9761305105435292,0.0037287973169917834
1959,3210216535,16,16.553681972603577,16.44898808524365,0.9761305105435292,0.0037287973169917834
1960,4125982567,24,23.555627961452842,16.435311911828336,0.9761305105435292,0.0037287973169917834
1961,249773198,16,16.33178535134801,14.507976170341559,0.9761305105435292,0.0037287973169917834
1962,4139396144,16,15.443193001134222,16.057636436776253,0.9761305105435292,0.0037287973169917834
1963,4218282549,20,20.769993401703022,15.115412931273633,0.9761305105435292,0.0037287973169917834
1964,2268611066,15,15.731509985333133,16.00017828478002,0.9761305105435292,0.0037287973169917834
1965,2412981755,21,21.644941365083827,15.057107113701488,0.9761305105435292,0.0037287973169917834
1966,510735097,17,18.18987742713428,19.464429777184456,0.9761305105435292,0.0037287973169917834
1967,3022456366,14,13.374261008878946,16.419830961602223,0.9761305105435292,0.0037287973169917834
1968,424078256,15,15.095319586443221,15.39930458002947,0.9761305105435292,0.0037287973169917834
1969,959948574,18,18.779122197494736,17.014789187915575,0.9761305105435292,0.0037287973169917834
1970,1010752117,19,17.391266918932505,16.282795529264217,0.9761305105435292,0.0037287973169917834
1971,1724751760,17,17.095545750934896,16.391429293080982,0.9761305105435292,0.0037287973169917834
1972,3056662541,15,14.136731822178987,18.74824543746079,0.9761305105435292,0.0037287973169917834
1973,3677290665,15,16.65678664088228,14.461808396433046,0.9761305105435292,0.0037287973169917834
1974,2878872611,14,13.210416734451575,18.56731514234874,0.9761305105435292,0.0037287973169917834
1975,2078944653,19,20.64967676395807,16.033722123758263,0.9761305105435292,0.0037287973169917834
1976,1749368952,11,10.221948025792518,13.40620888314199,0.9761305105435292,0.0037287973169917834
1977,1697941538,11,10.606746355725562,14.875842290680698,0.9761305105435292,0.0037287973169917834
1978,1821599459,17,17.018139826068808,15.146319215840347,0.9761305105435292,0.0037287973169917834
1979,729847617,12,11.519474118436515,14.323023584945162,0.9761305105435292,0.0037287973169917834
1980,4188090606,17,17.786185421861436,16.425878076351978,0.9761305105435292,0.0037287973169917834
1981,2115380885,16,16.591220476890207,17.16653775057857,0.9761305105435292,0.0037287973169917834
1982,149373167,15,14.238322976900728,15.523539439341798,0.9761305105435292,0.0037287973169917834
1983,553650812,9,9.094871105677402,15.817562521471151,0.9761305105435292,0.0037287973169917834
1984,917536576,15,14.244629979357907,16.280597930866076,0.9761305105435292,0.0037287973169917834
1985,1417903658,15,14.807415647677761,14.9343525478984,0.9761305105435292,0.0037287973169917834
1986,3627866487,19,18.754211506256762,15.338529685102746,0.9761305105435292,0.0037287973169917834
1987,805111909,17,16.441640468203712,13.81194731623566,0.9761305105435292,0.0037287973169917834
1988,733001025,14,14.981702104070289,14.974256147707726,0.9761305105435292,0.0037287973169917834
1989,627120672,10,8.538682156057284,15.411126415571067,0.9761305105435292,0.0037287973169917834
1990,2694059027,10,10.092446046082259,15.440327910273547,0.9761305105435292,0.0037287973169917834
1991,3505418225,18,17.003128423013965,16.220607278187806,0.9761305105435292,0.0037287973169917834
1992,2870993626,19,18.197353847486266,17.515940865856628,0.9761305105435292,0.0037287973169917834
1993,1769790698,19,19.002027513110612,15.642283673257044,0.9761305105435292,0.0037287973169917834
1994,1545230662,14,14.332083680662674,18.163345603308972,0.9761305105435292,0.0037287973169917834
1995,2886446936,16,15.884194532996242,15.97266762846532,0.9761305105435292,0.0037287973169917834
1996,1919001873,13,12.947151991126356,18.248215470874232,0.9761305105435292,0.0037287973169917834
1997,1536072486,17,17.145446227949446,14.368179099138004,0.9761305105435292,0.0037287973169917834
1998,3194986856,18,17.259442073503962,16.398915392133343,0.9761305105435292,0.0037287973169917834
1999,1663505026,12,11.557965592828205,15.682125209127628,0.9761305105435292,0.0037287973169917834
2000,1384299627,15,14.017799863207077,15.44287582556662,0.9761305105435292,0.0037287973169917834
2001,3194446074,19,18.492862279269538,15.602246883329503,0.9761305105435292,0.0037287973169917834
2002,1343147016,10,9.091550777215035,15.649721254756923,0.9761305105435292,0.0037287973169917834
2003,3505016841,12,11.840145288622262,16.894602933154463,0.9761305105435292,0.0037287973169917834
2004,3548434297,17,16.02434812799325,15.827103205190017,0.9761305105435292,0.0037287973169917834
2005,379818209,13,13.629020234432579,16.598377027038246,0.9761305105435292,0.0037287973169917834
2006,1827013192,12,12.13805747190472,17.270818776084006,0.9761305105435292,0.0037287973169917834
2007,259243066,18,18.22112137191432,15.300686514907605,0.9761305105435292,0.0037287973169917834
2008,91250417,15,15.33383845811053,14.675967192423432,0.9761305105435292,0.0037287973169917834
2009,4229356445,20,19.574032759752768,17.671257564395226,0.9761305105435292,0.0037287973169917834
2010,4016370913,19,18.36535298689412,15.21809854273521,0.9761305105435292,0.0037287973169917834
2011,1379597196,17,16.843692595013813,15.115988640167416,0.9761305105435292,0.0037287973169917834
2012,3185025318,18,18.605374204669182,15.319633150240566,0.9761305105435292,0.0037287973169917834
2013,2998171506,18,17.425515786669557,12.743827427928412,0.9761305105435292,0.0037287973169917834
2014,944177937,11,11.093581413598312,16.334130543035148,0.9761305105435292,0.0037287973169917834
2015,2463776416,15,14.102526701244546,15.093370761446142,0.9761305105435292,0.0037287973169917834
2016,2125638731,18,17.363065718915824,16.00422786406795,0.9761305105435292,0.0037287973169917834
2017,2530306304,12,12.268879306887875,14.661139828275841,0.9761305105435292,0.0037287973169917834
2018,2421332209,13,12.654168436201498,16.659811927278003,0.9761305105435292,0.0037287973169917834
2019,931238619,16,16.368252974301903,17.2984040799306,0.9761305105435292,0.0037287973169917834
2020,3087351652,15,15.35306153680175,17.6525446302507,0.9761305105435292,0.0037287973169917834
2021,2204142521,14,13.817794712601938,17.230079566205525,0.9761305105435292,0.0037287973169917834
2022,4011375421,20,19.44296882473673,16.468355417287416,0.9761305105435292,0.0037287973169917834
2023,122998870,13,13.102699522679895,14.68156890054262,0.9761305105435292,0.0037287973169917834
2024,3816144218,20,20.18872631871528,16.800956711719085,0.9761305105435292,0.0037287973169917834
2025,1042860244,14,13.554825935325766,16.279526093738184,0.9761305105435292,0.0037287973169917834
2026,1811688667,20,19.245831846897353,13.997729941385458,0.9761305105435292,0.0037287973169917834
2027,291424106,16,16.448493100133458,18.29578173682291,0.9761305105435292,0.0037287973169917834
2028,528776021,17,15.881266069495505,16.36164849248225,0.9761305105435292,0.0037287973169917834
2029,2051690571,14,14.273612717563847,14.039794330569205,0.9761305105435292,0.0037287973169917834
2030,2528032620,19,19.21090982431998,15.288845820706362,0.9761305105435292,0.0037287973169917834
2031,2964116296,14,13.709355993281742,16.870188253007417,0.9761305105435292,0.0037287973169917834
2032,336290640,11,11.39216981747205,18.367267036400207,0.9761305105435292,0.0037287973169917834
2033,241537910,16,16.675608736194857,16.47162069271998,0.9761305105435292,0.0037287973169917834
2034,3146462464,14,14.773734712246329,14.968068776479038,0.9761305105435292,0.0037287973169917834
2035,3515840827,19,20.49255962493208,15.636932755120108,0.9761305105435292,0.0037287973169917834
2036,511512958,18,17.23506464246983,15.73535555705718,0.9761305105435292,0.0037287973169917834
2037,1900962823,14,13.21210535217234,14.180919014248076,0.9761305105435292,0.0037287973169917834
2038,3343035078,15,15.199906455881992,16.797228884695055,0.9761305105435292,0.0037287973169917834
2039,7957959,15,14.597676783225007,15.49755884832805,0.9761305105435292,0.0037287973169917834
2040,4019313111,21,20.641252496238657,14.882814337441237,0.9761305105435292,0.0037287973169917834
2041,3455080746,16,17.013431443935925,14.384885573519796,0.9761305105435292,0.0037287973169917834
2042,1421646206,18,18.802912640018732,17.123311998354314,0.9761305105435292,0.0037287973169917834
2043,2617134887,21,21.61116762825533,15.139106093567552,0.9761305105435292,0.0037287973169917834
2044,2233100686,14,14.851361745859965,15.583874782861324,0.9761305105435292,0.0037287973169917834
2045,1578084295,19,18.57197099834345,16.161743243984485,0.9761305105435292,0.0037287973169917834
2046,2820499976,12,11.951663677802639,16.337094130806623,0.9761305105435292,0.0037287973169917834
2047,2617804691,13,12.563407820929426,15.953430146536098,0.9761305105435292,0.0037287973169917834
2048,661728050,15,14.784385213969562,16.300501934554575,0.9761305105435292,0.0037287973169917834
2049,4250445360,16,16.226525444539604,16.42748182616642,0.9761305105435292,0.0037287973169917834
2050,2234811581,14,14.63623324906014,16.764993133417843,0.9761305105435292,0.0037287973169917834
2051,3635672102,17,17.164777161156348,15.795795254815673,0.9761305105435292,0.0037287973169917834
2052,2965486031,17,17.499543035278826,17.421144884479098,0.9761305105435292,0.0037287973169917834
2053,1923369297,13,13.82465330265762,14.725026771952793,0.9761305105435292,0.0037287973169917834
2054,728732302,17,16.58359624051829,17.650314205296837,0.9761305105435292,0.0037287973169917834
2055,2895899770,19,18.708900060218948,16.575529099315965,0.9761305105435292,0.0037287973169917834
2056,2469271242,15,16.200118808633288,17.166284041883795,0.9761305105435292,0.0037287973169917834
2057,1125284709,15,16.267884150119187,17.89776322730082,0.9761305105435292,0.0037287973169917834
2058,454035163,13,13.102206314976417,15.125028510061222,0.9761305105435292,0.0037287973169917834
2059,3137622669,14,13.480646383885801,13.377561502884223,0.9761305105435292,0.0037287973169917834
2060,2601720158,16,16.55973641247479,15.948408997120499,0.9761305105435292,0.0037287973169917834
2061,3028658565,14,14.574526355568008,16.596447084863804,0.9761305105435292,0.0037287973169917834
2062,3206711410,15,15.218570298834464,14.594901041823771,0.9761305105435292,0.0037287973169917834
2063,757830065,15,15.16739843596489,14.6503211757416,0.9761305105435292,0.0037287973169917834
2064,3777434300,15,15.675955203678976,15.837110711084241,0.9761305105435292,0.0037287973169917834
2065,352892134,13,11.880150199728288,15.732477010667674,0.9761305105435292,0.0037287973169917834
2066,3045105892,12,11.901349903348187,15.481898218166373,0.9761305105435292,0.0037287973169917834
2067,447172659,14,14.939973378877031,15.496277262589672,0.9761305105435292,0.0037287973169917834
2068,3473572530,14,14.47793930475944,16.63539331272637,0.9761305105435292,0.0037287973169917834
2069,3259971111,16,16.378639208459845,15.905711228151347,0.9761305105435292,0.0037287973169917834
2070,2235508118,16,15.740438536383985,15.888019445031523,0.9761305105435292,0.0037287973169917834
2071,2766093763,19,18.06362807158677,15.715927863085309,0.9761305105435292,0.0037287973169917834
2072,2211402161,16,16.31668415821697,15.132734248392236,0.9761305105435292,0.0037287973169917834
2073,2566642647,22,22.272439050476493,16.75232200312299,0.9761305105435292,0.0037287973169917834
2074,2858361735,17,16.42640341147926,14.894750253886807,0.9761305105435292,0.0037287973169917834
2075,4024871917,23,22.847502497843813,17.117846711025255,0.9761305105435292,0.0037287973169917834
2076,2528481745,16,16.163087152716635,15.614764379386276,0.9761305105435292,0.0037287973169917834
2077,2231468344,9,8.524272149554013,15.140732715163528,0.9761305105435292,0.0037287973169917834
2078,11863616,8,6.930715451734292,17.283564471313234,0.9761305105435292,0.0037287973169917834
2079,1302023717,16,14.781621495399586,16.558919311827392,0.9761305105435292,0.0037287973169917834
2080,221122767,14,14.002954490688737,16.672689070487603,0.9761305105435292,0.0037287973169917834
2081,2263626660,15,15.212339139979118,16.980700944407257,0.9761305105435292,0.0037287973169917834
2082,3931853635,17,17.652825359528045,16.917211207927505,0.9761305105435292,0.0037287973169917834
2083,1414907237,15,15.340014919435646,15.746282808676677,0.9761305105435292,0.0037287973169917834
2084,1170728885,19,18.757644634849914,14.749154698101364,0.9761305105435292,0.0037287973169917834
2085,1132087624,13,14.07811071173739,15.995767841471798,0.9761305105435292,0.0037287973169917834
2086,1166221190,14,13.150555618890824,13.923349608518956,0.9761305105435292,0.0037287973169917834
2087,1252869138,12,11.609112646179897,15.34981658151683,0.9761305105435292,0.0037287973169917834
2088,3688975698,17,17.896856927590967,15.610009789962154,0.9761305105435292,0.0037287973169917834
2089,1668321555,13,12.6629095674318,16.842774444779547,0.9761305105435292,0.0037287973169917834
2090,3948676903,17,16.175350592291075,15.22818298412405,0.9761305105435292,0.0037287973169917834
2091,2430331331,17,16.645483698442483,16.080391289329494,0.9761305105435292,0.0037287973169917834
2092,2661571385,17,15.97695126326607,16.723838601211764,0.9761305105435292,0.0037287973169917834
2093,166434218,16,16.03429864424984,14.443950445879787,0.9761305105435292,0.0037287973169917834
2094,2098611598,16,16.11335783281296,15.40686176474848,0.9761305105435292,0.0037287973169917834
2095,1437768618,17,17.76286769337816,13.995664198888978,0.9761305105435292,0.0037287973169917834
2096,3095093233,21,21.321732390254418,16.05057718125878,0.9761305105435292,0.0037287973169917834
2097,2565804112,13,12.76053015232603,15.095083809624441,0.9761305105435292,0.0037287973169917834
2098,4012154734,20,19.463834381692866,16.12894565609185,0.9761305105435292,0.0037287973169917834
2099,870622746,15,14.43410995513367,16.472676906565678,0.9761305105435292,0.0037287973169917834
2100,1196083032,15,15.021013114697165,16.124339338029728,0.9761305105435292,0.0037287973169917834
2101,626386558,18,19.691986048291678,16.081403398034873,0.9761305105435292,0.0037287973169917834
2102,1875402324,17,16.62765776139618,15.82437849426473,0.9761305105435292,0.0037287973169917834
2103,3375743303,15,14.832611910268303,17.083706811725854,0.9761305105435292,0.0037287973169917834
2104,2827607951,18,18.554745749319785,14.512538555897468,0.9761305105435292,0.0037287973169917834
2105,360027738,16,15.716262704154676,16.083344481033652,0.9761305105435292,0.0037287973169917834
2106,4069893850,18,17.708112519996956,16.966191751756803,0.9761305105435292,0.0037287973169917834
2107,3069420364,18,18.321608777590203,19.36430346442737,0.9761305105435292,0.0037287973169917834
2108,937900763,21,21.5221415002687,15.58706992131864,0.9761305105435292,0.0037287973169917834
2109,3207490148,18,19.593756276973554,14.985645452340426,0.9761305105435292,0.0037287973169917834
2110,3130717070,19,17.877253460050206,15.166048691715673,0.9761305105435292,0.0037287973169917834
2111,2660200821,19,19.90592536529639,14.82433143755037,0.9761305105435292,0.0037287973169917834
2112,4096315857,15,14.467094432341659,16.439555899277543,0.9761305105435292,0.0037287973169917834
2113,1585738470,16,16.076283450550058,16.071228094293158,0.9761305105435292,0.0037287973169917834
2114,1294121194,15,15.056308566233815,14.114292170325404,0.9761305105435292,0.0037287973169917834
2115,1077052807,11,10.586336242346658,16.23237171899829,0.9761305105435292,0.0037287973169917834
2116,1310568481,13,12.55475168953824,15.510711381318302,0.9761305105435292,0.0037287973169917834
2117,3743632453,16,16.04412569176747,16.19817159104354,0.9761305105435292,0.0037287973169917834
2118,2843580524,17,16.761060821376113,14.542852048739707,0.9761305105435292,0.0037287973169917834
2119,1417529016,17,17.62149652369393,16.92672361483423,0.9761305105435292,0.0037287973169917834
2120,3776311155,19,18.485081157140304,16.695041420150442,0.9761305105435292,0.0037287973169917834
2121,2738961213,16,16.838001813271664,16.496489904885266,0.9761305105435292,0.0037287973169917834
2122,956040947,17,15.96121702192892,15.833980315859392,0.9761305105435292,0.0037287973169917834
2123,3978147053,20,19.397395221983846,16.769481952468688,0.9761305105435292,0.0037287973169917834
2124,221994868,18,17.329629940641063,15.82824063174436,0.9761305105435292,0.0037287973169917834
2125,4084366743,21,21.005073212492213,15.436510207487439,0.9761305105435292,0.0037287973169917834
2126,1588765609,17,17.153784230217543,15.950552226814043,0.9761305105435292,0.0037287973169917834
2127,1823564076,14,13.863972770631445,16.452478096159528,0.9761305105435292,0.0037287973169917834
2128,869457313,17,16.622871680090277,15.282159531315063,0.9761305105435292,0.0037287973169917834
2129,1054948658,17,17.239930989238072,17.394270788844587,0.9761305105435292,0.0037287973169917834
2130,106986707,14,14.163884877069052,15.557153537203046,0.9761305105435292,0.0037287973169917834
2131,1770170702,14,14.531991046236703,14.095101787493494,0.9761305105435292,0.0037287973169917834
2132,953601282,14,13.89720315136453,16.421029731286165,0.9761305105435292,0.0037287973169917834
2133,1778748615,14,13.69748388141546,17.322839373917958,0.9761305105435292,0.0037287973169917834
2134,3475932116,17,16.982018052733565,15.339066229542317,0.9761305105435292,0.0037287973169917834
2135,471576701,16,14.675584403262707,15.461351736847144,0.9761305105435292,0.0037287973169917834
2136,701655492,14,13.215734463502276,16.24015740140087,0.9761305105435292,0.0037287973169917834
2137,4018989414,19,19.02690090918107,16.665397679278417,0.9761305105435292,0.0037287973169917834
2138,351810159,16,14.676408965270076,16.597948486850928,0.9761305105435292,0.0037287973169917834
2139,1181304494,15,15.571494861028688,15.804072402327137,0.9761305105435292,0.0037287973169917834
2140,243752039,16,15.301589417409101,15.920787096957003,0.9761305105435292,0.0037287973169917834
2141,3837098214,18,18.34357069555016,15.405414702291058,0.9761305105435292,0.0037287973169917834
2142,1855139173,17,17.893660544874102,16.906197610196152,0.9761305105435292,0.0037287973169917834
2143,1393223502,16,15.78512706543851,13.737012272943634,0.9761305105435292,0.0037287973169917834
2144,4049757388,15,14.630940095674513,14.82826505810319,0.9761305105435292,0.0037287973169917834
2145,3070874062,17,17.59520378919469,15.867902073958188,0.9761305105435292,0.0037287973169917834
2146,2622582534,15,14.465582704168122,17.095672005159642,0.9761305105435292,0.0037287973169917834
2147,1598287654,19,18.19177902403408,17.231692032635483,0.9761305105435292,0.0037287973169917834
2148,123363276,17,17.27163710358628,17.427590051300005,0.9761305105435292,0.0037287973169917834
2149,1336285079,18,18.793250006672828,17.587833919773797,0.9761305105435292,0.0037287973169917834
2150,1585723061,16,16.8302204526601,18.240888323129354,0.9761305105435292,0.0037287973169917834
2151,1263708597,16,16.851652853920136,15.762196372777279,0.9761305105435292,0.0037287973169917834
2152,3565080772,16,16.673279443143024,15.364862154008893,0.9761305105435292,0.0037287973169917834
2153,1873943795,19,19.003934231728902,15.813748540865333,0.9761305105435292,0.0037287973169917834
2154,2840215548,19,18.761369715987563,17.041161331357564,0.9761305105435292,0.0037287973169917834
2155,2021482228,20,19.782968215955208,15.185040660977858,0.9761305105435292,0.0037287973169917834
2156,2523023630,13,12.75437562543245,14.433384136764749,0.9761305105435292,0.0037287973169917834
2157,2928820330,13,13.51625110912748,17.775690592944077,0.9761305105435292,0.0037287973169917834
2158,1116950209,13,12.856680782975838,14.280161604118192,0.9761305105435292,0.0037287973169917834
2159,3575196154,17,17.79637167937626,16.35319795963516,0.9761305105435292,0.0037287973169917834
2160,3874042791,19,20.071538953901953,16.484025333711237,0.9761305105435292,0.0037287973169917834
2161,3455054887,21,21.43820752437376,15.67037342006696,0.9761305105435292,0.0037287973169917834
2162,612883020,14,14.942111330488434,15.717796290946094,0.9761305105435292,0.0037287973169917834
2163,425527076,13,13.113119101631856,16.69184848906513,0.9761305105435292,0.0037287973169917834
2164,2181037058,17,17.345259020769095,16.094824549060636,0.9761305105435292,0.0037287973169917834
2165,931424046,16,14.734319208406372,13.439667793478275,0.9761305105435292,0.0037287973169917834
2166,3371030011,21,21.229541447794567,15.777451445306227,0.9761305105435292,0.0037287973169917834
2167,4075183766,19,18.794481509043706,15.779369141910408,0.9761305105435292,0.0037287973169917834
2168,76606201,14,12.828118691900539,13.158389842335783,0.9761305105435292,0.0037287973169917834
2169,3405799886,13,13.415317893084103,15.480397208034205,0.9761305105435292,0.0037287973169917834
2170,2609110857,18,17.331132966591863,14.91380925405283,0.9761305105435292,0.0037287973169917834
2171,3680578937,18,17.583520722587597,17.252637525721973,0.9761305105435292,0.0037287973169917834
2172,3402235630,21,20.72214676885945,15.561291350871784,0.9761305105435292,0.0037287973169917834
2173,1354991424,11,10.780752670815366,16.20461550098531,0.9761305105435292,0.0037287973169917834
2174,2898372149,15,15.665849069793861,15.934227036929945,0.9761305105435292,0.0037287973169917834
2175,1964673321,14,13.441286200545061,15.769673475726993,0.9761305105435292,0.0037287973169917834
2176,189191003,16,15.041726796265454,16.723066846388488,0.9761305105435292,0.0037287973169917834
2177,2407110166,17,17.195744931673307,16.9253004839287,0.9761305105435292,0.0037287973169917834
2178,64257586,15,15.373313470458516,14.724794139709218,0.9761305105435292,0.0037287973169917834
2179,4253783737,20,20.95397492840533,15.778034226441727,0.9761305105435292,0.0037287973169917834
2180,2316328292,12,13.105304543643758,15.85531757265467,0.9761305105435292,0.0037287973169917834
2181,2929383093,19,19.571775827759733,16.086335891080257,0.9761305105435292,0.0037287973169917834
2182,2713267861,16,15.94071716366318,16.177829187746198,0.9761305105435292,0.0037287973169917834
2183,69720902,14,13.446466801256895,14.693883995376458,0.9761305105435292,0.0037287973169917834
2184,190025582,17,16.840881305434642,15.279399280539508,0.9761305105435292,0.0037287973169917834
2185,2508505178,12,11.392215878476046,15.646545518370555,0.9761305105435292,0.0037287973169917834
2186,2710449396,15,14.506782609383325,14.826571875904657,0.9761305105435292,0.0037287973169917834
2187,163112094,15,16.251250069777626,16.675687512296754,0.9761305105435292,0.0037287973169917834
2188,1457406704,16,16.149425040654204,16.419913348995188,0.9761305105435292,0.0037287973169917834
2189,2129216748,18,17.697220363434738,16.693847675828877,0.9761305105435292,0.0037287973169917834
2190,2429927516,13,14.166023429989162,15.466305693705896,0.9761305105435292,0.0037287973169917834
2191,2786966376,17,17.666255383940307,17.969587072428173,0.9761305105435292,0.0037287973169917834
2192,1220895653,14,14.144188687673978,14.495307192157332,0.9761305105435292,0.0037287973169917834
2193,1432577950,18,17.796965380396465,15.756430131317208,0.9761305105435292,0.0037287973169917834
2194,1287269669,15,15.376962107227675,17.053318435769256,0.9761305105435292,0.0037287973169917834
2195,3711072594,17,18.184917279068504,16.360152575572336,0.9761305105435292,0.0037287973169917834
2196,4195611683,17,18.4022636583636,14.56605877153317,0.9761305105435292,0.0037287973169917834
2197,3639999192,20,19.993191693481812,14.511823051466015,0.9761305105435292,0.0037287973169917834
2198,3711861211,19,19.48482663829315,17.902417974155743,0.9761305105435292,0.0037287973169917834
2199,3550948978,18,18.052476658867878,16.643958922618346,0.9761305105435292,0.0037287973169917834
2200,1529391275,15,15.187204693969486,16.011649247948547,0.9761305105435292,0.0037287973169917834
2201,247146442,17,15.801245408725364,15.439335410350456,0.9761305105435292,0.0037287973169917834
2202,2204387202,12,12.80204099967592,15.474464439828342,0.9761305105435292,0.0037287973169917834
2203,3247208029,16,16.244631677140255,15.894003684235631,0.9761305105435292,0.0037287973169917834
2204,2763181600,13,12.481059156715503,17.078030259156883,0.9761305105435292,0.0037287973169917834
2205,3057929519,16,16.40635740615044,15.547289511567442,0.9761305105435292,0.0037287973169917834
2206,3695996153,18,16.66976253023281,17.25350503261014,0.9761305105435292,0.0037287973169917834
2207,767031313,17,17.45002696104114,17.244757952884576,0.9761305105435292,0.0037287973169917834
2208,1434677974,16,17.06141914693705,18.509300653197663,0.9761305105435292,0.0037287973169917834
2209,2888680962,13,13.504323281331034,16.683164854728282,0.9761305105435292,0.0037287973169917834
2210,431260748,12,12.344897740650463,17.581755234560738,0.9761305105435292,0.0037287973169917834
2211,1557935679,19,19.291554130606855,17.414124984793357,0.9761305105435292,0.0037287973169917834
2212,3811723361,13,13.288168594546665,15.705802565241163,0.9761305105435292,0.0037287973169917834
2213,709124534,13,13.32323200067321,18.17594012268075,0.9761305105435292,0.0037287973169917834
2214,3927518996,15,13.98437566788138,14.987113636475092,0.9761305105435292,0.0037287973169917834
2215,3231666592,13,12.72126150793981,15.925531754251995,0.9761305105435292,0.0037287973169917834
2216,2039602698,16,16.679149069644165,13.314488541087524,0.9761305105435292,0.0037287973169917834
2217,4074777875,15,14.20462000834859,15.269908430677415,0.9761305105435292,0.0037287973169917834
2218,3621080147,18,17.960137151040183,15.686036821605082,0.9761305105435292,0.0037287973169917834
2219,579082802,10,10.222463070722347,15.51880185848746,0.9761305105435292,0.0037287973169917834
2220,3636918772,19,19.373119306288352,16.53167380683757,0.9761305105435292,0.0037287973169917834
2221,3101266199,16,15.428829888526261,14.746565266876825,0.9761305105435292,0.0037287973169917834
2222,979940619,15,14.763267195465824,15.849162242356005,0.9761305105435292,0.0037287973169917834
2223,4061059123,16,16.2135053756357,17.273943849710065,0.9761305105435292,0.0037287973169917834
2224,3687728397,17,16.84201842614041,16.883321163516005,0.9761305105435292,0.0037287973169917834
2225,142808153,10,10.702849078927,14.92656802968001,0.9761305105435292,0.0037287973169917834
2226,593511279,14,13.826052126548106,17.317039325522916,0.9761305105435292,0.0037287973169917834
2227,78247399,17,16.077546432562734,17.27072773758115,0.9761305105435292,0.0037287973169917834
2228,1145811349,14,14.431168579830317,16.024247581237834,0.9761305105435292,0.0037287973169917834
2229,2883706322,19,18.570374937372318,16.318980063641625,0.9761305105435292,0.0037287973169917834
2230,2948217716,20,20.647187693617873,16.377704287865157,0.9761305105435292,0.0037287973169917834
2231,2093930329,20,20.242376681916348,16.224855143954468,0.9761305105435292,0.0037287973169917834
2232,3114465771,20,20.48435614471477,18.494702805947966,0.9761305105435292,0.0037287973169917834
2233,1354122770,12,11.421967137002754,15.50060581798834,0.9761305105435292,0.0037287973169917834
2234,1948005686,15,15.07260690121089,17.061783925909673,0.9761305105435292,0.0037287973169917834
2235,1107122607,19,19.251073557501492,17.329546913295463,0.9761305105435292,0.0037287973169917834
2236,45496120,14,13.656377368613388,17.354568865297022,0.9761305105435292,0.0037287973169917834
2237,3411889572,17,17.466707176224624,16.217451155479853,0.9761305105435292,0.0037287973169917834
2238,3972041719,18,16.965471242074337,17.084562810441533,0.9761305105435292,0.0037287973169917834
2239,1222227823,19,18.389029596210953,16.85800623804834,0.9761305105435292,0.0037287973169917834
2240,1380939261,20,20.615947089683193,15.009224041097161,0.9761305105435292,0.0037287973169917834
2241,4281952130,19,18.98139729116162,14.865721344454247,0.9761305105435292,0.0037287973169917834
2242,1859263434,17,16.465557072077434,16.368160748474455,0.9761305105435292,0.0037287973169917834
2243,3536992054,17,16.655331923784846,16.33459619137131,0.9761305105435292,0.0037287973169917834
2244,3151723615,23,22.088283052081955,15.014029394911182,0.9761305105435292,0.0037287973169917834
2245,2755245498,17,16.576134505587103,15.515852246498685,0.9761305105435292,0.0037287973169917834
2246,942391616,11,11.065695929283615,15.628438069184531,0.9761305105435292,0.0037287973169917834
2247,4138915423,21,21.88233027778032,14.372052406823888,0.9761305105435292,0.0037287973169917834
2248,1979290874,20,19.55320098399064,14.677668002130705,0.9761305105435292,0.0037287973169917834
2249,159845262,13,13.03170479589608,17.518723327960593,0.9761305105435292,0.0037287973169917834
2250,1602175694,20,19.682330178009256,16.887358778007115,0.9761305105435292,0.0037287973169917834
2251,2502485896,14,14.216047713012363,15.354145409266716,0.9761305105435292,0.0037287973169917834
2252,2790184404,17,16.150435641384934,19.06762709106875,0.9761305105435292,0.0037287973169917834
2253,2050717553,20,19.70816021859805,17.83572639534429,0.9761305105435292,0.0037287973169917834
2254,358962381,15,15.769296433454372,16.48880208762422,0.9761305105435292,0.0037287973169917834
2255,112085943,17,17.635388856497848,15.983277940662735,0.9761305105435292,0.0037287973169917834
2256,3772920753,15,14.053291846384814,17.23922680040842,0.9761305105435292,0.0037287973169917834
2257,1949074101,14,15.39587128487987,16.153096961810313,0.9761305105435292,0.0037287973169917834
2258,598404739,16,16.12391452738469,15.368301926686692,0.9761305105435292,0.0037287973169917834
2259,3232965519,15,15.641600208915582,17.093758901748696,0.9761305105435292,0.0037287973169917834
2260,3336755285,16,15.477461834082419,15.672865418826728,0.9761305105435292,0.0037287973169917834
2261,1600234994,18,18.446083349488227,15.1914651148509,0.9761305105435292,0.0037287973169917834
2262,4088292039,19,20.832063048217485,15.15981144018582,0.9761305105435292,0.0037287973169917834
2263,166820578,16,15.714596645099443,16.432462972430137,0.9761305105435292,0.0037287973169917834
2264,1841304331,13,11.38460852064853,18.402829993177146,0.9761305105435292,0.0037287973169917834
2265,1504892817,17,16.98475549317488,14.470607778380057,0.9761305105435292,0.0037287973169917834
2266,774249581,15,14.870945377043887,15.655153009019301,0.9761305105435292,0.0037287973169917834
2267,3645350584,16,15.338997028238273,16.69859678719671,0.9761305105435292,0.0037287973169917834
2268,1422021007,14,14.659377598591401,14.86337428557385,0.9761305105435292,0.0037287973169917834
2269,756608475,18,18.18314387580483,15.789854787576164,0.9761305105435292,0.0037287973169917834
2270,351065263,17,16.79494329231124,16.062818245402358,0.9761305105435292,0.0037287973169917834
2271,3444396467,17,17.038962144534167,16.073137157887714,0.9761305105435292,0.0037287973169917834
2272,1998456812,18,18.060875342140502,15.875779114418012,0.9761305105435292,0.0037287973169917834
2273,392650416,17,16.755192986585307,16.785367379507345,0.9761305105435292,0.0037287973169917834
2274,2387499725,17,17.311686666471243,14.596407946404957,0.9761305105435292,0.0037287973169917834
2275,3978211124,19,18.51340025448613,15.008445925921567,0.9761305105435292,0.0037287973169917834
2276,122135669,15,14.181663685446946,17.167274163424914,0.9761305105435292,0.0037287973169917834
2277,2573013087,16,15.862851382410458,17.497276191208826,0.9761305105435292,0.0037287973169917834
2278,3991930401,14,14.05712466163441,16.82330855369188,0.9761305105435292,0.0037287973169917834
2279,3807151250,14,14.410460717356003,15.712312149785124,0.9761305105435292,0.0037287973169917834
2280,488782588,16,16.376691679442573,15.728341266095242,0.9761305105435292,0.0037287973169917834
2281,2277290586,17,17.280057387788283,14.165264409465431,0.9761305105435292,0.0037287973169917834
2282,4093876970,16,16.141281935943443,16.316430481849043,0.9761305105435292,0.0037287973169917834
2283,4255044081,21,21.08100562929824,15.117279085157312,0.9761305105435292,0.0037287973169917834
2284,2382565410,9,8.62055150009105,18.18301737151021,0.9761305105435292,0.0037287973169917834
2285,1191123913,19,19.23782992193548,15.723289951053076,0.9761305105435292,0.0037287973169917834
2286,3145134649,20,18.963276554193577,15.275147965757956,0.9761305105435292,0.0037287973169917834
2287,708126009,14,12.487145682382808,16.534625709392458,0.9761305105435292,0.0037287973169917834
2288,101680394,11,11.128337531722694,16.965990577859237,0.9761305105435292,0.0037287973169917834
2289,4097801859,20,19.334928372469584,17.31301699239098,0.9761305105435292,0.0037287973169917834
2290,3767093442,11,10.65745404690841,17.125161253358876,0.9761305105435292,0.0037287973169917834
2291,1124323438,13,11.785904195660098,14.930163332973823,0.9761305105435292,0.0037287973169917834
2292,625265253,13,13.621290377502438,17.024620373036093,0.9761305105435292,0.0037287973169917834
2293,987802108,17,17.451986905572685,16.244637816065243,0.9761305105435292,0.0037287973169917834
2294,4250683926,17,16.57669048912642,15.387443081047701,0.9761305105435292,0.0037287973169917834
2295,823657260,10,9.654641848596153,15.67425133689105,0.9761305105435292,0.0037287973169917834
2296,969836341,17,16.340205848095543,15.48964385469433,0.9761305105435292,0.0037287973169917834
2297,2649396315,18,18.195146746629618,17.210549467069505,0.9761305105435292,0.0037287973169917834
2298,3829312659,17,16.359949069957164,15.223287402038192,0.9761305105435292,0.0037287973169917834
2299,234580739,17,17.262871204888093,16.540074751798347,0.9761305105435292,0.0037287973169917834
2300,161787740,15,15.53584024391709,18.33402888203107,0.9761305105435292,0.0037287973169917834
2301,3340075893,16,16.47701982992319,18.1906432054519,0.9761305105435292,0.0037287973169917834
2302,2546502854,15,15.213909816180708,17.65644168361296,0.9761305105435292,0.0037287973169917834
2303,104978566,11,10.891244032068432,14.925179649317736,0.9761305105435292,0.0037287973169917834
2304,2722067276,17,16.56364352350643,16.937094806386842,0.9761305105435292,0.0037287973169917834
2305,1743998615,20,20.432154197804714,15.836956315818423,0.9761305105435292,0.0037287973169917834
2306,2380137288,14,13.501216207465754,16.963821186537878,0.9761305105435292,0.0037287973169917834
2307,2747720154,17,17.63763622041507,16.184136122417033,0.9761305105435292,0.0037287973169917834
2308,1133854073,17,15.828974276764129,15.06491308643533,0.9761305105435292,0.0037287973169917834
2309,163442929,17,17.77578988106657,17.153953013457055,0.9761305105435292,0.0037287973169917834
2310,3394743856,16,16.319983955468825,17.58848657135442,0.9761305105435292,0.0037287973169917834
2311,1799509338,15,14.339939300661339,18.63658147407734,0.9761305105435292,0.0037287973169917834
2312,1378071925,16,15.655371283496208,16.5555553618015,0.9761305105435292,0.0037287973169917834
2313,2922912996,15,13.506790689313302,16.30885310673614,0.9761305105435292,0.0037287973169917834
2314,3124910934,16,16.08434431864169,14.010566203858275,0.9761305105435292,0.0037287973169917834
2315,2703195741,19,18.165362750155403,16.837131186699892,0.9761305105435292,0.0037287973169917834
2316,530931767,16,16.47925741573886,16.022295763969264,0.9761305105435292,0.0037287973169917834
2317,393830778,17,18.172693998220858,16.121845492412433,0.9761305105435292,0.0037287973169917834
2318,2993530410,16,16.470495507775507,14.75710986893011,0.9761305105435292,0.0037287973169917834
2319,2065939893,20,19.67898103170873,16.11164004801352,0.9761305105435292,0.0037287973169917834
2320,2495206800,15,15.188954807099723,14.097073177175313,0.9761305105435292,0.0037287973169917834
2321,2478254968,18,18.074378491980088,16.217081106019496,0.9761305105435292,0.0037287973169917834
2322,2905140398,17,17.867096250423593,16.544012390644223,0.9761305105435292,0.0037287973169917834
2323,2554338980,11,10.775634493509713,16.31503292406392,0.9761305105435292,0.0037287973169917834
2324,2284538158,13,14.054585619217391,15.86170405838096,0.9761305105435292,0.0037287973169917834
2325,1924118786,16,16.614262823764818,15.844991963536922,0.9761305105435292,0.0037287973169917834
2326,1448037924,15,15.17573171812202,16.617437348302907,0.9761305105435292,0.0037287973169917834
2327,3654830565,17,17.015190801880944,13.745306986349235,0.9761305105435292,0.0037287973169917834
2328,402518587,21,21.37917381312983,16.126532716099,0.9761305105435292,0.0037287973169917834
2329,4060424878,15,15.298674306176602,15.523274868656591,0.9761305105435292,0.0037287973169917834
2330,875316181,14,13.86617807244345,19.468924810880985,0.9761305105435292,0.0037287973169917834
2331,1758314894,15,14.710953396054382,15.760123650032526,0.9761305105435292,0.0037287973169917834
2332,3615429139,18,17.002918689038278,15.72437761209009,0.9761305105435292,0.0037287973169917834
2333,3841479157,18,17.852334634725732,17.041692872702477,0.9761305105435292,0.0037287973169917834
2334,122537027,13,13.051566082766314,15.29218000513647,0.9761305105435292,0.0037287973169917834
2335,100317424,16,15.457168808842061,18.384318142625727,0.9761305105435292,0.0037287973169917834
2336,2691369750,13,12.339091582770703,17.7056108367266,0.9761305105435292,0.0037287973169917834
2337,359886258,17,17.22856385118127,15.302873985528155,0.9761305105435292,0.0037287973169917834
2338,2969477923,17,17.07251798872644,18.450338089169996,0.9761305105435292,0.0037287973169917834
2339,964149703,18,17.790717090721536,15.448386234761553,0.9761305105435292,0.0037287973169917834
2340,173861806,17,17.31246765133387,17.50771622451655,0.9761305105435292,0.0037287973169917834
2341,3726090602,17,16.78162799954726,12.480025756866109,0.9761305105435292,0.0037287973169917834
2342,2887475913,15,16.078897959970615,15.056953288806847,0.9761305105435292,0.0037287973169917834
2343,3940367854,22,21.95175247472246,16.900603110325882,0.9761305105435292,0.0037287973169917834
2344,3818421155,18,18.31902431080706,16.451241614590003,0.9761305105435292,0.0037287973169917834
2345,961510902,21,21.372082842825595,14.615532811504654,0.9761305105435292,0.0037287973169917834
2346,3798781170,17,17.02236188954891,16.932796964208883,0.9761305105435292,0.0037287973169917834
2347,3433590423,17,16.11465412498933,17.241965225998953,0.9761305105435292,0.0037287973169917834
2348,454743164,16,15.516021469248951,15.052867150773512,0.9761305105435292,0.0037287973169917834
2349,991606283,16,15.82802243971236,16.284986115207367,0.9761305105435292,0.0037287973169917834
2350,3699256236,19,19.618996802415122,14.521015246134004,0.9761305105435292,0.0037287973169917834
2351,3519856076,18,17.822347251252147,17.59665174110456,0.9761305105435292,0.0037287973169917834
2352,3158954503,15,15.541164432855584,15.26905577393885,0.9761305105435292,0.0037287973169917834
2353,2417812214,15,14.78403434874206,14.886199781762253,0.9761305105435292,0.0037287973169917834
2354,3986878294,20,20.754110229554648,16.220979588080297,0.9761305105435292,0.0037287973169917834
2355,2767767906,15,16.005975971311276,16.238490039259368,0.9761305105435292,0.0037287973169917834
2356,1683815662,19,18.88624291574407,16.074582856292555,0.9761305105435292,0.0037287973169917834
2357,2529293959,17,16.66256235030344,17.113840856143575,0.9761305105435292,0.0037287973169917834
2358,3021745037,15,15.362217746129485,16.739388107574484,0.9761305105435292,0.0037287973169917834
2359,285024424,12,12.934651876362187,16.02717646622507,0.9761305105435292,0.0037287973169917834
2360,2873022109,20,19.64346320740193,16.682933363898748,0.9761305105435292,0.0037287973169917834
2361,1327037533,18,17.61909718059034,16.809361270950344,0.9761305105435292,0.0037287973169917834
2362,3847944300,18,17.750296354034955,17.767551308649423,0.9761305105435292,0.0037287973169917834
2363,2646699756,18,18.73361691412039,13.672371685434882,0.9761305105435292,0.0037287973169917834
2364,833774907,16,16.70592391401849,15.884318942446825,0.9761305105435292,0.0037287973169917834
2365,2466927958,14,13.12252415129575,15.830222543973491,0.9761305105435292,0.0037287973169917834
2366,1155506438,14,14.067392887041658,14.854595030719986,0.9761305105435292,0.0037287973169917834
2367,3883815041,16,16.479377173893376,19.152175284381276,0.9761305105435292,0.0037287973169917834
2368,3210995776,16,15.55717949382072,16.740509219644547,0.9761305105435292,0.0037287973169917834
2369,1122596034,14,13.182853651042226,14.990555500326622,0.9761305105435292,0.0037287973169917834
2370,3743467272,14,13.071202725351691,14.52409057391382,0.9761305105435292,0.0037287973169917834
2371,2927326875,21,20.93258457392883,15.030480999643611,0.9761305105435292,0.0037287973169917834
2372,363570034,16,17.28316693043472,16.063914138027855,0.9761305105435292,0.0037287973169917834
2373,2198807778,13,12.902283916784125,16.727411111578892,0.9761305105435292,0.0037287973169917834
2374,2177135250,12,12.30543751207939,15.497090309160416,0.9761305105435292,0.0037287973169917834
2375,1939263287,20,19.604766005631287,16.26615091963567,0.9761305105435292,0.0037287973169917834
2376,610367649,12,11.151022170853192,17.661050061282772,0.9761305105435292,0.0037287973169917834
2377,2464655714,16,16.88159036520051,16.805784722238847,0.9761305105435292,0.0037287973169917834
2378,750387740,12,12.468328542934483,15.524058973982104,0.9761305105435292,0.0037287973169917834
2379,3523982659,15,14.420287402695681,14.171382762456497,0.9761305105435292,0.0037287973169917834
2380,1621482012,14,15.303708064080613,15.161977058926528,0.9761305105435292,0.0037287973169917834
2381,2439560715,15,14.190328496941655,16.05351135230923,0.9761305105435292,0.0037287973169917834
2382,1924911406,18,18.176188674335894,17.455220471239638,0.9761305105435292,0.0037287973169917834
2383,2627607288,17,17.569249606081005,17.76043171923063,0.9761305105435292,0.0037287973169917834
2384,3269933328,14,13.858750344138432,16.3630728219263,0.9761305105435292,0.0037287973169917834
2385,3841285007,20,20.274837995056224,16.055411270785093,0.9761305105435292,0.0037287973169917834
2386,3796334748,16,17.02252223617843,14.454144762201134,0.9761305105435292,0.0037287973169917834
2387,1187661442,12,12.145689728516485,16.034775259749146,0.9761305105435292,0.0037287973169917834
2388,388590930,15,15.126833365157768,14.78313035558852,0.9761305105435292,0.0037287973169917834
2389,848487813,14,13.179129737466763,16.348022402632328,0.9761305105435292,0.0037287973169917834
2390,2823122615,17,17.52388843699257,15.015750929055212,0.9761305105435292,0.0037287973169917834
2391,3945135330,19,19.369268511612233,16.087328552958493,0.9761305105435292,0.0037287973169917834
2392,2120066799,22,21.44563341291063,15.947090271985056,0.9761305105435292,0.0037287973169917834
2393,1722204584,14,13.684714456936756,17.311915224377678,0.9761305105435292,0.0037287973169917834
2394,2720707657,13,13.578495687998872,17.4249635560905,0.9761305105435292,0.0037287973169917834
2395,2369328546,14,15.031939077535876,15.452712935373118,0.9761305105435292,0.0037287973169917834
2396,557667726,15,15.472797469700106,14.926940499126228,0.9761305105435292,0.0037287973169917834
2397,1360787934,19,18.102289913982105,16.498031064008735,0.9761305105435292,0.0037287973169917834
2398,647194328,15,15.00759601749524,16.250374109716628,0.9761305105435292,0.0037287973169917834
2399,419282463,20,20.515114005831688,17.175063407089404,0.9761305105435292,0.0037287973169917834
2400,3702922574,18,18.70014761548571,14.958601371242716,0.9761305105435292,0.0037287973169917834
2401,1532893116,19,19.38991892444566,16.48752615074929,0.9761305105435292,0.0037287973169917834
2402,949064394,13,13.393360900743664,15.267225807541687,0.9761305105435292,0.0037287973169917834
2403,1470566467,14,14.23820578991266,15.6573333383478,0.9761305105435292,0.0037287973169917834
2404,1964218186,16,16.204660040065278,16.207528537361657,0.9761305105435292,0.0037287973169917834
2405,3333017631,16,16.246631148266285,15.680318327765372,0.9761305105435292,0.0037287973169917834
2406,3716947918,19,19.715597393129002,16.235262337143617,0.9761305105435292,0.0037287973169917834
2407,3485622169,19,18.163840193343635,15.371105403629187,0.9761305105435292,0.0037287973169917834
2408,1838042184,14,15.068352671264503,16.991659891302668,0.9761305105435292,0.0037287973169917834
2409,3734818106,19,18.773242994190852,17.54783513095752,0.9761305105435292,0.0037287973169917834
2410,1688326887,16,16.21113920644884,15.35460245327084,0.9761305105435292,0.0037287973169917834
2411,618030888,14,14.079600089541065,15.043232993651973,0.9761305105435292,0.0037287973169917834
2412,1083634004,13,12.624847159997461,15.782417821212757,0.9761305105435292,0.0037287973169917834
2413,4046962159,23,21.689399543052666,15.678047674872676,0.9761305105435292,0.0037287973169917834
2414,2515354361,18,17.41394197091597,15.331107408186764,0.9761305105435292,0.0037287973169917834
2415,3868773279,19,17.957295176458548,16.98308912209437,0.9761305105435292,0.0037287973169917834
2416,3743428053,17,15.993455165171074,17.01787002185481,0.9761305105435292,0.0037287973169917834
2417,269582723,8,7.749497139529214,13.972376194214311,0.9761305105435292,0.0037287973169917834
2418,3063951357,19,19.154567274056,15.267040249080775,0.9761305105435292,0.0037287973169917834
2419,1882954625,15,15.323111156070729,16.309075441751126,0.9761305105435292,0.0037287973169917834
2420,1719235312,17,16.460265258018914,13.956774785391792,0.9761305105435292,0.0037287973169917834
2421,172555803,15,14.74888909573068,15.946398371729288,0.9761305105435292,0.0037287973169917834
2422,2374267668,13,12.804470149796705,16.986637135825234,0.9761305105435292,0.0037287973169917834
2423,496245060,12,12.454278076782256,16.928062226489864,0.9761305105435292,0.0037287973169917834
2424,1493920459,16,14.97486541219654,15.23944905689693,0.9761305105435292,0.0037287973169917834
2425,3728297037,17,17.296094211575088,18.60752047180755,0.9761305105435292,0.0037287973169917834
2426,1795537256,15,16.01066199542946,16.29554739518663,0.9761305105435292,0.0037287973169917834
2427,2061070375,17,17.772502541103357,15.652351405817148,0.9761305105435292,0.0037287973169917834
2428,2242173709,15,14.823979518257692,16.327011282843824,0.9761305105435292,0.0037287973169917834
2429,202540660,11,11.471766717337474,14.990006722409527,0.9761305105435292,0.0037287973169917834
2430,661455622,13,13.051337355297065,16.22375163343606,0.9761305105435292,0.0037287973169917834
2431,4026868139,13,14.27655488245534,14.044946682279562,0.9761305105435292,0.0037287973169917834
2432,168596447,15,14.373332793919008,16.931445449903443,0.9761305105435292,0.0037287973169917834
2433,1918616568,18,17.36768049706317,15.606323666600764,0.9761305105435292,0.0037287973169917834
2434,2006849627,18,17.621970476974656,13.782967822560305,0.9761305105435292,0.0037287973169917834
2435,2484390888,14,15.418001133755471,16.75047062507826,0.9761305105435292,0.0037287973169917834
2436,762102217,15,14.600513726160457,16.74256025215572,0.9761305105435292,0.0037287973169917834
2437,3813811093,15,15.766130474354465,15.884254463596667,0.9761305105435292,0.0037287973169917834
2438,1960001483,20,21.325306333962736,15.684278646905724,0.9761305105435292,0.0037287973169917834
2439,2110642195,18,19.351262297481124,15.902998331899482,0.9761305105435292,0.0037287973169917834
2440,171014962,14,13.949602233445395,14.296825341556488,0.9761305105435292,0.0037287973169917834
2441,1394167214,16,15.148913085601293,16.2904943505657,0.9761305105435292,0.0037287973169917834
2442,3156562187,14,14.026314225213502,15.92811899256247,0.9761305105435292,0.0037287973169917834
2443,256157205,13,13.90117063794592,17.386614034634732,0.9761305105435292,0.0037287973169917834
2444,2726171540,15,14.125460237561308,16.79501849384574,0.9761305105435292,0.0037287973169917834
2445,3019231586,18,17.423117419550938,17.36911225922527,0.9761305105435292,0.0037287973169917834
2446,1882830239,18,17.193190506351215,16.366420259498884,0.9761305105435292,0.0037287973169917834
2447,603641241,18,17.12225045182509,16.294784664188946,0.9761305105435292,0.0037287973169917834
2448,2169679015,14,13.634380736039594,15.572969377389342,0.9761305105435292,0.0037287973169917834
2449,1215825819,14,15.257644130246044,17.04098544452417,0.9761305105435292,0.0037287973169917834
2450,3776749733,13,13.941546330108551,15.625040477745248,0.9761305105435292,0.0037287973169917834
2451,1805135110,14,12.574825407407875,15.608013026251829,0.9761305105435292,0.0037287973169917834
2452,2575796764,14,13.39702263764706,15.866421815926802,0.9761305105435292,0.0037287973169917834
2453,51566793,12,12.138239909738616,15.231622488822808,0.9761305105435292,0.0037287973169917834
2454,1278761155,13,12.834869162936561,14.234030311557229,0.9761305105435292,0.0037287973169917834
2455,3882695250,18,17.731564485783544,17.068892972467985,0.9761305105435292,0.0037287973169917834
2456,1411531482,12,11.009298762555442,15.098879772166367,0.9761305105435292,0.0037287973169917834
2457,714147617,11,10.265416995932146,15.930853183766207,0.9761305105435292,0.0037287973169917834
2458,854454132,20,20.613879726463125,16.38566948299917,0.9761305105435292,0.0037287973169917834
2459,2087754718,19,18.517134640207026,16.27485041084198,0.9761305105435292,0.0037287973169917834
2460,3315322947,15,14.805097356290002,16.642820448570333,0.9761305105435292,0.0037287973169917834
2461,2795210330,16,14.641830483660934,16.75755271391101,0.9761305105435292,0.0037287973169917834
2462,2325024058,14,13.905060068081278,15.87735032595867,0.9761305105435292,0.0037287973169917834
2463,2012395575,20,19.322715121390146,16.98024186613865,0.9761305105435292,0.0037287973169917834
2464,1872772296,15,15.405655727422277,18.96771500629843,0.9761305105435292,0.0037287973169917834
2465,1579011945,19,18.772959087692662,15.798702120213324,0.9761305105435292,0.0037287973169917834
2466,2083137471,19,19.27186277724152,15.920719453042105,0.9761305105435292,0.0037287973169917834
2467,1387699297,15,15.928376620646375,15.461812124428784,0.9761305105435292,0.0037287973169917834
2468,351326253,13,12.744886664847536,16.504323486663875,0.9761305105435292,0.0037287973169917834
2469,1121923013,18,17.96429665896298,18.500019260091058,0.9761305105435292,0.0037287973169917834
2470,4138104164,18,17.85262313947042,17.463441142170428,0.9761305105435292,0.0037287973169917834
2471,119113399,15,14.866793937278747,15.167328242876653,0.9761305105435292,0.0037287973169917834
2472,346771270,15,15.915814672682078,13.364000472731556,0.9761305105435292,0.0037287973169917834
2473,2070366080,16,16.16697597989751,15.828229131502217,0.9761305105435292,0.0037287973169917834
2474,4113583618,13,12.599607036630859,18.631811923269538,0.9761305105435292,0.0037287973169917834
2475,947353647,18,18.05707420083394,17.91481130430474,0.9761305105435292,0.0037287973169917834
2476,680042455,16,15.706062170374846,14.9679246442192,0.9761305105435292,0.0037287973169917834
2477,2556724965,14,15.080674029509169,16.92511308393564,0.9761305105435292,0.0037287973169917834
2478,1790433075,20,20.997410263573933,16.779817306897733,0.9761305105435292,0.0037287973169917834
2479,1841510053,17,17.783865346758382,15.786245633596304,0.9761305105435292,0.0037287973169917834
2480,2687273033,10,9.85873793783677,17.249705942906246,0.9761305105435292,0.0037287973169917834
2481,2906958352,12,11.840679991651204,17.12825104117631,0.9761305105435292,0.0037287973169917834
2482,4290279297,20,20.44998557180156,15.770936981029426,0.9761305105435292,0.0037287973169917834
2483,2891081574,16,15.176455381237394,16.56258515678837,0.9761305105435292,0.0037287973169917834
2484,2706124573,15,14.94378736277623,15.696067755457852,0.9761305105435292,0.0037287973169917834
2485,2601562542,15,14.943250304278129,16.68607945051489,0.9761305105435292,0.0037287973169917834
2486,3004861954,13,13.27503829019459,14.14605855742828,0.9761305105435292,0.0037287973169917834
2487,4181950159,21,20.929878806577396,16.845334421612545,0.9761305105435292,0.0037287973169917834
2488,1932818713,16,16.013094271578375,15.577742598503573,0.9761305105435292,0.0037287973169917834
2489,4167141187,15,16.50293742501674,16.694468693221616,0.9761305105435292,0.0037287973169917834
2490,248395617,16,16.788316163389673,16.57111683156775,0.9761305105435292,0.0037287973169917834
2491,3455045424,20,20.25606127173899,14.871219764536653,0.9761305105435292,0.0037287973169917834
2492,2109626372,16,16.865093880739835,15.419687980743387,0.9761305105435292,0.0037287973169917834
2493,1833374686,18,16.43165818450974,14.562844515985162,0.9761305105435292,0.0037287973169917834
2494,699254217,16,16.115967456889486,17.894813739733014,0.9761305105435292,0.0037287973169917834
2495,3036966147,13,12.025854117458996,15.588466767204256,0.9761305105435292,0.0037287973169917834
2496,1671175463,16,16.108234069585713,15.643703535898718,0.9761305105435292,0.0037287973169917834
2497,3506276881,15,14.501747555906928,16.859478222186546,0.9761305105435292,0.0037287973169917834
2498,2053320708,12,12.412581813836947,18.47755139275377,0.9761305105435292,0.0037287973169917834
2499,786471202,13,12.552819168404975,16.47746928535761,0.9761305105435292,0.0037287973169917834
2500,830522279,13,11.998141452555625,15.08550272657175,0.9761305105435292,0.0037287973169917834
2501,2791642942,17,17.425584395452017,15.904812221145608,0.9761305105435292,0.0037287973169917834
2502,3759203652,11,11.556305400460277,15.486852798801767,0.9761305105435292,0.0037287973169917834
2503,3210394479,23,23.38475001279503,15.253069943112257,0.9761305105435292,0.0037287973169917834
2504,465652622,15,14.463336435070923,17.40795067956318,0.9761305105435292,0.0037287973169917834
2505,2162191677,14,13.956338341171605,14.039210460736944,0.9761305105435292,0.0037287973169917834
2506,1246710814,15,13.959672558220294,17.206271914612906,0.9761305105435292,0.0037287973169917834
2507,4009186266,22,22.02780814801885,16.329020463963097,0.9761305105435292,0.0037287973169917834
2508,1216454608,13,13.291490620658777,17.23241740645025,0.9761305105435292,0.0037287973169917834
2509,4231525519,21,20.965490218359797,16.13115302530498,0.9761305105435292,0.0037287973169917834
2510,3506030180,16,16.273215441658472,15.363816783679274,0.9761305105435292,0.0037287973169917834
2511,2164746912,11,11.14325152640006,14.128804215339594,0.9761305105435292,0.0037287973169917834
2512,457628869,16,14.898976123356586,14.951224700181474,0.9761305105435292,0.0037287973169917834
2513,4280693112,18,17.325771932917224,14.719458238570914,0.9761305105435292,0.0037287973169917834
2514,2124759717,16,15.238555857332688,17.440752785624465,0.9761305105435292,0.0037287973169917834
2515,365216440,13,11.795837513113495,15.508687297347597,0.9761305105435292,0.0037287973169917834
2516,804518991,22,21.318849226798857,15.466875801923226,0.9761305105435292,0.0037287973169917834
2517,1254197861,13,13.50660640291431,14.40300224651607,0.9761305105435292,0.0037287973169917834
2518,1072458250,17,14.776052411274724,16.251356192654637,0.9761305105435292,0.0037287973169917834
2519,2059783311,18,18.18970941156021,15.3889553517534,0.9761305105435292,0.0037287973169917834
2520,1530755482,19,19.15101038084044,17.275080416900487,0.9761305105435292,0.0037287973169917834
2521,3857076830,18,17.936594281504895,14.835265621414809,0.9761305105435292,0.0037287973169917834
2522,2814076398,21,21.369934526364254,15.702750587639219,0.9761305105435292,0.0037287973169917834
2523,3106354508,16,15.643692906140847,15.656960521095888,0.9761305105435292,0.0037287973169917834
2524,4258410766,17,18.09575776675774,18.55423130492037,0.9761305105435292,0.0037287973169917834
2525,1435356009,17,17.572841681322096,15.772027774406004,0.9761305105435292,0.0037287973169917834
2526,1928298092,21,21.42760143133197,16.43211071320077,0.9761305105435292,0.0037287973169917834
2527,2012481566,16,15.439164388268273,15.882008630615374,0.9761305105435292,0.0037287973169917834
2528,3784437050,17,17.499492712229667,17.0386073815797,0.9761305105435292,0.0037287973169917834
2529,1771442241,11,11.67414465740239,14.240357573040763,0.9761305105435292,0.0037287973169917834
2530,599131821,15,14.734722599597664,15.816065792002297,0.9761305105435292,0.0037287973169917834
2531,2968533082,14,14.677734144152524,15.763055490948195,0.9761305105435292,0.0037287973169917834
2532,4239559919,20,20.494160599575757,15.003913515500575,0.9761305105435292,0.0037287973169917834
2533,2619886647,14,13.155553808250641,15.49290083837777,0.9761305105435292,0.0037287973169917834
2534,1754530335,12,12.534506499630464,14.865370654610933,0.9761305105435292,0.0037287973169917834
2535,1681942776,12,11.330362947856552,16.10448517762646,0.9761305105435292,0.0037287973169917834
2536,942267214,16,16.29771088135247,17.885759814963976,0.9761305105435292,0.0037287973169917834
2537,2868372849,20,20.663128891429665,17.300689602886763,0.9761305105435292,0.0037287973169917834
2538,3289580511,15,15.99606540473095,15.020053952880435,0.9761305105435292,0.0037287973169917834
2539,154046105,14,13.91445337565869,17.58514671661485,0.9761305105435292,0.0037287973169917834
2540,3322717076,13,11.657475093991419,15.579692797948343,0.9761305105435292,0.0037287973169917834
2541,2692088685,14,12.349194478940037,17.641665322853438,0.9761305105435292,0.0037287973169917834
2542,2365508963,19,17.748523730202383,14.408490117513725,0.9761305105435292,0.0037287973169917834
2543,3729056570,17,17.213864599321035,17.578701390770572,0.9761305105435292,0.0037287973169917834
2544,3584946839,20,19.547957591213365,15.651124188492252,0.9761305105435292,0.0037287973169917834
2545,2054424229,15,15.18805424947908,16.48553396886952,0.9761305105435292,0.0037287973169917834
2546,1471450202,16,15.303871560026746,16.480196184622596,0.9761305105435292,0.0037287973169917834
2547,4156568523,18,17.319398302140666,15.231989640900911,0.9761305105435292,0.0037287973169917834
2548,3252094596,13,12.608100548188226,13.934967362622137,0.9761305105435292,0.0037287973169917834
2549,1869316726,18,17.89085496337804,14.319222011540822,0.9761305105435292,0.0037287973169917834
2550,2222236572,14,13.660933785703907,16.703803196897393,0.9761305105435292,0.0037287973169917834
2551,966569585,17,17.45676828689441,16.04902590412332,0.9761305105435292,0.0037287973169917834
2552,3652645621,21,20.976346970041142,16.585931735836386,0.9761305105435292,0.0037287973169917834
2553,2728713280,12,12.993795561934524,16.093280062896515,0.9761305105435292,0.0037287973169917834
2554,3961060100,15,15.443688328245225,15.023469528899323,0.9761305105435292,0.0037287973169917834
2555,1689546491,19,17.982685578169875,16.35797575903705,0.9761305105435292,0.0037287973169917834
2556,1294789207,17,16.595258029341238,15.290369512104368,0.9761305105435292,0.0037287973169917834
2557,850928104,13,10.875779494193981,15.3568576405541,0.9761305105435292,0.0037287973169917834
2558,3652516559,21,21.212891416766517,16.557387224536832,0.9761305105435292,0.0037287973169917834
2559,1768165849,14,13.113240979640604,15.025979260836337,0.9761305105435292,0.0037287973169917834
2560,696485724,14,14.473503977771575,14.514295831799581,0.9761305105435292,0.0037287973169917834
2561,2681576150,20,19.187581531217063,15.214119432985626,0.9761305105435292,0.0037287973169917834
2562,4195703049,15,15.516274274758649,15.689816284495487,0.9761305105435292,0.0037287973169917834
2563,1135247872,9,8.750080941464962,16.71873874943182,0.9761305105435292,0.0037287973169917834
2564,1182664062,17,16.776863984091385,15.179091505111817,0.9761305105435292,0.0037287973169917834
2565,282775909,14,13.590822492387673,16.99532606958358,0.9761305105435292,0.0037287973169917834
2566,2654902435,17,17.62272073069881,16.262813393616735,0.9761305105435292,0.0037287973169917834
2567,3117829694,19,19.063993445762453,14.58668297326821,0.9761305105435292,0.0037287973169917834
2568,2704197511,16,16.112192083002913,16.145755623091055,0.9761305105435292,0.0037287973169917834
2569,2345984618,16,15.814847137957738,15.984034266704612,0.9761305105435292,0.0037287973169917834
2570,4049933696,13,12.657409265676767,16.45416038196075,0.9761305105435292,0.0037287973169917834
2571,1404152734,18,18.509712965714776,18.32898852291475,0.9761305105435292,0.0037287973169917834
2572,3261383565,14,14.706987780583225,15.82015960977375,0.9761305105435292,0.0037287973169917834
2573,2795560220,15,14.974182216698216,14.573142394756175,0.9761305105435292,0.0037287973169917834
2574,1000249559,19,19.539098865609862,14.635661583155317,0.9761305105435292,0.0037287973169917834
2575,2103487607,18,18.554629171133904,16.34326361608648,0.9761305105435292,0.0037287973169917834
2576,4159284902,20,19.887662075994925,18.331132739892325,0.9761305105435292,0.0037287973169917834
2577,3089071553,18,18.154023709454403,14.6001625951312,0.9761305105435292,0.0037287973169917834
2578,3554207562,18,17.94434514951713,18.206327974893735,0.9761305105435292,0.0037287973169917834
2579,2126932476,20,20.22185724792005,16.271102254086905,0.9761305105435292,0.0037287973169917834
2580,4068904243,16,15.934360022864263,16.525696519532964,0.9761305105435292,0.0037287973169917834
2581,876917600,12,12.478138596091119,16.676402523800675,0.9761305105435292,0.0037287973169917834
2582,3136672593,19,19.080731662999792,17.18542408824637,0.9761305105435292,0.0037287973169917834
2583,400226544,18,18.2620847872582,16.277074311666127,0.9761305105435292,0.0037287973169917834
2584,2885953898,12,12.56791741176644,18.585240587307,0.9761305105435292,0.0037287973169917834
2585,938555902,21,21.262846720755725,14.957214945037379,0.9761305105435292,0.0037287973169917834
2586,3942513926,21,20.590058115668818,17.021601320556623,0.9761305105435292,0.0037287973169917834
2587,2707201057,13,12.85448407678561,15.947776317738917,0.9761305105435292,0.0037287973169917834
2588,1566087944,14,13.751485937873095,15.989487345508289,0.9761305105435292,0.0037287973169917834
2589,3972244471,20,20.353688913833818,16.415099711357644,0.9761305105435292,0.0037287973169917834
2590,881340673,9,10.448970513708819,15.612119498747333,0.9761305105435292,0.0037287973169917834
2591,8142025,13,13.742409402680911,15.53142722092623,0.9761305105435292,0.0037287973169917834
2592,3052170104,19,19.49198111592361,14.475129719953463,0.9761305105435292,0.0037287973169917834
2593,1817332950,15,15.652831474770249,15.100634360784047,0.9761305105435292,0.0037287973169917834
2594,812535500,15,14.564626763879582,15.828388025265545,0.9761305105435292,0.0037287973169917834
2595,879533276,16,16.515218669520124,13.700029527261242,0.9761305105435292,0.0037287973169917834
2596,3402600139,19,19.387780567309758,16.003722116737706,0.9761305105435292,0.0037287973169917834
2597,3761864060,18,17.701598685727184,16.96455804269456,0.9761305105435292,0.0037287973169917834
2598,453886368,12,11.835228038804285,15.404539094091401,0.9761305105435292,0.0037287973169917834
2599,2372838529,14,13.833317968282623,14.741900611513392,0.9761305105435292,0.0037287973169917834
2600,2453090627,14,14.686625561746109,14.561794247617062,0.9761305105435292,0.0037287973169917834
2601,3479463117,17,17.63882176270635,15.444013992025734,0.9761305105435292,0.0037287973169917834
2602,698918368,13,12.684222248016827,15.308998626707387,0.9761305105435292,0.0037287973169917834
2603,3038226829,17,16.189059628975137,17.898315945474263,0.9761305105435292,0.0037287973169917834
2604,10985395,16,15.637663785014189,17.1148457906675,0.9761305105435292,0.0037287973169917834
2605,1757315705,16,16.850701276619418,13.7459253174918,0.9761305105435292,0.0037287973169917834
2606,2212361874,18,18.46514089333941,15.835777531899947,0.9761305105435292,0.0037287973169917834
2607,904173819,18,18.17319600992021,17.31411088531164,0.9761305105435292,0.0037287973169917834
2608,141442745,16,16.107161320336722,15.939080607783685,0.9761305105435292,0.0037287973169917834
2609,354153068,16,15.417203789374602,18.062372927552374,0.9761305105435292,0.0037287973169917834
2610,42653235,13,14.053466931357255,18.557037026077776,0.9761305105435292,0.0037287973169917834
2611,1917994912,13,13.180107457771708,16.858039812844233,0.9761305105435292,0.0037287973169917834
2612,420298921,11,11.048581516989547,16.337486846777686,0.9761305105435292,0.0037287973169917834
2613,21901729,11,10.018662918409756,16.720589565283124,0.9761305105435292,0.0037287973169917834
2614,2887450098,19,19.49012824948846,15.990382323621123,0.9761305105435292,0.0037287973169917834
2615,3803044173,18,17.61081249767726,14.883885164827253,0.9761305105435292,0.0037287973169917834
2616,2455695412,15,15.11810266754578,15.595979469454537,0.9761305105435292,0.0037287973169917834
2617,3963841361,16,14.19179804660686,15.85316062641417,0.9761305105435292,0.0037287973169917834
2618,2759242661,17,17.554960503966594,14.813445049990424,0.9761305105435292,0.0037287973169917834
2619,3333597698,13,13.782656574180645,17.04152980904756,0.9761305105435292,0.0037287973169917834
2620,1579906729,18,17.337257130004897,16.717929216957604,0.9761305105435292,0.0037287973169917834
2621,2654067527,18,18.835073064631587,15.648093285854916,0.9761305105435292,0.0037287973169917834
2622,1366818037,21,20.068546997771875,15.800624644973194,0.9761305105435292,0.0037287973169917834
2623,803122332,19,19.966673712806703,15.405945254812499,0.9761305105435292,0.0037287973169917834
2624,2769455938,12,11.876934258265427,17.214117761317944,0.9761305105435292,0.0037287973169917834
2625,3405397348,18,18.28566477688142,16.097530042481285,0.9761305105435292,0.0037287973169917834
2626,2873153914,16,16.10063343218975,15.414298570875019,0.9761305105435292,0.0037287973169917834
2627,2486248358,13,12.913465335137678,17.6084308597471,0.9761305105435292,0.0037287973169917834
2628,3832034566,13,12.56858053283057,17.066248752113843,0.9761305105435292,0.0037287973169917834
2629,3085194377,16,16.133270899222186,13.819135253952481,0.9761305105435292,0.0037287973169917834
2630,852497293,13,13.940756157702882,16.085476522260485,0.9761305105435292,0.0037287973169917834
2631,3927103213,18,17.74018672538779,14.900574065547513,0.9761305105435292,0.0037287973169917834
2632,790158658,15,14.396313864254688,13.329096980302609,0.9761305105435292,0.0037287973169917834
2633,3806659117,14,13.71525200879746,16.38246415728316,0.9761305105435292,0.0037287973169917834
2634,3122084352,13,12.832445045928262,15.387788971692078,0.9761305105435292,0.0037287973169917834
2635,2576996496,14,13.079801672211493,18.050879738347817,0.9761305105435292,0.0037287973169917834
2636,1464582881,16,16.23719023285657,16.495410372713025,0.9761305105435292,0.0037287973169917834
2637,3928618711,20,19.884907307588477,17.483789088014518,0.9761305105435292,0.0037287973169917834
2638,263370632,16,16.369237201277123,15.136817316173444,0.9761305105435292,0.0037287973169917834
2639,1690641201,13,13.647520314225044,16.382647403461277,0.9761305105435292,0.0037287973169917834
2640,3302225457,17,16.190138933825125,15.689727585271594,0.9761305105435292,0.0037287973169917834
2641,1573224131,19,19.123970349908653,16.065324828331196,0.9761305105435292,0.0037287973169917834
2642,1557145261,15,14.626442364661823,15.084461899452112,0.9761305105435292,0.0037287973169917834
2643,3799724177,15,14.689090937982831,14.582185113787153,0.9761305105435292,0.0037287973169917834
2644,3210865613,21,20.704044210672656,15.438681102572636,0.9761305105435292,0.0037287973169917834
2645,1092386973,11,10.707090612063457,14.613416044723516,0.9761305105435292,0.0037287973169917834
2646,394126468,16,15.467766356093355,16.790328865525748,0.9761305105435292,0.0037287973169917834
2647,1091256917,11,10.735127882941912,16.023420091659595,0.9761305105435292,0.0037287973169917834
2648,4003941074,18,18.945483193011167,13.978826510679227,0.9761305105435292,0.0037287973169917834
2649,1603308903,17,16.425373771367095,16.633017225592802,0.9761305105435292,0.0037287973169917834
2650,1881978254,15,15.032324786907898,16.015125398236755,0.9761305105435292,0.0037287973169917834
2651,3979573922,18,17.730826858158064,15.971436799254054,0.9761305105435292,0.0037287973169917834
2652,463552800,10,9.893979380059074,14.014030437906095,0.9761305105435292,0.0037287973169917834
2653,2410928880,19,19.85507496902465,16.536689445859803,0.9761305105435292,0.0037287973169917834
2654,1629135932,13,13.675293723391684,16.5278218160908,0.9761305105435292,0.0037287973169917834
2655,55726097,9,9.02411299217763,16.650988216080766,0.9761305105435292,0.0037287973169917834
2656,4138926844,18,18.056600897940278,17.29933721463108,0.9761305105435292,0.0037287973169917834
2657,1011870949,19,19.036527991745743,15.493198493617745,0.9761305105435292,0.0037287973169917834
2658,1769884534,19,18.716017862985275,18.15525060582594,0.9761305105435292,0.0037287973169917834
2659,4222994135,22,21.919210342204256,15.127278814494783,0.9761305105435292,0.0037287973169917834
2660,446394988,16,15.642485662829078,15.46110948890517,0.9761305105435292,0.0037287973169917834
2661,2205708414,16,15.586160614082143,16.18942663365046,0.9761305105435292,0.0037287973169917834
2662,1010317473,13,12.703214049645695,16.18975522708111,0.9761305105435292,0.0037287973169917834
2663,2560984795,16,16.278923129060367,16.700213231845083,0.9761305105435292,0.0037287973169917834
2664,2819779929,14,14.166038659696422,17.04159656600808,0.9761305105435292,0.0037287973169917834
2665,440280063,19,18.43465334409722,13.680164725024202,0.9761305105435292,0.0037287973169917834
2666,1702929838,14,13.775887117449177,14.84031437929958,0.9761305105435292,0.0037287973169917834
2667,2338918957,14,13.918754209828657,15.793599762493892,0.9761305105435292,0.0037287973169917834
2668,1893998145,13,13.10807892084981,13.149614737190157,0.9761305105435292,0.0037287973169917834
2669,4204759935,23,22.447496921027046,15.57921436797309,0.9761305105435292,0.0037287973169917834
2670,432138799,16,15.280547531621583,15.200631984591263,0.9761305105435292,0.0037287973169917834
2671,3405919546,14,14.150188621550353,17.44586422819261,0.9761305105435292,0.0037287973169917834
2672,3699904972,13,13.710359893136243,16.114395315244074,0.9761305105435292,0.0037287973169917834
2673,820101700,11,10.405396459082912,14.54007352315385,0.9761305105435292,0.0037287973169917834
2674,3852355782,16,15.862215201115148,17.20836780229653,0.9761305105435292,0.0037287973169917834
2675,3565488628,14,12.502178033198192,13.97711162316968,0.9761305105435292,0.0037287973169917834
2676,3944693654,21,22.26230305228261,14.816558449025582,0.9761305105435292,0.0037287973169917834
2677,2117694052,17,17.932725840791118,16.130058614472475,0.9761305105435292,0.0037287973169917834
2678,2878001790,18,16.942851167434526,15.17012108100565,0.9761305105435292,0.0037287973169917834
2679,2270395304,17,17.252066046309444,15.189421730313759,0.9761305105435292,0.0037287973169917834
2680,4138526044,19,19.678157614751118,14.242532491013652,0.9761305105435292,0.0037287973169917834
2681,4163912253,14,15.088314850487842,16.805210788965752,0.9761305105435292,0.0037287973169917834
2682,2138116792,17,18.629953861320452,15.763000364940785,0.9761305105435292,0.0037287973169917834
2683,1876979708,21,19.45262151102775,16.674524216351948,0.9761305105435292,0.0037287973169917834
2684,4210153249,19,18.232860929290304,18.15528755820164,0.9761305105435292,0.0037287973169917834
2685,652982063,20,20.697461762914344,16.71509667760116,0.9761305105435292,0.0037287973169917834
2686,3368183344,12,11.180506279047052,17.265293140833766,0.9761305105435292,0.0037287973169917834
2687,465476915,19,19.78728679648989,18.00146947589504,0.9761305105435292,0.0037287973169917834
2688,2548937659,22,22.035795854888693,15.560602284233804,0.9761305105435292,0.0037287973169917834
2689,2728911147,16,16.258994600488656,16.356323045671644,0.9761305105435292,0.0037287973169917834
2690,1451442202,11,12.861939445607783,17.49044799631016,0.9761305105435292,0.0037287973169917834
2691,3633064188,15,14.32017579642113,17.301367790884196,0.9761305105435292,0.0037287973169917834
2692,746968922,16,14.882502382179357,14.767306500498782,0.9761305105435292,0.0037287973169917834
2693,1489388304,11,12.095727938944183,15.38734610524848,0.9761305105435292,0.0037287973169917834
2694,886304225,18,17.33216257991136,16.304348789659404,0.9761305105435292,0.0037287973169917834
2695,2182154640,8,7.1946363601380146,14.6239190781446,0.9761305105435292,0.0037287973169917834
2696,1039576208,17,16.302381301883543,15.749599696952945,0.9761305105435292,0.0037287973169917834
2697,1832677037,19,18.983976815504835,13.585302406298235,0.9761305105435292,0.0037287973169917834
2698,607731114,15,15.043252417453434,17.35560876958375,0.9761305105435292,0.0037287973169917834
2699,257488590,18,18.21665365243775,16.171350612323636,0.9761305105435292,0.0037287973169917834
2700,2033250265,19,17.67605602240983,16.07864654582629,0.9761305105435292,0.0037287973169917834
2701,158663741,13,12.922912649482308,16.53388535468567,0.9761305105435292,0.0037287973169917834
2702,4138085279,20,19.612842985272586,15.585652176311294,0.9761305105435292,0.0037287973169917834
2703,2975994241,11,10.361252752235647,17.11124742796203,0.9761305105435292,0.0037287973169917834
2704,386302949,14,14.659672669474313,15.091810542100337,0.9761305105435292,0.0037287973169917834
2705,3787243181,20,18.730876856068626,15.583659683317046,0.9761305105435292,0.0037287973169917834
2706,1262762275,13,12.766075330828869,17.25480011043601,0.9761305105435292,0.0037287973169917834
2707,65721341,19,18.837803742523143,16.088696793297807,0.9761305105435292,0.0037287973169917834
2708,2147545218,7,7.832680367061869,15.86955932074197,0.9761305105435292,0.0037287973169917834
2709,3951904232,17,17.253076599610672,15.090940379732064,0.9761305105435292,0.0037287973169917834
2710,3204850045,17,17.242838021676192,16.21756751927788,0.9761305105435292,0.0037287973169917834
2711,1855439219,18,18.20509571272631,15.031960121809671,0.9761305105435292,0.0037287973169917834
2712,123214791,15,13.848888712214787,16.334204683486277,0.9761305105435292,0.0037287973169917834
2713,2788372938,15,14.951078026316457,14.739961830974357,0.9761305105435292,0.0037287973169917834
2714,2252508871,14,14.269413262699775,15.28251411911703,0.9761305105435292,0.0037287973169917834
2715,4182516128,13,14.291289154074935,14.575861655386287,0.9761305105435292,0.0037287973169917834
2716,568758459,15,16.080219365270782,15.608708450211697,0.9761305105435292,0.0037287973169917834
2717,2908607435,20,18.61399707311708,15.348614810173434,0.9761305105435292,0.0037287973169917834
2718,1826077867,20,21.213879970373593,15.426792370247494,0.9761305105435292,0.0037287973169917834
2719,336580953,14,14.261730328961232,14.134602120619036,0.9761305105435292,0.0037287973169917834
2720,1954424362,16,16.40561829733569,16.057003070450218,0.9761305105435292,0.0037287973169917834
2721,4194258983,20,20.349481114152663,13.953669738677812,0.9761305105435292,0.0037287973169917834
2722,932191651,15,15.205889893215158,16.146920807811192,0.9761305105435292,0.0037287973169917834
2723,1050260569,17,17.301238540070194,16.272471370702085,0.9761305105435292,0.0037287973169917834
2724,4194791572,15,14.231778652612707,16.092038533902908,0.9761305105435292,0.0037287973169917834
2725,3666126652,16,16.024542957629684,16.287821327678603,0.9761305105435292,0.0037287973169917834
2726,261770048,13,14.126695091105551,15.76618923972936,0.9761305105435292,0.0037287973169917834
2727,1303781007,18,19.068899010677512,16.27532585527823,0.9761305105435292,0.0037287973169917834
2728,3494907642,14,14.301933283151348,15.393643197165847,0.9761305105435292,0.0037287973169917834
2729,976687822,16,15.64674176318621,15.478540134094908,0.9761305105435292,0.0037287973169917834
2730,2460184413,18,18.089267237290198,15.613105379856938,0.9761305105435292,0.0037287973169917834
2731,364119083,12,10.808963388503585,17.63798599533218,0.9761305105435292,0.0037287973169917834
2732,4057848759,23,22.92304482852399,15.381013875294736,0.9761305105435292,0.0037287973169917834
2733,1015386089,17,16.798691470621627,14.499822859924274,0.9761305105435292,0.0037287973169917834
2734,2602404646,16,16.3246505536192,13.882549762294378,0.9761305105435292,0.0037287973169917834
2735,3854275348,17,16.986309480748933,14.418890905061835,0.9761305105435292,0.0037287973169917834
2736,2207852769,13,12.332999595190673,14.874038322867268,0.9761305105435292,0.0037287973169917834
2737,41638961,14,14.79630041101791,15.591996488677612,0.9761305105435292,0.0037287973169917834
2738,276911911,12,12.172447986555598,15.121986221353154,0.9761305105435292,0.0037287973169917834
2739,3828048582,15,14.85584605542392,16.60970418821848,0.9761305105435292,0.0037287973169917834
2740,2456692350,17,17.812751259827756,13.467418346636663,0.9761305105435292,0.0037287973169917834
2741,1824511397,20,20.905897605071527,16.560523816013067,0.9761305105435292,0.0037287973169917834
2742,3865161332,17,17.827326304612903,17.695917449660808,0.9761305105435292,0.0037287973169917834
2743,2268216271,18,16.868123833167807,17.59409683844625,0.9761305105435292,0.0037287973169917834
2744,1486655367,16,15.492761117684415,16.69300803271145,0.9761305105435292,0.0037287973169917834
2745,3269159815,18,16.925449775803415,16.63829249479266,0.9761305105435292,0.0037287973169917834
2746,2256663495,16,15.36992632538957,15.662647065786876,0.9761305105435292,0.0037287973169917834
2747,2093809905,15,14.87518727503014,16.00826757328584,0.9761305105435292,0.0037287973169917834
2748,623833592,17,16.54882065658324,14.574285847418285,0.9761305105435292,0.0037287973169917834
2749,1367006284,16,16.348601468354854,16.543458603435013,0.9761305105435292,0.0037287973169917834
2750,3780349227,16,15.998520568064489,17.520424046835785,0.9761305105435292,0.0037287973169917834
2751,87383359,17,16.59501830469236,15.641640456060717,0.9761305105435292,0.0037287973169917834
2752,2640460135,17,17.490159673397198,14.137865804987513,0.9761305105435292,0.0037287973169917834
2753,1280919687,13,11.979974846181344,17.527987489786177,0.9761305105435292,0.0037287973169917834
2754,3077733793,19,19.092812911764504,16.697136635971965,0.9761305105435292,0.0037287973169917834
2755,1749846678,13,12.775825192971215,17.57507716024166,0.9761305105435292,0.0037287973169917834
2756,243815113,12,10.854673163638095,16.033999034507698,0.9761305105435292,0.0037287973169917834
2757,4031956920,16,16.155773261041784,15.847280680084898,0.9761305105435292,0.0037287973169917834
2758,3200307635,17,16.79349994047127,15.175519173119502,0.9761305105435292,0.0037287973169917834
2759,42801995,13,13.161474277889322,14.3541024067944,0.9761305105435292,0.0037287973169917834
2760,2655038643,15,15.994926088190969,15.729115908159907,0.9761305105435292,0.0037287973169917834
2761,2104799058,19,17.927379159869748,17.221966165315774,0.9761305105435292,0.0037287973169917834
2762,2142300304,16,15.32121707825247,17.41553639340286,0.9761305105435292,0.0037287973169917834
2763,1412979915,15,15.341920523606053,15.325308407222042,0.9761305105435292,0.0037287973169917834
2764,3528522629,16,16.7870597263394,15.097394876052409,0.9761305105435292,0.0037287973169917834
2765,2842979668,16,16.020871070298856,16.45059007554314,0.9761305105435292,0.0037287973169917834
2766,2300967494,15,13.443768883692272,15.637221545812944,0.9761305105435292,0.0037287973169917834
2767,1133122042,14,13.617415909276412,15.948862189213063,0.9761305105435292,0.0037287973169917834
2768,526053960,16,15.719338574318991,14.906415464842961,0.9761305105435292,0.0037287973169917834
2769,1898778908,13,13.96216853144674,15.086399022915192,0.9761305105435292,0.0037287973169917834
2770,1629702503,14,14.087431334653848,17.17943011306317,0.9761305105435292,0.0037287973169917834
2771,3755016216,13,12.733209325904891,16.410129400507703,0.9761305105435292,0.0037287973169917834
2772,2497894982,15,15.33235939148825,16.052808715323906,0.9761305105435292,0.0037287973169917834
2773,3531058273,17,16.976446696805773,16.54171354871409,0.9761305105435292,0.0037287973169917834
2774,687644136,17,17.338694946775384,16.596849241008208,0.9761305105435292,0.0037287973169917834
2775,2743070698,23,22.34578019170095,14.470670640430018,0.9761305105435292,0.0037287973169917834
2776,1912433222,18,17.4582530011342,16.96242335274169,0.9761305105435292,0.0037287973169917834
2777,1876513556,17,16.265324924565142,14.950610109529132,0.9761305105435292,0.0037287973169917834
2778,1443582080,10,10.132510855177465,16.70133091721961,0.9761305105435292,0.0037287973169917834
2779,3190155078,18,17.717368597705534,16.702627366954545,0.9761305105435292,0.0037287973169917834
2780,3730654505,17,17.065476637865505,15.960186794399922,0.9761305105435292,0.0037287973169917834
2781,3344519104,16,15.791320875944985,17.76359740794258,0.9761305105435292,0.0037287973169917834
2782,455540070,18,17.755638627309725,16.22869298827787,0.9761305105435292,0.0037287973169917834
2783,3839540290,16,15.006823338406292,14.130537787399907,0.9761305105435292,0.0037287973169917834
2784,1172947719,15,15.135874446025378,18.17899311485655,0.9761305105435292,0.0037287973169917834
2785,3260673536,13,13.194670968358604,18.092963205112923,0.9761305105435292,0.0037287973169917834
2786,2074876129,16,16.171678783107126,15.654046011203707,0.9761305105435292,0.0037287973169917834
2787,61108118,15,13.905139959498262,15.288177665304312,0.9761305105435292,0.0037287973169917834
2788,2882784863,21,20.727441006519115,14.472408485543204,0.9761305105435292,0.0037287973169917834
2789,1160423138,14,13.943286740443876,16.451773382085342,0.9761305105435292,0.0037287973169917834
2790,3095026691,15,14.69635932142189,15.329613326469588,0.9761305105435292,0.0037287973169917834
2791,1598518353,17,16.29622441748888,16.114734115347687,0.9761305105435292,0.0037287973169917834
2792,2408808792,14,13.958934412823288,15.533155923561676,0.9761305105435292,0.0037287973169917834
2793,742938225,13,13.034498566908036,16.553858156261267,0.9761305105435292,0.0037287973169917834
2794,721521273,13,11.808772549871195,16.015677788759703,0.9761305105435292,0.0037287973169917834
2795,2432564339,20,20.921674367516008,14.824351512700778,0.9761305105435292,0.0037287973169917834
2796,1343510594,9,8.369302767809844,14.91332064579368,0.9761305105435292,0.0037287973169917834
2797,2236391058,14,13.922980406056215,15.073803402543017,0.9761305105435292,0.0037287973169917834
2798,3992435754,21,20.765062975308616,14.97973754093347,0.9761305105435292,0.0037287973169917834
2799,401564344,18,18.429350748632306,13.84544065878174,0.9761305105435292,0.0037287973169917834
2800,1547225019,18,16.761210161444353,17.130871679048923,0.9761305105435292,0.0037287973169917834
2801,499492594,17,18.346848916193895,15.41338325818253,0.9761305105435292,0.0037287973169917834
2802,2722649233,11,10.60104066477622,16.627720158470904,0.9761305105435292,0.0037287973169917834
2803,1964312800,12,12.554598149332845,15.736622028146616,0.9761305105435292,0.0037287973169917834
2804,2767583149,21,21.36940200402547,14.634151110332715,0.9761305105435292,0.0037287973169917834
2805,2959014415,18,16.857434140600766,15.86894541988853,0.9761305105435292,0.0037287973169917834
2806,2778305257,16,15.333293040973157,14.521904490991322,0.9761305105435292,0.0037287973169917834
2807,938927864,21,20.763977444391138,16.925749849013965,0.9761305105435292,0.0037287973169917834
2808,3826417169,14,14.2213811942375,15.793334851869744,0.9761305105435292,0.0037287973169917834
2809,2090294531,17,16.573925993269473,17.336839299618568,0.9761305105435292,0.0037287973169917834
2810,2970634866,12,13.66561219358088,14.871271530024586,0.9761305105435292,0.0037287973169917834
2811,1052879788,17,16.77142638119935,16.852939964420965,0.9761305105435292,0.0037287973169917834
2812,3961630635,18,17.459413598192853,15.057270583612189,0.9761305105435292,0.0037287973169917834
2813,3603398685,15,15.26429023370974,15.143709449625016,0.9761305105435292,0.0037287973169917834
2814,525009513,14,13.726484831274622,16.050239374883382,0.9761305105435292,0.0037287973169917834
2815,1256437594,18,18.973257107616902,15.484972790776695,0.9761305105435292,0.0037287973169917834
2816,1287258378,11,11.15129069943244,16.814209624330914,0.9761305105435292,0.0037287973169917834
2817,316007731,16,15.940346930633481,16.163068032845548,0.9761305105435292,0.0037287973169917834
2818,3714615641,16,16.147480403139735,14.61557163996981,0.9761305105435292,0.0037287973169917834
2819,1961878238,21,20.269184201772635,16.545925004581925,0.9761305105435292,0.0037287973169917834
2820,3712727985,20,19.64691028216493,14.202951129703672,0.9761305105435292,0.0037287973169917834
2821,4211738368,12,11.648420256749677,16.235599212167262,0.9761305105435292,0.0037287973169917834
2822,23438121,12,12.479121244591479,17.3552615046573,0.9761305105435292,0.0037287973169917834
2823,2801328639,21,20.784854877425325,15.966660391872372,0.9761305105435292,0.0037287973169917834
2824,3088039590,18,16.413856489133742,16.749453298886902,0.9761305105435292,0.0037287973169917834
2825,2365857927,10,10.15381166263316,15.13956788972403,0.9761305105435292,0.0037287973169917834
2826,1348728936,14,14.270962645070023,15.039931351379781,0.9761305105435292,0.0037287973169917834
2827,964986213,13,12.13289528440783,16.505577691047378,0.9761305105435292,0.0037287973169917834
2828,383082784,12,11.103908596893916,16.061672987309706,0.9761305105435292,0.0037287973169917834
2829,1964093293,18,17.591200719372264,16.268655369662117,0.9761305105435292,0.0037287973169917834
2830,1911692764,18,17.389319646612115,15.814375501799024,0.9761305105435292,0.0037287973169917834
2831,1246930311,14,15.195744866378195,15.76620081680258,0.9761305105435292,0.0037287973169917834
2832,1451605451,18,17.199288935212824,15.416396167663075,0.9761305105435292,0.0037287973169917834
2833,874802539,15,14.524211328424169,16.758821718071868,0.9761305105435292,0.0037287973169917834
2834,2406914745,19,18.81026895267944,16.388425409213504,0.9761305105435292,0.0037287973169917834
2835,1652324260,17,15.92194135165484,15.342403971243865,0.9761305105435292,0.0037287973169917834
2836,98164987,17,16.583565454448326,14.365956935695412,0.9761305105435292,0.0037287973169917834
2837,1067770596,17,16.63684558881057,16.271689930420994,0.9761305105435292,0.0037287973169917834
2838,2615052635,19,19.510867369353342,16.733355819646533,0.9761305105435292,0.0037287973169917834
2839,2129108709,22,21.08099105688428,15.929940345858762,0.9761305105435292,0.0037287973169917834
2840,2531748394,17,17.878653056874025,15.451958979290406,0.9761305105435292,0.0037287973169917834
2841,222648089,14,14.038308732060756,15.542253577845084,0.9761305105435292,0.0037287973169917834
2842,1211802756,11,10.758642289601115,15.930480315370943,0.9761305105435292,0.0037287973169917834
2843,1495421105,12,12.05482902392745,17.502242061128015,0.9761305105435292,0.0037287973169917834
2844,4092721458,20,19.731176394324418,16.380791157889426,0.9761305105435292,0.0037287973169917834
2845,3118528315,20,19.912146457663876,16.671582298127724,0.9761305105435292,0.0037287973169917834
2846,1473882698,17,17.165017950119413,17.32743795180034,0.9761305105435292,0.0037287973169917834
2847,1968342219,15,15.076512788321903,16.274437078758474,0.9761305105435292,0.0037287973169917834
2848,163140189,15,15.519072490107405,15.50732432561357,0.9761305105435292,0.0037287973169917834
2849,3209430463,19,19.04126923605768,16.70969867973117,0.9761305105435292,0.0037287973169917834
2850,365315616,11,11.043400481691412,16.836900120597857,0.9761305105435292,0.0037287973169917834
2851,3404681739,17,15.790576130031303,16.39038104411981,0.9761305105435292,0.0037287973169917834
2852,1097827955,16,16.77396959213442,16.132597043239382,0.9761305105435292,0.0037287973169917834
2853,2253128825,12,11.90584616178074,15.52552428242717,0.9761305105435292,0.0037287973169917834
2854,36677758,15,14.727512609333868,16.97097349478525,0.9761305105435292,0.0037287973169917834
2855,107266906,13,13.286447127238167,17.000998904134864,0.9761305105435292,0.0037287973169917834
2856,3960061318,16,16.988165940869756,17.164326369941755,0.9761305105435292,0.0037287973169917834
2857,2559216242,13,13.137365756827151,17.50880793570575,0.9761305105435292,0.0037287973169917834
2858,3637841638,17,16.399435458192315,17.49698071316258,0.9761305105435292,0.0037287973169917834
2859,3216938683,23,23.381606002612923,17.436713860723724,0.9761305105435292,0.0037287973169917834
2860,3797546554,18,17.14990425569065,16.152654129924837,0.9761305105435292,0.0037287973169917834
2861,3843498652,15,15.146021485596894,16.122289998698072,0.9761305105435292,0.0037287973169917834
2862,3835121281,15,14.78730846515623,15.276049573910324,0.9761305105435292,0.0037287973169917834
2863,564958016,11,10.85550845377554,16.6841027628268,0.9761305105435292,0.0037287973169917834
2864,1416028898,15,15.317677294378674,16.476689197567236,0.9761305105435292,0.0037287973169917834
2865,2949421333,17,16.64150021639379,14.966865617378506,0.9761305105435292,0.0037287973169917834
2866,2896281506,17,16.658489924055992,17.6643569071927,0.9761305105435292,0.0037287973169917834
2867,799037307,18,18.237601924635726,14.815833766093226,0.9761305105435292,0.0037287973169917834
2868,2964112135,14,13.851814566949434,14.72688538121111,0.9761305105435292,0.0037287973169917834
2869,2145798868,19,19.32205027294263,16.84613230378647,0.9761305105435292,0.0037287973169917834
2870,826667599,16,16.388350531719773,15.957869023400812,0.9761305105435292,0.0037287973169917834
2871,967616575,17,17.869669885006992,15.958768752523577,0.9761305105435292,0.0037287973169917834
2872,3238728099,12,11.304523690955016,16.59182249156517,0.9761305105435292,0.0037287973169917834
2873,3438570480,18,17.913679815385148,15.354650428237226,0.9761305105435292,0.0037287973169917834
2874,1113424342,14,14.280032058210846,16.423422822795295,0.9761305105435292,0.0037287973169917834
2875,3715951275,21,20.427237062569443,17.8447646969585,0.9761305105435292,0.0037287973169917834
2876,3533978819,15,14.70846743575349,14.882211834157086,0.9761305105435292,0.0037287973169917834
2877,1392783636,10,8.954093717269714,17.61258227984724,0.9761305105435292,0.0037287973169917834
2878,3680140064,17,17.45352179617992,15.027005949681302,0.9761305105435292,0.0037287973169917834
2879,1377553098,15,16.072688466154847,15.092983949659637,0.9761305105435292,0.0037287973169917834
2880,4001481456,15,15.097326327249295,17.530561121335676,0.9761305105435292,0.0037287973169917834
2881,1711366412,10,9.67473000313757,15.372102118336334,0.9761305105435292,0.0037287973169917834
2882,4223556133,20,20.504042920086878,16.128134622741392,0.9761305105435292,0.0037287973169917834
2883,1109427208,6,5.743581380800586,15.003158106554451,0.9761305105435292,0.0037287973169917834
2884,1177953166,14,14.082122738711726,16.441821123922633,0.9761305105435292,0.0037287973169917834
2885,1390477423,13,13.37865553474459,17.30252543517044,0.9761305105435292,0.0037287973169917834
2886,1937996470,18,18.62054835960739,16.414568345429004,0.9761305105435292,0.0037287973169917834
2887,1423077315,17,16.549051503748096,16.752710488971232,0.9761305105435292,0.0037287973169917834
2888,2717110107,20,19.26238198618549,15.235095159901999,0.9761305105435292,0.0037287973169917834
2889,1477048055,18,16.339247715322756,16.869913207119488,0.9761305105435292,0.0037287973169917834
2890,1399757496,17,17.368023680667612,17.849117642681016,0.9761305105435292,0.0037287973169917834
2891,1686618991,17,16.262474472202012,14.874676464101423,0.9761305105435292,0.0037287973169917834
2892,3511112590,16,17.457504616269375,15.183561596555851,0.9761305105435292,0.0037287973169917834
2893,2072615569,16,15.915056005802285,16.98773381967233,0.9761305105435292,0.0037287973169917834
2894,229887032,15,15.360598347245972,15.034835662581372,0.9761305105435292,0.0037287973169917834
2895,1927748686,17,17.15949094773204,16.69558071782219,0.9761305105435292,0.0037287973169917834
2896,2785638317,17,17.045265313631607,16.619328765594,0.9761305105435292,0.0037287973169917834
2897,1473883851,20,19.39333975472826,15.446663294552133,0.9761305105435292,0.0037287973169917834
2898,409565424,14,13.761411457033649,16.655850035064322,0.9761305105435292,0.0037287973169917834
2899,395311339,20,21.031346366885273,14.455253843754653,0.9761305105435292,0.0037287973169917834
2900,839828319,16,16.2942124071131,15.322962702936257,0.9761305105435292,0.0037287973169917834
2901,254116472,13,13.260675242186732,16.18731860389352,0.9761305105435292,0.0037287973169917834
2902,2704790264,17,17.351556668630515,16.024304951976312,0.9761305105435292,0.0037287973169917834
2903,220579874,11,11.507964509960527,16.258681329957458,0.9761305105435292,0.0037287973169917834
2904,895801679,17,16.183224458265226,14.29348736128748,0.9761305105435292,0.0037287973169917834
2905,1696671504,11,12.184691164248186,16.526027528270433,0.9761305105435292,0.0037287973169917834
2906,2033166401,15,15.515452551155937,15.6182217249878,0.9761305105435292,0.0037287973169917834
2907,2486006400,12,12.33062101376561,17.54082155793914,0.9761305105435292,0.0037287973169917834
2908,3617027277,20,18.980485842381846,14.357962570916996,0.9761305105435292,0.0037287973169917834
2909,1124553070,14,13.527220834288343,14.287685449146755,0.9761305105435292,0.0037287973169917834
2910,837726164,19,19.121575680656044,16.045184473804305,0.9761305105435292,0.0037287973169917834
2911,3493849219,16,15.098737939665364,15.267209673726153,0.9761305105435292,0.0037287973169917834
2912,2770983341,17,16.367719385558097,16.069898003312556,0.9761305105435292,0.0037287973169917834
2913,1617274995,14,12.96028399424913,16.59983276917528,0.9761305105435292,0.0037287973169917834
2914,642142135,17,16.58196219517101,16.426034518361867,0.9761305105435292,0.0037287973169917834
2915,3096810302,17,17.439594545789873,15.871268654829498,0.9761305105435292,0.0037287973169917834
2916,2094866142,21,21.903036065131676,16.41867705394687,0.9761305105435292,0.0037287973169917834
2917,3717897854,21,20.424815206447267,14.8203204087118,0.9761305105435292,0.0037287973169917834
2918,1672524468,15,15.190276203389974,14.747568399348676,0.9761305105435292,0.0037287973169917834
2919,126875383,21,20.363182014529237,18.0293248950474,0.9761305105435292,0.0037287973169917834
2920,3738488362,18,17.281636391341436,16.04711267042856,0.9761305105435292,0.0037287973169917834
2921,3613473432,16,15.112750955358823,16.609934629373804,0.9761305105435292,0.0037287973169917834
2922,1987506894,20,19.3641507001363,17.366189042183095,0.9761305105435292,0.0037287973169917834
2923,1190807015,18,17.176803614430725,16.919101325564473,0.9761305105435292,0.0037287973169917834
2924,238966391,18,18.661803076126198,17.41620220054154,0.9761305105435292,0.0037287973169917834
2925,221004400,11,10.835467816820309,15.795048411324998,0.9761305105435292,0.0037287973169917834
2926,1252221644,14,14.069748018299668,16.005177411247764,0.9761305105435292,0.0037287973169917834
2927,1043984261,19,19.718164700785934,15.667168927897455,0.9761305105435292,0.0037287973169917834
2928,2131236193,14,14.36119270320635,15.088452279280403,0.9761305105435292,0.0037287973169917834
2929,105253878,14,14.459075761054212,15.623971565175344,0.9761305105435292,0.0037287973169917834
2930,3740233369,22,22.034771219350556,14.119789019283242,0.9761305105435292,0.0037287973169917834
2931,2665454241,19,19.527262867772553,14.60454263885796,0.9761305105435292,0.0037287973169917834
2932,1957858569,14,13.242173156771972,16.134928455708128,0.9761305105435292,0.0037287973169917834
2933,2114639502,17,16.408200775382323,17.872854103236232,0.9761305105435292,0.0037287973169917834
2934,2888369249,11,10.214255697668758,15.825944444816951,0.9761305105435292,0.0037287973169917834
2935,2428155963,16,15.205227540412276,16.554958525020915,0.9761305105435292,0.0037287973169917834
2936,2762414508,15,14.441448218748395,16.093184940399176,0.9761305105435292,0.0037287973169917834
2937,134993612,13,13.776477672820352,16.513917793792725,0.9761305105435292,0.0037287973169917834
2938,3688752796,21,21.303052124012883,16.409996872512657,0.9761305105435292,0.0037287973169917834
2939,1277719306,12,12.518134697438905,16.815063519382907,0.9761305105435292,0.0037287973169917834
2940,2199519564,10,9.920918270609542,17.59404271011673,0.9761305105435292,0.0037287973169917834
2941,1067283483,19,19.337642059950774,15.340186911799588,0.9761305105435292,0.0037287973169917834
2942,1392606801,14,13.335563571872033,15.927120221416533,0.9761305105435292,0.0037287973169917834
2943,3245026389,15,14.472221493533443,15.436310021003035,0.9761305105435292,0.0037287973169917834
2944,1389829518,17,17.97695005642993,18.060109319559437,0.9761305105435292,0.0037287973169917834
2945,2965081424,15,16.29175060512538,16.127069220558315,0.9761305105435292,0.0037287973169917834
2946,3685746141,17,17.224982895426727,14.041304379856854,0.9761305105435292,0.0037287973169917834
2947,629344584,10,9.750240108066263,17.755075388868427,0.9761305105435292,0.0037287973169917834
2948,2635032833,14,13.502592955068787,16.546876710913118,0.9761305105435292,0.0037287973169917834
2949,1305477449,11,10.588992872247037,17.586898572224847,0.9761305105435292,0.0037287973169917834
2950,3832999802,21,20.924791985376164,17.167801645174926,0.9761305105435292,0.0037287973169917834
2951,2498979498,17,15.603910861818402,16.538505464595215,0.9761305105435292,0.0037287973169917834
2952,88494441,12,11.987309836020845,18.4487228208603,0.9761305105435292,0.0037287973169917834
2953,2200900220,15,14.336890289773564,14.947804345864503,0.9761305105435292,0.0037287973169917834
2954,3686867509,15,14.931833241814108,15.056122559622148,0.9761305105435292,0.0037287973169917834
2955,2104418198,22,22.197278601544255,15.143979642782345,0.9761305105435292,0.0037287973169917834
2956,3112115078,19,18.469565354302127,15.847372383447691,0.9761305105435292,0.0037287973169917834
2957,563366069,12,10.952808441243372,12.721717274414463,0.9761305105435292,0.0037287973169917834
2958,911339363,18,17.770739191079475,14.939038842284129,0.9761305105435292,0.0037287973169917834
2959,2494189504,14,14.929681301979173,17.186455834193694,0.9761305105435292,0.0037287973169917834
2960,2345416988,15,13.778748963665617,15.912721197584585,0.9761305105435292,0.0037287973169917834
2961,2184656876,17,17.059997364530687,17.630433089671943,0.9761305105435292,0.0037287973169917834
2962,3204459174,14,14.881308691226513,15.884097138240525,0.9761305105435292,0.0037287973169917834
2963,2890932854,13,13.978614495220615,15.434431449954937,0.9761305105435292,0.0037287973169917834
2964,1057654378,15,14.399844228765371,17.37473354607078,0.9761305105435292,0.0037287973169917834
2965,1470115894,13,13.425058850452814,15.227795768242462,0.9761305105435292,0.0037287973169917834
2966,315765878,14,14.313552645948779,16.45975635613802,0.9761305105435292,0.0037287973169917834
2967,2335351846,13,12.008909724678068,16.56654320048008,0.9761305105435292,0.0037287973169917834
2968,2974799669,19,18.809249112684142,15.611017714140507,0.9761305105435292,0.0037287973169917834
2969,3291575442,13,12.190462079793683,16.251785511919007,0.9761305105435292,0.0037287973169917834
2970,1224054692,16,15.708401136371515,17.70918757588064,0.9761305105435292,0.0037287973169917834
2971,2926468074,20,18.773551052753554,16.850068300712536,0.9761305105435292,0.0037287973169917834
2972,2635158565,13,13.290551642619608,14.811371325132097,0.9761305105435292,0.0037287973169917834
2973,2217041389,16,15.609622178755007,16.71631670461226,0.9761305105435292,0.0037287973169917834
2974,906890905,14,13.784606779897851,15.156584006549679,0.9761305105435292,0.0037287973169917834
2975,1507742020,15,15.464020817089576,14.954413480551887,0.9761305105435292,0.0037287973169917834
2976,44309274,11,12.07903962682321,16.66320620214063,0.9761305105435292,0.0037287973169917834
2977,2314841669,17,16.587102398153757,16.130842518909116,0.9761305105435292,0.0037287973169917834
2978,1499352989,19,19.840509961297062,16.85996862832579,0.9761305105435292,0.0037287973169917834
2979,82712321,12,12.420905542327613,16.03841819136692,0.9761305105435292,0.0037287973169917834
2980,3840442620,15,14.0852896234951,16.47060102174918,0.9761305105435292,0.0037287973169917834
2981,1980916791,15,15.296144642514609,16.779396907877608,0.9761305105435292,0.0037287973169917834
2982,2559599072,11,10.561284288792613,14.279652867689986,0.9761305105435292,0.0037287973169917834
2983,656346193,14,14.735482993948287,15.889646037259169,0.9761305105435292,0.0037287973169917834
2984,3834511258,20,21.50602697317849,16.210818766864342,0.9761305105435292,0.0037287973169917834
2985,3264067492,16,14.918927138367792,15.914351923778081,0.9761305105435292,0.0037287973169917834
2986,2458242476,15,14.53377568053314,15.135168667396039,0.9761305105435292,0.0037287973169917834
2987,2415555669,19,18.407706461386258,16.334206958377838,0.9761305105435292,0.0037287973169917834
2988,2492166052,16,15.385176477178863,15.773472102372125,0.9761305105435292,0.0037287973169917834
2989,362944046,13,13.55821018598599,17.124038641540057,0.9761305105435292,0.0037287973169917834
2990,4230311373,19,18.761958169070635,15.547775393194243,0.9761305105435292,0.0037287973169917834
2991,305985633,14,13.870221594992248,14.8679098131465,0.9761305105435292,0.0037287973169917834
2992,555737405,16,15.065862742327047,16.837127908121087,0.9761305105435292,0.0037287973169917834
2993,2991164083,15,14.698775887451177,16.94813443000905,0.9761305105435292,0.0037287973169917834
2994,2662734489,17,17.373017035950564,14.858241385030658,0.9761305105435292,0.0037287973169917834
2995,1880849548,15,15.82937056879808,15.61591294329313,0.9761305105435292,0.0037287973169917834
2996,1392644199,11,10.610666542705681,14.451909617510083,0.9761305105435292,0.0037287973169917834
2997,4179011442,18,18.427056235071994,14.35203142604403,0.9761305105435292,0.0037287973169917834
2998,1545907659,16,16.17922178399264,17.127334734048965,0.9761305105435292,0.0037287973169917834
2999,1172937647,19,19.44638226723383,15.863386859779036,0.9761305105435292,0.0037287973169917834
3000,2740655738,17,16.38115501701047,17.06112717103715,0.9761305105435292,0.0037287973169917834
3001,2025997604,12,10.85280779537434,19.02674043643118,0.9761305105435292,0.0037287973169917834
3002,3511217326,16,15.360905810143777,15.487602248249582,0.9761305105435292,0.0037287973169917834
3003,3185601400,18,17.44814001198756,16.05317155650333,0.9761305105435292,0.0037287973169917834
3004,829624582,12,11.261965241406276,15.273977628984008,0.9761305105435292,0.0037287973169917834
3005,3320408292,16,15.577079550654187,14.83877878652233,0.9761305105435292,0.0037287973169917834
3006,562118867,10,9.828694968159422,14.830216751224821,0.9761305105435292,0.0037287973169917834
3007,303584405,11,11.06158894836079,14.981975468155706,0.9761305105435292,0.0037287973169917834
3008,3203689277,21,21.076920835912016,15.29425529365987,0.9761305105435292,0.0037287973169917834
3009,4293316142,22,22.055331987435007,15.492190760311843,0.9761305105435292,0.0037287973169917834
3010,3402121227,11,10.304505375062798,16.355903062466894,0.9761305105435292,0.0037287973169917834
3011,3324924865,15,15.751474129358218,17.50373232946423,0.9761305105435292,0.0037287973169917834
3012,359312752,15,16.01010843340832,15.661675578285884,0.9761305105435292,0.0037287973169917834
3013,2021396544,11,11.67566567922123,16.230473443962232,0.9761305105435292,0.0037287973169917834
3014,3893786056,15,14.591938936403327,15.699714636532281,0.9761305105435292,0.0037287973169917834
3015,167180250,20,20.67748906949955,14.64890745972536,0.9761305105435292,0.0037287973169917834
3016,2819549543,16,16.53957784332023,15.304221329845689,0.9761305105435292,0.0037287973169917834
3017,521576460,12,11.807739815291644,16.86596627038739,0.9761305105435292,0.0037287973169917834
3018,4269659224,20,19.803588493919882,17.631760453048386,0.9761305105435292,0.0037287973169917834
3019,48504319,17,15.881752400893271,14.821974997969807,0.9761305105435292,0.0037287973169917834
3020,1124274831,12,12.850165669875949,16.47392576921383,0.9761305105435292,0.0037287973169917834
3021,4032474261,16,15.740928827875148,15.53018292194488,0.9761305105435292,0.0037287973169917834
3022,1799416527,17,16.993836514601117,14.224289792762523,0.9761305105435292,0.0037287973169917834
3023,2584167492,11,12.315410051736112,15.286376912769352,0.9761305105435292,0.0037287973169917834
3024,2950205988,15,14.446680846360263,17.151818586244946,0.9761305105435292,0.0037287973169917834
3025,17458685,14,14.63409864034447,17.740605160559248,0.9761305105435292,0.0037287973169917834
3026,1422163156,15,15.961701286360192,15.652645462925912,0.9761305105435292,0.0037287973169917834
3027,859926875,15,14.684334585668491,18.176697011498884,0.9761305105435292,0.0037287973169917834
3028,4162147271,17,17.231549208458205,15.73202432495788,0.9761305105435292,0.0037287973169917834
3029,98779010,15,15.360325852104307,15.263892630931485,0.9761305105435292,0.0037287973169917834
3030,1041319703,15,15.912139468292049,15.530508631338439,0.9761305105435292,0.0037287973169917834
3031,1157023637,17,16.64400256543052,16.02893297485559,0.9761305105435292,0.0037287973169917834
3032,1120383353,16,15.902968999065655,15.016881085207354,0.9761305105435292,0.0037287973169917834
3033,1162062577,15,16.015090603928044,16.618345525929445,0.9761305105435292,0.0037287973169917834
3034,1150605404,13,12.455372783028215,15.69004306601866,0.9761305105435292,0.0037287973169917834
3035,3275119891,16,15.896059852751108,14.832984824618396,0.9761305105435292,0.0037287973169917834
3036,2721021112,17,18.011046057275284,14.403098152486677,0.9761305105435292,0.0037287973169917834
3037,122773721,13,11.97238228801324,17.365403912327515,0.9761305105435292,0.0037287973169917834
3038,1497371104,10,9.955902321338687,16.473835827837547,0.9761305105435292,0.0037287973169917834
3039,2515430307,19,18.661243922109822,16.99314450093214,0.9761305105435292,0.0037287973169917834
3040,3763418985,15,14.460535860815591,14.97629053423725,0.9761305105435292,0.0037287973169917834
3041,3880703175,19,18.282566601114215,16.988424680237905,0.9761305105435292,0.0037287973169917834
3042,2390163416,21,22.036553000710796,16.06229015791774,0.9761305105435292,0.0037287973169917834
3043,1746552990,13,12.474560649273345,15.724888569567252,0.9761305105435292,0.0037287973169917834
3044,4190215461,17,16.89670653064712,15.826277007789368,0.9761305105435292,0.0037287973169917834
3045,968184800,16,16.0033866213261,15.607000969835905,0.9761305105435292,0.0037287973169917834
3046,3413362779,18,18.664142948638194,15.730490630541814,0.9761305105435292,0.0037287973169917834
3047,2501493630,17,17.794380985351417,15.208639134958517,0.9761305105435292,0.0037287973169917834
3048,3461294075,21,21.236666667942263,16.18760107552052,0.9761305105435292,0.0037287973169917834
3049,172888,8,7.749450154805641,15.826515802187842,0.9761305105435292,0.0037287973169917834
3050,261800804,15,14.301159293269567,17.45808847278283,0.9761305105435292,0.0037287973169917834
3051,22691924,9,8.714690073116014,17.853564578693636,0.9761305105435292,0.0037287973169917834
3052,3008110316,17,17.06123715281065,16.967167870031613,0.9761305105435292,0.0037287973169917834
3053,869839522,15,14.344979403899416,15.793139937097687,0.9761305105435292,0.0037287973169917834
3054,1838114874,17,17.10507732689299,17.697328485470685,0.9761305105435292,0.0037287973169917834
3055,1627284071,17,17.315412392750666,15.058363987716834,0.9761305105435292,0.0037287973169917834
3056,1060973598,18,19.078020495651465,16.268344485419785,0.9761305105435292,0.0037287973169917834
3057,3069233953,16,16.61461420243226,14.829205005496812,0.9761305105435292,0.0037287973169917834
3058,1874338185,15,13.31376772812981,17.14123947547915,0.9761305105435292,0.0037287973169917834
3059,2357807623,12,12.219343169064048,17.596427431776124,0.9761305105435292,0.0037287973169917834
3060,317194159,22,21.312519277059856,15.132078397784102,0.9761305105435292,0.0037287973169917834
3061,3748232123,23,22.525595044590197,16.179769050406538,0.9761305105435292,0.0037287973169917834
3062,3370791446,14,13.647126481653384,15.949883476695328,0.9761305105435292,0.0037287973169917834
3063,205810440,10,9.715020742192369,18.32182940426492,0.9761305105435292,0.0037287973169917834
3064,2703982686,13,13.123065594707347,14.885523336768856,0.9761305105435292,0.0037287973169917834
3065,1186819199,20,20.140174227761456,14.670383872795593,0.9761305105435292,0.0037287973169917834
3066,1893295343,18,18.26662169243623,17.356489297486174,0.9761305105435292,0.0037287973169917834
3067,3560557601,14,14.468964574700944,14.841317728424121,0.9761305105435292,0.0037287973169917834
3068,3506581708,11,12.1153291957784,15.713358338566033,0.9761305105435292,0.0037287973169917834
3069,3256855491,17,17.155641587932248,16.587658385777438,0.9761305105435292,0.0037287973169917834
3070,412666817,13,12.52363497969286,16.54382855225828,0.9761305105435292,0.0037287973169917834
3071,1810440734,16,16.00561436589329,15.857529061370775,0.9761305105435292,0.0037287973169917834
3072,4004389687,19,18.40863538733455,14.644032318789673,0.9761305105435292,0.0037287973169917834
3073,773354548,13,11.913986857877969,16.202680995728684,0.9761305105435292,0.0037287973169917834
3074,599354545,16,15.259077207121717,15.712408633656727,0.9761305105435292,0.0037287973169917834
3075,879576533,16,14.911847593581559,16.154803301909958,0.9761305105435292,0.0037287973169917834
3076,2148346446,11,10.208385681731269,14.838391140317864,0.9761305105435292,0.0037287973169917834
3077,506239441,15,15.455004832427301,16.999917946288264,0.9761305105435292,0.0037287973169917834
3078,1078432563,13,13.484622574093924,16.0366557584907,0.9761305105435292,0.0037287973169917834
3079,3190511672,16,16.384572256689868,18.06860014618154,0.9761305105435292,0.0037287973169917834
3080,1523412945,19,20.499662414495795,18.654413942026654,0.9761305105435292,0.0037287973169917834
3081,2227286886,14,14.033682656501213,15.579226532970448,0.9761305105435292,0.0037287973169917834
3082,3189089333,16,17.306843205541615,15.014839658177271,0.9761305105435292,0.0037287973169917834
3083,3952573406,23,21.92470121161786,16.49679451888466,0.9761305105435292,0.0037287973169917834
3084,929043955,16,16.942764234255876,19.11904660879057,0.9761305105435292,0.0037287973169917834
3085,3934558457,16,15.98544907977092,15.221793193000812,0.9761305105435292,0.0037287973169917834
3086,1297867206,17,17.07252703774524,15.836333507392208,0.9761305105435292,0.0037287973169917834
3087,2794156425,15,15.658854067562611,15.96633928631635,0.9761305105435292,0.0037287973169917834
3088,2841648567,16,15.707178578825445,17.20977229714604,0.9761305105435292,0.0037287973169917834
3089,3007007581,19,19.429935471551545,15.895216981731101,0.9761305105435292,0.0037287973169917834
3090,115414936,13,12.84245729090849,16.136615638767868,0.9761305105435292,0.0037287973169917834
3091,3291976937,16,15.034015270446947,15.881466916731943,0.9761305105435292,0.0037287973169917834
3092,1846178516,15,15.655653954180007,16.36917426363667,0.9761305105435292,0.0037287973169917834
3093,419918034,13,13.07344694648386,16.21470354484118,0.9761305105435292,0.0037287973169917834
3094,1640028746,13,13.22476820106609,16.708740035800957,0.9761305105435292,0.0037287973169917834
3095,1617315928,11,10.266492299607405,16.588437090398763,0.9761305105435292,0.0037287973169917834
3096,1898160114,18,18.090940631992716,15.8179560188901,0.9761305105435292,0.0037287973169917834
3097,2821956742,13,14.589329121821265,18.176199572169946,0.9761305105435292,0.0037287973169917834
3098,1542872308,20,19.78423408198134,16.01060022797812,0.9761305105435292,0.0037287973169917834
3099,152129274,14,13.674562076157965,15.619930156258224,0.9761305105435292,0.0037287973169917834
3100,1826814792,17,15.86102396787432,14.846841587918439,0.9761305105435292,0.0037287973169917834
3101,3612708819,20,20.1695487347289,15.155067922690728,0.9761305105435292,0.0037287973169917834
3102,2719514187,15,15.151076357862646,17.241494986159182,0.9761305105435292,0.0037287973169917834
3103,2733938491,18,18.500791933451374,16.762397242187294,0.9761305105435292,0.0037287973169917834
3104,3270503631,21,21.178155169339764,14.976001676265593,0.9761305105435292,0.0037287973169917834
3105,3457608628,18,18.752487644968493,16.041675793380268,0.9761305105435292,0.0037287973169917834
3106,1576423431,16,15.53633427873433,16.211856581828478,0.9761305105435292,0.0037287973169917834
3107,3012169041,14,13.47898606765141,14.445309171684631,0.9761305105435292,0.0037287973169917834
3108,1675781564,17,16.85864894055038,15.924163521356695,0.9761305105435292,0.0037287973169917834
3109,370677678,14,15.40500786723394,15.421896808632647,0.9761305105435292,0.0037287973169917834
3110,658824635,18,18.463314129800178,14.600669475776243,0.9761305105435292,0.0037287973169917834
3111,2313723172,14,14.284649076454446,18.71728551484115,0.9761305105435292,0.0037287973169917834
3112,1082628872,11,10.504378099143668,16.456941349000683,0.9761305105435292,0.0037287973169917834
3113,1304538646,15,14.870227671953348,14.134248108967956,0.9761305105435292,0.0037287973169917834
3114,2901264569,18,19.481102903129063,15.477964571822719,0.9761305105435292,0.0037287973169917834
3115,1078923660,11,10.048651318980987,15.765093984753264,0.9761305105435292,0.0037287973169917834
3116,4237231659,17,16.45825648133655,16.475065701830886,0.9761305105435292,0.0037287973169917834
3117,1081630249,13,13.532697170084386,15.560070398833762,0.9761305105435292,0.0037287973169917834
3118,1876631790,19,19.098099177361963,16.35105119631915,0.9761305105435292,0.0037287973169917834
3119,3889013556,18,18.4216102058784,15.250627522985102,0.9761305105435292,0.0037287973169917834
3120,2472221801,16,15.80239306507001,16.21243100814864,0.9761305105435292,0.0037287973169917834
3121,2747562595,16,16.682539231607482,14.402044593703337,0.9761305105435292,0.0037287973169917834
3122,3555472427,17,17.857442603597313,14.149438467097434,0.9761305105435292,0.0037287973169917834
3123,2401824852,14,13.27965154025648,15.07112463592855,0.9761305105435292,0.0037287973169917834
3124,1976630810,18,17.398156363086848,14.559360882833332,0.9761305105435292,0.0037287973169917834
3125,1297735488,16,16.250053283011937,16.704060007750947,0.9761305105435292,0.0037287973169917834
3126,3924998442,18,18.918283991986787,14.588652286868808,0.9761305105435292,0.0037287973169917834
3127,912432785,15,15.755315991583956,14.847069641388021,0.9761305105435292,0.0037287973169917834
3128,3377308653,18,17.17385640031314,15.98980062852246,0.9761305105435292,0.0037287973169917834
3129,3783300856,14,14.187097825265061,16.080136080907558,0.9761305105435292,0.0037287973169917834
3130,2208475991,16,14.999348637508803,15.111033353847628,0.9761305105435292,0.0037287973169917834
3131,3630007606,16,16.384820160822294,16.699870258336365,0.9761305105435292,0.0037287973169917834
3132,1461523894,17,17.343474351397298,15.619248674233233,0.9761305105435292,0.0037287973169917834
3133,642790835,14,13.488357320185964,15.496960884299128,0.9761305105435292,0.0037287973169917834
3134,3751302035,18,18.370824908886526,14.110659633065385,0.9761305105435292,0.0037287973169917834
3135,3526220842,16,15.899998927569765,17.401246056426324,0.9761305105435292,0.0037287973169917834
3136,3406251354,15,14.393571038550073,16.3373392971118,0.9761305105435292,0.0037287973169917834
3137,3075381903,19,18.060131187529883,16.044702500828244,0.9761305105435292,0.0037287973169917834
3138,3866777797,17,16.10577055094742,16.73914624882326,0.9761305105435292,0.0037287973169917834
3139,2044660006,17,16.963900197355493,17.204099702205276,0.9761305105435292,0.0037287973169917834
3140,3793835780,12,11.664369718329954,16.670908330387682,0.9761305105435292,0.0037287973169917834
3141,2113755609,22,22.745297053824732,15.108909403126699,0.9761305105435292,0.0037287973169917834
3142,1756752018,15,15.02874960852846,15.578843091418694,0.9761305105435292,0.0037287973169917834
3143,1564168185,21,20.766310640102578,18.026913781935022,0.9761305105435292,0.0037287973169917834
3144,2477670530,12,10.918775991352115,16.205906202059825,0.9761305105435292,0.0037287973169917834
3145,502518216,17,16.744685105254728,17.43264597712077,0.9761305105435292,0.0037287973169917834
3146,1910739225,15,14.366215585443754,14.688435139126947,0.9761305105435292,0.0037287973169917834
3147,3121234043,14,13.32815177217691,15.08937942515874,0.9761305105435292,0.0037287973169917834
3148,3636026758,17,17.195364402608373,16.185251724416723,0.9761305105435292,0.0037287973169917834
3149,254705474,17,15.731927998647473,15.083267647544986,0.9761305105435292,0.0037287973169917834
3150,2400025042,17,17.370497068026303,16.377109421478277,0.9761305105435292,0.0037287973169917834
3151,1588578524,19,18.329794461529456,16.83935891941376,0.9761305105435292,0.0037287973169917834
3152,2078193260,21,21.17477945399973,14.717343421955723,0.9761305105435292,0.0037287973169917834
3153,3892661661,15,15.6082525832551,17.607537810652587,0.9761305105435292,0.0037287973169917834
3154,3349617618,18,17.767077997715354,15.938393884570758,0.9761305105435292,0.0037287973169917834
3155,6341992,9,8.607162153908018,16.305311065280016,0.9761305105435292,0.0037287973169917834
3156,688628116,12,11.495490025286484,15.717489863654553,0.9761305105435292,0.0037287973169917834
3157,2453406912,10,9.361819476296871,14.047556386857485,0.9761305105435292,0.0037287973169917834
3158,2695403873,12,11.978752938318948,15.64046327808398,0.9761305105435292,0.0037287973169917834
3159,2880877332,17,16.642645625769028,16.976838892721,0.9761305105435292,0.0037287973169917834
3160,317634629,15,13.957662570198513,17.534986811475687,0.9761305105435292,0.0037287973169917834
3161,4271752835,19,17.786313368159327,16.03276365433341,0.9761305105435292,0.0037287973169917834
3162,164513936,11,11.171030644781956,17.072115253100115,0.9761305105435292,0.0037287973169917834
3163,2115765185,14,14.096567659125103,15.994924216025733,0.9761305105435292,0.0037287973169917834
3164,1551469103,17,17.75877229658743,15.882123583299343,0.9761305105435292,0.0037287973169917834
3165,3243316850,13,12.920883146515294,16.437457144971994,0.9761305105435292,0.0037287973169917834
3166,833507847,14,13.017835106028262,15.726176632395013,0.9761305105435292,0.0037287973169917834
3167,2958551240,15,14.85470640453617,16.234467788808008,0.9761305105435292,0.0037287973169917834
3168,2748104176,18,20.022463491291905,14.55873896562415,0.9761305105435292,0.0037287973169917834
3169,2646902077,16,15.417094240093537,16.123526063602124,0.9761305105435292,0.0037287973169917834
3170,1653420564,12,12.382900262568276,15.469931706186056,0.9761305105435292,0.0037287973169917834
3171,3805401301,16,15.71258923052186,14.705558429252548,0.9761305105435292,0.0037287973169917834
3172,495960808,16,15.231744638227614,16.834308465656783,0.9761305105435292,0.0037287973169917834
3173,99767631,16,16.503792162271214,16.5216977294521,0.9761305105435292,0.0037287973169917834
3174,2094527770,20,19.851371220677144,15.800112691633714,0.9761305105435292,0.0037287973169917834
3175,862894638,18,18.69070567657034,17.435128705949733,0.9761305105435292,0.0037287973169917834
3176,1652529793,16,16.30925047267744,16.00431182867524,0.9761305105435292,0.0037287973169917834
3177,2864945659,19,18.393870463549938,16.72339167724206,0.9761305105435292,0.0037287973169917834
3178,3980804576,14,13.323810869122317,16.619627662103987,0.9761305105435292,0.0037287973169917834
3179,4060113125,13,13.779630653293783,15.547538834997363,0.9761305105435292,0.0037287973169917834
3180,1025436795,20,19.513345895541175,16.66095932759342,0.9761305105435292,0.0037287973169917834
3181,4080543456,15,14.369740133824646,16.353519259345425,0.9761305105435292,0.0037287973169917834
3182,1085736890,15,16.174243234937045,16.233964464705316,0.9761305105435292,0.0037287973169917834
3183,2097498362,16,16.79151261614225,16.691306719544674,0.9761305105435292,0.0037287973169917834
3184,1405748113,13,11.557953938361317,14.955503367386248,0.9761305105435292,0.0037287973169917834
3185,2547558559,18,18.191179639464785,15.919228980715175,0.9761305105435292,0.0037287973169917834
3186,574434081,13,14.089646309291854,16.971771458897557,0.9761305105435292,0.0037287973169917834
3187,3127394020,17,17.309016309159464,15.870709963680829,0.9761305105435292,0.0037287973169917834
3188,365472252,16,15.640179475640831,15.239810537020523,0.9761305105435292,0.0037287973169917834
3189,1126639585,15,15.415920388755547,19.6706208977181,0.9761305105435292,0.0037287973169917834
3190,772160891,17,16.82340249987081,17.712013747418915,0.9761305105435292,0.0037287973169917834
3191,1177805457,14,12.801694893956778,16.642573951945273,0.9761305105435292,0.0037287973169917834
3192,53185490,14,13.033173878286814,16.957465230331827,0.9761305105435292,0.0037287973169917834
3193,3721340084,18,18.14537567413701,15.100436461849899,0.9761305105435292,0.0037287973169917834
3194,1659271116,18,17.396489193469716,15.620978878357192,0.9761305105435292,0.0037287973169917834
3195,1733654741,18,17.53106961187482,17.024570863645504,0.9761305105435292,0.0037287973169917834
3196,1024673726,18,17.752719613242807,14.766279090734917,0.9761305105435292,0.0037287973169917834
3197,2847252661,16,16.75002431486667,14.988012468657718,0.9761305105435292,0.0037287973169917834
3198,906115453,15,15.300908765823957,18.55300405642639,0.9761305105435292,0.0037287973169917834
3199,3915131346,16,16.460888738501193,16.28512987004959,0.9761305105435292,0.0037287973169917834
3200,1712792658,13,12.411242944153061,15.57358838568905,0.9761305105435292,0.0037287973169917834
3201,3426991982,19,19.869775531284837,15.101986832906878,0.9761305105435292,0.0037287973169917834
3202,856837256,11,11.058686968644935,16.16132043351399,0.9761305105435292,0.0037287973169917834
3203,2814644782,14,14.840418682917846,14.979538942887377,0.9761305105435292,0.0037287973169917834
3204,501132395,19,18.99965126763641,13.908610336531122,0.9761305105435292,0.0037287973169917834
3205,740474592,14,12.261664724497859,15.671241822856292,0.9761305105435292,0.0037287973169917834
3206,486839542,14,14.688882051229422,15.35401312122051,0.9761305105435292,0.0037287973169917834
3207,4014384707,17,17.027798531195653,15.83343534150796,0.9761305105435292,0.0037287973169917834
3208,3660728302,18,19.436483851262317,17.397383205301544,0.9761305105435292,0.0037287973169917834
3209,1274452409,19,19.53529041462519,17.796568344779438,0.9761305105435292,0.0037287973169917834
3210,3394540691,14,13.323851820044585,15.123493945428487,0.9761305105435292,0.0037287973169917834
3211,685902917,11,9.960849030408166,17.792016754277576,0.9761305105435292,0.0037287973169917834
3212,1922603717,15,14.210652101418313,14.613201670383338,0.9761305105435292,0.0037287973169917834
3213,93157805,16,16.611550898202253,16.649486227884488,0.9761305105435292,0.0037287973169917834
3214,467734204,16,17.33855830189983,15.727151709343204,0.9761305105435292,0.0037287973169917834
3215,719132615,18,18.123788651953145,17.569017111528318,0.9761305105435292,0.0037287973169917834
3216,3599508042,13,13.49367739770158,16.745856390467722,0.9761305105435292,0.0037287973169917834
3217,2937372068,17,15.637501024946568,15.547925352946072,0.9761305105435292,0.0037287973169917834
3218,2393676154,17,16.971407699467324,15.856669289683634,0.9761305105435292,0.0037287973169917834
3219,1711247573,19,18.435221177744836,17.140874953548874,0.9761305105435292,0.0037287973169917834
3220,3651735513,18,19.35411300092759,17.363000756880602,0.9761305105435292,0.0037287973169917834
3221,135411342,11,11.999288095715922,16.802658395807715,0.9761305105435292,0.0037287973169917834
3222,1077168366,12,12.101693191141626,16.0718187322829,0.9761305105435292,0.0037287973169917834
3223,684829905,14,13.6938371327608,14.992834713651789,0.9761305105435292,0.0037287973169917834
3224,2812161964,19,19.329813470440175,14.439821544350314,0.9761305105435292,0.0037287973169917834
3225,3718267139,12,12.506841692969676,15.744073572492601,0.9761305105435292,0.0037287973169917834
3226,1615454418,12,12.349760755315184,17.296396932255355,0.9761305105435292,0.0037287973169917834
3227,3200184953,22,21.658176240252224,14.46594826919258,0.9761305105435292,0.0037287973169917834
3228,1828830382,16,16.772058052712197,15.164006003588606,0.9761305105435292,0.0037287973169917834
3229,1545016394,13,12.85464970083783,15.97006990197465,0.9761305105435292,0.0037287973169917834
3230,3236384721,17,17.811639109039298,13.940601028184215,0.9761305105435292,0.0037287973169917834
3231,3629069326,15,15.402635714540708,16.31914871575494,0.9761305105435292,0.0037287973169917834
3232,3875417409,18,17.34572647468643,16.87000246683673,0.9761305105435292,0.0037287973169917834
3233,121570190,15,15.289429122537783,16.37640654366995,0.9761305105435292,0.0037287973169917834
3234,3591344872,16,16.82621151963009,16.568829429605803,0.9761305105435292,0.0037287973169917834
3235,1882061700,16,15.69203636047259,17.304985147265732,0.9761305105435292,0.0037287973169917834
3236,2487408022,14,14.773206657196411,16.800782186390737,0.9761305105435292,0.0037287973169917834
3237,3050483729,14,13.98561983919042,15.358893299869644,0.9761305105435292,0.0037287973169917834
3238,1404843019,15,14.790948233824235,15.535222979376059,0.9761305105435292,0.0037287973169917834
3239,1378856069,15,14.1151529161164,15.218986025361081,0.9761305105435292,0.0037287973169917834
3240,3723855744,17,18.024458117625294,14.144635476333544,0.9761305105435292,0.0037287973169917834
3241,849083290,19,19.3325086587025,18.55033695930353,0.9761305105435292,0.0037287973169917834
3242,464613040,16,16.486433006611716,15.53655414639124,0.9761305105435292,0.0037287973169917834
3243,1229485392,12,12.892414180513066,16.450654564665278,0.9761305105435292,0.0037287973169917834
3244,2871219120,15,15.064576412665954,14.35978589199532,0.9761305105435292,0.0037287973169917834
3245,3491144089,13,13.15952529329947,16.506642276800235,0.9761305105435292,0.0037287973169917834
3246,3908252748,16,15.491451797328423,15.369796321059928,0.9761305105435292,0.0037287973169917834
3247,1835888826,18,18.017477458630605,17.56985788215729,0.9761305105435292,0.0037287973169917834
3248,2346819356,17,16.53547137484917,16.487976189505975,0.9761305105435292,0.0037287973169917834
3249,1817244406,17,16.520633661726787,16.80402382070251,0.9761305105435292,0.0037287973169917834
3250,243846549,14,14.992887390540151,16.25201934196766,0.9761305105435292,0.0037287973169917834
3251,210712413,17,16.61201021871863,16.70192571195125,0.9761305105435292,0.0037287973169917834
3252,403081442,10,10.174602764684792,16.502764297092085,0.9761305105435292,0.0037287973169917834
3253,726127916,16,16.202870257412613,15.847312996878378,0.9761305105435292,0.0037287973169917834
3254,4025760676,20,19.939951060299393,15.769402010230781,0.9761305105435292,0.0037287973169917834
3255,2351759387,11,12.004403684969986,15.64038998674702,0.9761305105435292,0.0037287973169917834
3256,4150602290,17,16.812741213453357,16.311477565377118,0.9761305105435292,0.0037287973169917834
3257,802201010,17,16.557921384274266,17.033774657195835,0.9761305105435292,0.0037287973169917834
3258,302417650,12,13.15667023502659,15.501786690693603,0.9761305105435292,0.0037287973169917834
3259,1051803595,20,20.39744257626969,16.20304541601559,0.9761305105435292,0.0037287973169917834
3260,302485884,13,12.414087878380894,15.911719482631222,0.9761305105435292,0.0037287973169917834
3261,2991955241,16,15.977921221411387,17.039756163960877,0.9761305105435292,0.0037287973169917834
3262,4238085558,18,18.405818211594386,17.68718259305002,0.9761305105435292,0.0037287973169917834
3263,1463964734,15,15.297148705146475,16.214440074136572,0.9761305105435292,0.0037287973169917834
3264,1228996449,15,15.713503053122688,16.744436990581626,0.9761305105435292,0.0037287973169917834
3265,3922628922,17,16.546108128521514,16.11481837541706,0.9761305105435292,0.0037287973169917834
3266,3951832084,14,13.707817486509503,15.584642623250556,0.9761305105435292,0.0037287973169917834
3267,632650567,18,18.174686216296088,15.023018858045608,0.9761305105435292,0.0037287973169917834
3268,1603226046,20,19.970991402793224,13.89984126888119,0.9761305105435292,0.0037287973169917834
3269,4291123947,22,21.718201830892347,15.506695569468064,0.9761305105435292,0.0037287973169917834
3270,1571796312,19,19.18441762960622,16.156443601233764,0.9761305105435292,0.0037287973169917834
3271,3267391717,13,13.792127334028347,14.851074014624961,0.9761305105435292,0.0037287973169917834
3272,2045008825,19,18.472850919964277,15.64361406083253,0.9761305105435292,0.0037287973169917834
3273,1594122827,14,14.22131460700526,18.604294869599983,0.9761305105435292,0.0037287973169917834
3274,3274229736,15,14.654233383577566,14.20557523598959,0.9761305105435292,0.0037287973169917834
3275,2277927099,17,16.63526411652392,14.580094833484008,0.9761305105435292,0.0037287973169917834
3276,940206141,13,12.699206553152134,14.644733965216043,0.9761305105435292,0.0037287973169917834
3277,820313260,16,16.108444456784714,17.289091403975096,0.9761305105435292,0.0037287973169917834
3278,2895045544,16,16.656909964659388,17.38516906473372,0.9761305105435292,0.0037287973169917834
3279,1300680270,16,16.5495014394754,14.914033118911073,0.9761305105435292,0.0037287973169917834
3280,1359186588,12,11.850412719718662,17.35282130416393,0.9761305105435292,0.0037287973169917834
3281,13873254,12,10.969876453315383,15.954092629384274,0.9761305105435292,0.0037287973169917834
3282,4196962149,17,17.30190091931228,16.14985194445,0.9761305105435292,0.0037287973169917834
3283,653106017,17,16.94296970129493,16.274987894050735,0.9761305105435292,0.0037287973169917834
3284,2845425134,20,20.74410766584572,15.871003094867419,0.9761305105435292,0.0037287973169917834
3285,2157049357,13,12.589220910518318,16.821241759508013,0.9761305105435292,0.0037287973169917834
3286,4141302888,17,16.40395590621189,15.03757497870399,0.9761305105435292,0.0037287973169917834
3287,1638015500,10,9.601097187103138,14.86961477118264,0.9761305105435292,0.0037287973169917834
3288,236535875,10,9.178893595898703,14.641469264374877,0.9761305105435292,0.0037287973169917834
3289,344402399,16,14.95030723651906,15.968201793147097,0.9761305105435292,0.0037287973169917834
3290,2733215399,17,16.966436499190532,15.894887702229976,0.9761305105435292,0.0037287973169917834
3291,2163867834,12,11.905582078963368,16.61886613840411,0.9761305105435292,0.0037287973169917834
3292,1510356705,14,13.711419819362451,17.255726980008482,0.9761305105435292,0.0037287973169917834
3293,922527409,18,17.483317030332373,15.919343379121553,0.9761305105435292,0.0037287973169917834
3294,692239171,14,13.830438771441232,16.5266345164193,0.9761305105435292,0.0037287973169917834
3295,3935021841,16,15.971140376518111,14.065671397030968,0.9761305105435292,0.0037287973169917834
3296,2047108435,14,14.079424620518001,15.469617419720958,0.9761305105435292,0.0037287973169917834
3297,1695767424,13,12.588530729951461,14.94615557020336,0.9761305105435292,0.0037287973169917834
3298,828916321,11,10.734108422302786,17.23245368826807,0.9761305105435292,0.0037287973169917834
3299,3786786806,20,19.53909380084607,16.65650917717756,0.9761305105435292,0.0037287973169917834
3300,1814262422,15,16.723472436719586,18.007411671840067,0.9761305105435292,0.0037287973169917834
3301,1233622431,17,17.821165725980187,14.123155939623214,0.9761305105435292,0.0037287973169917834
3302,1032282195,15,16.18748849019384,15.344383591037282,0.9761305105435292,0.0037287973169917834
3303,3758873086,18,17.59341895447857,15.505818314840393,0.9761305105435292,0.0037287973169917834
3304,4213961801,19,19.560250433441805,16.308274397630484,0.9761305105435292,0.0037287973169917834
3305,2739834919,14,13.267024358138599,15.883795395064292,0.9761305105435292,0.0037287973169917834
3306,1873975175,19,19.265676081572334,16.31125597024107,0.9761305105435292,0.0037287973169917834
3307,385993456,13,13.45379017283123,14.40240514773476,0.9761305105435292,0.0037287973169917834
3308,4289979080,20,20.750675337361592,14.78045910585758,0.9761305105435292,0.0037287973169917834
3309,3440779436,13,13.055901377893685,15.114945879478658,0.9761305105435292,0.0037287973169917834
3310,605257688,16,16.481343058412822,16.39507290529517,0.9761305105435292,0.0037287973169917834
3311,1928283950,19,18.13918938172244,14.731951675935628,0.9761305105435292,0.0037287973169917834
3312,1485833602,9,8.158105533559846,15.494930451943105,0.9761305105435292,0.0037287973169917834
3313,29625059,11,11.678099493813313,17.499104515943994,0.9761305105435292,0.0037287973169917834
3314,1809657409,17,17.71579650597627,16.799459365066213,0.9761305105435292,0.0037287973169917834
3315,3099682487,17,15.824160378963228,15.749125971535742,0.9761305105435292,0.0037287973169917834
3316,3476892198,17,17.777170351156762,14.083225474342651,0.9761305105435292,0.0037287973169917834
3317,2937390665,14,14.566032814921376,16.19526052919367,0.9761305105435292,0.0037287973169917834
3318,1110260741,12,12.191832106097461,15.132866254575271,0.9761305105435292,0.0037287973169917834
3319,36477620,12,13.450998356919252,16.321557578369873,0.9761305105435292,0.0037287973169917834
3320,2537174292,15,14.161081338260095,14.364508404906838,0.9761305105435292,0.0037287973169917834
3321,1235472417,12,11.683296112793396,17.106362420404444,0.9761305105435292,0.0037287973169917834
3322,1724940171,18,17.66611280996218,17.419844533858768,0.9761305105435292,0.0037287973169917834
3323,2552611403,13,13.770514207387341,15.807428548974048,0.9761305105435292,0.0037287973169917834
3324,3512230207,16,16.63438311644643,16.587868810626745,0.9761305105435292,0.0037287973169917834
3325,2342249968,18,17.627127563583144,16.325538191050192,0.9761305105435292,0.0037287973169917834
3326,604525315,9,8.989867322364201,13.640625415837453,0.9761305105435292,0.0037287973169917834
3327,2854384957,16,15.600388792895691,17.023749648665714,0.9761305105435292,0.0037287973169917834
3328,2046345472,13,14.09710023361803,16.398897483511,0.9761305105435292,0.0037287973169917834
3329,3091399528,12,12.62740671179595,14.705250397422736,0.9761305105435292,0.0037287973169917834
3330,4147644348,18,17.87298424165555,16.348463887012464,0.9761305105435292,0.0037287973169917834
3331,3790268128,17,17.74039782195001,14.14021210524776,0.9761305105435292,0.0037287973169917834
3332,4050046543,19,18.582372037230265,14.815788618038784,0.9761305105435292,0.0037287973169917834
3333,3640916576,15,15.823357527451313,16.572607210711812,0.9761305105435292,0.0037287973169917834
3334,366047831,16,15.110251409905839,16.393403187160565,0.9761305105435292,0.0037287973169917834
3335,420724367,17,16.186955469909158,16.506282915877513,0.9761305105435292,0.0037287973169917834
3336,2615744357,18,18.24338921833677,17.316534962028395,0.9761305105435292,0.0037287973169917834
3337,3855885200,14,12.995030729259899,15.877389629428738,0.9761305105435292,0.0037287973169917834
3338,3416829157,17,16.984216444788476,16.417922851372786,0.9761305105435292,0.0037287973169917834
3339,1325725565,19,19.3824674418708,13.725220587675944,0.9761305105435292,0.0037287973169917834
3340,3873222336,17,18.377052693204423,15.589537242661077,0.9761305105435292,0.0037287973169917834
3341,2508017241,18,17.789574632846872,16.6775793801361,0.9761305105435292,0.0037287973169917834
3342,1505773291,15,15.694643585674246,15.917595770178815,0.9761305105435292,0.0037287973169917834
3343,968765053,20,21.25398276907682,16.656342582552245,0.9761305105435292,0.0037287973169917834
3344,732654125,17,16.894534961887462,14.783028280725963,0.9761305105435292,0.0037287973169917834
3345,419613437,15,14.922373373308925,15.364314474174915,0.9761305105435292,0.0037287973169917834
3346,4135603111,16,16.270186438799207,17.222498202384546,0.9761305105435292,0.0037287973169917834
3347,1313885976,13,12.546184278432424,16.555557370909217,0.9761305105435292,0.0037287973169917834
3348,3451373472,18,19.135006317393497,13.241130604558766,0.9761305105435292,0.0037287973169917834
3349,1329315732,20,19.083692251133233,13.487133229880005,0.9761305105435292,0.0037287973169917834
3350,3302227183,21,20.600599365176876,17.08310793300516,0.9761305105435292,0.0037287973169917834
3351,2087519935,19,18.6674772237502,18.205384985702736,0.9761305105435292,0.0037287973169917834
3352,875797325,16,16.926791508604676,16.383916105453924,0.9761305105435292,0.0037287973169917834
3353,2499221454,19,18.912572351665226,13.978369676723537,0.9761305105435292,0.0037287973169917834
3354,1865934285,21,20.605446603286868,17.702527961092937,0.9761305105435292,0.0037287973169917834
3355,3006028359,16,16.57809942172858,15.060511321072667,0.9761305105435292,0.0037287973169917834
3356,456526130,13,13.38699388444841,14.655243973104309,0.9761305105435292,0.0037287973169917834
3357,4166029997,15,15.066470519141081,14.788177026050272,0.9761305105435292,0.0037287973169917834
3358,1225375243,14,13.386084803933752,14.785082495797392,0.9761305105435292,0.0037287973169917834
3359,3829069356,17,16.585290263894738,16.185718442355906,0.9761305105435292,0.0037287973169917834
3360,1356834401,16,16.41831900641579,17.89063625165987,0.9761305105435292,0.0037287973169917834
3361,1077294070,15,14.753886372025429,15.857010300697434,0.9761305105435292,0.0037287973169917834
3362,410243272,13,12.75979309278199,16.188256240869755,0.9761305105435292,0.0037287973169917834
3363,2086955695,18,17.443020954260213,15.340678803097964,0.9761305105435292,0.0037287973169917834
3364,1636242396,15,14.462270371695656,19.303324074795768,0.9761305105435292,0.0037287973169917834
3365,384357,12,10.560529620125234,15.163934798707043,0.9761305105435292,0.0037287973169917834
3366,2644845035,17,15.580593987880189,16.473754376037654,0.9761305105435292,0.0037287973169917834
3367,3522785837,18,17.568698668202796,13.754528719436355,0.9761305105435292,0.0037287973169917834
3368,165671048,15,14.084750525615167,15.43294868575054,0.9761305105435292,0.0037287973169917834
3369,3811621772,16,15.792947292444262,15.834781473213166,0.9761305105435292,0.0037287973169917834
3370,4232491731,18,16.711190079315802,15.521720898833674,0.9761305105435292,0.0037287973169917834
3371,1919858203,18,17.316649635800406,16.989772727870815,0.9761305105435292,0.0037287973169917834
3372,1208912140,10,9.492660818590986,15.811666959157407,0.9761305105435292,0.0037287973169917834
3373,2138591224,21,20.671266858830897,14.446802383113795,0.9761305105435292,0.0037287973169917834
3374,537953734,9,8.302317244754155,15.661221153153807,0.9761305105435292,0.0037287973169917834
3375,1968250933,13,13.39950695662947,14.565971142791563,0.9761305105435292,0.0037287973169917834
3376,1994640334,20,20.089235620179785,15.539870432257393,0.9761305105435292,0.0037287973169917834
3377,177459152,15,14.834687911466759,15.391851789929714,0.9761305105435292,0.0037287973169917834
3378,3418668805,17,16.913294152342793,16.125760751912377,0.9761305105435292,0.0037287973169917834
3379,1786762030,20,19.32486210250277,16.8832274994915,0.9761305105435292,0.0037287973169917834
3380,54718216,12,12.480528173015298,15.147489513862146,0.9761305105435292,0.0037287973169917834
3381,3005679553,15,14.382516314956643,15.584833614308854,0.9761305105435292,0.0037287973169917834
3382,41931000,16,15.689004655441346,16.09229736328317,0.9761305105435292,0.0037287973169917834
3383,3818663825,17,16.765343062251457,15.066524646412898,0.9761305105435292,0.0037287973169917834
3384,1496365359,16,15.84453688686855,17.074240137429122,0.9761305105435292,0.0037287973169917834
3385,3449418480,18,18.513730467993028,17.71982869758152,0.9761305105435292,0.0037287973169917834
3386,687180327,15,15.717300060064337,16.47758636540046,0.9761305105435292,0.0037287973169917834
3387,3319437418,16,15.880306632328999,16.541795755058622,0.9761305105435292,0.0037287973169917834
3388,283623339,19,18.41165767600315,16.356074152691832,0.9761305105435292,0.0037287973169917834
3389,127606845,14,12.749701092522393,16.653878845136216,0.9761305105435292,0.0037287973169917834
3390,1862008425,23,22.75353220323742,15.059073302655884,0.9761305105435292,0.0037287973169917834
3391,2972309218,16,15.798452937309975,15.301999592935601,0.9761305105435292,0.0037287973169917834
3392,3659578808,16,15.05355960372946,15.740392258269562,0.9761305105435292,0.0037287973169917834
3393,309580720,15,14.541818546066477,15.907118654811068,0.9761305105435292,0.0037287973169917834
3394,3774446714,19,17.60261993256797,15.135164939426122,0.9761305105435292,0.0037287973169917834
3395,1560609067,12,12.528114089892709,14.500526753777006,0.9761305105435292,0.0037287973169917834
3396,3544141090,17,16.726256270115012,15.05839097034956,0.9761305105435292,0.0037287973169917834
3397,2469542486,15,15.543198461932482,15.724900602799107,0.9761305105435292,0.0037287973169917834
3398,1688812542,19,18.45434633937429,17.21820492429294,0.9761305105435292,0.0037287973169917834
3399,681611106,12,11.443244588266477,15.832819708956142,0.9761305105435292,0.0037287973169917834
3400,3865842441,14,14.847395395204973,14.427803104076878,0.9761305105435292,0.0037287973169917834
3401,3191060955,21,21.329741268409585,16.611840259026064,0.9761305105435292,0.0037287973169917834
3402,4125178081,17,16.77141977231179,16.233243235250097,0.9761305105435292,0.0037287973169917834
3403,2177336976,12,13.310498754382587,17.030990314398206,0.9761305105435292,0.0037287973169917834
3404,2395609204,14,14.389806866100017,17.04745274650855,0.9761305105435292,0.0037287973169917834
3405,1396403821,19,18.123718671473362,17.10502599540088,0.9761305105435292,0.0037287973169917834
3406,3328884740,11,10.323989973812349,16.787656257129708,0.9761305105435292,0.0037287973169917834
3407,2204094654,18,19.30401455135314,15.584515257168869,0.9761305105435292,0.0037287973169917834
3408,2099235371,19,18.643574460300183,15.427670816073476,0.9761305105435292,0.0037287973169917834
3409,4280544940,21,21.05983626984544,15.267837043545288,0.9761305105435292,0.0037287973169917834
3410,1817980332,16,16.000153341556963,16.309752457729616,0.9761305105435292,0.0037287973169917834
3411,2456056430,15,14.882890139029659,16.420040837193145,0.9761305105435292,0.0037287973169917834
3412,123413468,16,15.76857806704366,14.857253369904749,0.9761305105435292,0.0037287973169917834
3413,3125622088,15,14.713633857452725,18.067546390900116,0.9761305105435292,0.0037287973169917834
3414,959143732,17,17.5303224866637,15.780382372359043,0.9761305105435292,0.0037287973169917834
3415,3878207303,19,18.706346561778176,15.977663693084844,0.9761305105435292,0.0037287973169917834
3416,1701169167,15,15.000211766374083,16.234025285591414,0.9761305105435292,0.0037287973169917834
3417,1617129986,11,11.964375215063367,15.000837984008445,0.9761305105435292,0.0037287973169917834
3418,737277411,20,18.80312306592041,17.61442451655847,0.9761305105435292,0.0037287973169917834
3419,52594278,11,10.707539967865227,15.910087755878596,0.9761305105435292,0.0037287973169917834
3420,3578155398,14,14.955643652481594,15.539671097665408,0.9761305105435292,0.0037287973169917834
3421,203050287,14,14.901515025560409,17.190476806443435,0.9761305105435292,0.0037287973169917834
3422,817778399,19,19.23537786451137,13.46851409598382,0.9761305105435292,0.0037287973169917834
3423,839126705,11,11.342101786567513,16.821327199168675,0.9761305105435292,0.0037287973169917834
3424,1738908367,18,17.928295462429197,15.877974695519779,0.9761305105435292,0.0037287973169917834
3425,2862493717,14,13.979068953048193,16.50428315115852,0.9761305105435292,0.0037287973169917834
3426,44151371,12,12.637937151898656,17.282695762059472,0.9761305105435292,0.0037287973169917834
3427,3005217133,21,20.568774448865575,17.64820928508678,0.9761305105435292,0.0037287973169917834
3428,2738923036,12,13.359799718323083,17.394173164789503,0.9761305105435292,0.0037287973169917834
3429,2191629193,13,12.71734663370496,16.415184611434213,0.9761305105435292,0.0037287973169917834
3430,3782145328,17,17.50952657727899,13.71243306243945,0.9761305105435292,0.0037287973169917834
3431,3416631704,16,16.55018200436343,14.331292276391745,0.9761305105435292,0.0037287973169917834
3432,484791460,14,14.830673112066382,15.685684830704517,0.9761305105435292,0.0037287973169917834
3433,3640065693,22,21.95465660585265,16.7648263207209,0.9761305105435292,0.0037287973169917834
3434,4235556639,22,20.568932376239296,14.259210492048584,0.9761305105435292,0.0037287973169917834
3435,4278040907,23,23.396484210792924,14.878547334524708,0.9761305105435292,0.0037287973169917834
3436,2262036802,15,14.224844127553595,14.954193994210897,0.9761305105435292,0.0037287973169917834
3437,620176486,15,16.54022794352146,17.134217210842728,0.9761305105435292,0.0037287973169917834
3438,3698737386,16,16.060028765555877,14.944110025323127,0.9761305105435292,0.0037287973169917834
3439,252720044,13,13.666427669246653,15.97292050327797,0.9761305105435292,0.0037287973169917834
3440,3128321301,17,16.86643464856869,16.121918380797357,0.9761305105435292,0.0037287973169917834
3441,3323311370,14,14.642463585552571,14.1893483434107,0.9761305105435292,0.0037287973169917834
3442,617049966,18,17.51687686113909,17.102457981752668,0.9761305105435292,0.0037287973169917834
3443,150523933,13,12.962992069902786,16.194632848696504,0.9761305105435292,0.0037287973169917834
3444,1250408924,17,16.905837592117955,15.802298520143049,0.9761305105435292,0.0037287973169917834
3445,3307854967,18,17.530393609337285,15.820628447467508,0.9761305105435292,0.0037287973169917834
3446,3957704473,19,19.131872949264825,16.33939166087288,0.9761305105435292,0.0037287973169917834
3447,2040298906,19,18.218917135797685,15.925303086227677,0.9761305105435292,0.0037287973169917834
3448,3039302856,12,11.469335568727084,16.999177320570695,0.9761305105435292,0.0037287973169917834
3449,2644781287,16,16.423087475805495,13.776240729595628,0.9761305105435292,0.0037287973169917834
3450,4278575155,17,17.65447708067878,17.084899917398314,0.9761305105435292,0.0037287973169917834
3451,3270836893,15,15.025533082715347,16.374469404553693,0.9761305105435292,0.0037287973169917834
3452,1707011408,18,18.83446423559123,16.391119227709137,0.9761305105435292,0.0037287973169917834
3453,2531153803,19,19.519138491605954,16.92329823891125,0.9761305105435292,0.0037287973169917834
3454,2679009093,20,19.155280285464187,16.802051253348033,0.9761305105435292,0.0037287973169917834
3455,4025769688,21,21.768771616440564,15.74457989945994,0.9761305105435292,0.0037287973169917834
3456,751544858,15,13.642684687434834,16.168109327188898,0.9761305105435292,0.0037287973169917834
3457,299029074,13,12.86930543834105,15.278231656130862,0.9761305105435292,0.0037287973169917834
3458,1997802862,16,16.412269941843384,15.507410269977532,0.9761305105435292,0.0037287973169917834
3459,4243865243,21,21.1904781877654,16.43325701706898,0.9761305105435292,0.0037287973169917834
3460,1568534693,19,18.050938043328735,16.384624393745465,0.9761305105435292,0.0037287973169917834
3461,3947868106,21,21.83663222317363,16.686439147761526,0.9761305105435292,0.0037287973169917834
3462,2778605565,20,21.39611172826909,16.07033545801208,0.9761305105435292,0.0037287973169917834
3463,3054777887,16,16.284102279030474,15.524570270183485,0.9761305105435292,0.0037287973169917834
3464,3846712420,13,12.327640335475873,16.265464441684134,0.9761305105435292,0.0037287973169917834
3465,576303385,13,12.980590461734892,15.899865655494201,0.9761305105435292,0.0037287973169917834
3466,2936577489,16,16.586018147419956,16.289776888595053,0.9761305105435292,0.0037287973169917834
3467,2697443782,16,15.846736200706818,15.340616645729039,0.9761305105435292,0.0037287973169917834
3468,2548331325,19,19.221175595549248,16.783043731829743,0.9761305105435292,0.0037287973169917834
3469,2251108430,13,12.49108188193542,16.548068271144878,0.9761305105435292,0.0037287973169917834
3470,3727522225,19,19.80661707635553,16.948821049654498,0.9761305105435292,0.0037287973169917834
3471,1861401218,17,16.860814899750594,16.03211521388777,0.9761305105435292,0.0037287973169917834
3472,1689569640,14,14.52992653117495,16.80437348160843,0.9761305105435292,0.0037287973169917834
3473,74255864,14,14.35606959671228,16.38580428018465,0.9761305105435292,0.0037287973169917834
3474,4053460299,18,17.463145494583188,15.401977735086584,0.9761305105435292,0.0037287973169917834
3475,2057777438,17,16.908780015756186,17.499238216151504,0.9761305105435292,0.0037287973169917834
3476,2182579563,14,13.78537898343719,14.508229909248524,0.9761305105435292,0.0037287973169917834
3477,1928296292,20,20.13008981355612,17.46436428697241,0.9761305105435292,0.0037287973169917834
3478,1329902063,18,18.374048927702916,15.691049957886358,0.9761305105435292,0.0037287973169917834
3479,3965996912,16,17.049403971999514,16.556148967022335,0.9761305105435292,0.0037287973169917834
3480,2456216682,15,15.94082586176842,15.204271876798071,0.9761305105435292,0.0037287973169917834
3481,3586724214,16,15.531484996368352,15.72675762101343,0.9761305105435292,0.0037287973169917834
3482,2984167563,17,16.27708507157129,16.572849190488807,0.9761305105435292,0.0037287973169917834
3483,23140288,10,12.148666602724308,17.18277026355072,0.9761305105435292,0.0037287973169917834
3484,3487391156,21,21.329757806950518,18.167108317035428,0.9761305105435292,0.0037287973169917834
3485,1168612302,18,18.684314556681798,17.594630673913006,0.9761305105435292,0.0037287973169917834
3486,2398094721,12,12.538407209832807,15.55840800946469,0.9761305105435292,0.0037287973169917834
3487,1477597916,14,14.345368236549026,16.578578077078085,0.9761305105435292,0.0037287973169917834
3488,1544905483,14,14.329152490606864,15.669315022222403,0.9761305105435292,0.0037287973169917834
3489,2544016276,16,16.456614991204106,15.857030983164089,0.9761305105435292,0.0037287973169917834
3490,3944174631,17,17.642841216966154,15.09685216156077,0.9761305105435292,0.0037287973169917834
3491,3619177196,17,16.8991240085774,14.478803649956586,0.9761305105435292,0.0037287973169917834
3492,3570700015,19,18.62695406293185,15.675646857711078,0.9761305105435292,0.0037287973169917834
3493,2631013287,16,15.510804572891962,16.43661640668823,0.9761305105435292,0.0037287973169917834
3494,1350998636,13,12.538336925573809,16.929785841079088,0.9761305105435292,0.0037287973169917834
3495,3726854971,18,18.7637296641762,16.36704111966687,0.9761305105435292,0.0037287973169917834
3496,631142812,17,16.786806496818542,17.007807103127913,0.9761305105435292,0.0037287973169917834
3497,4208180333,21,21.081845540082178,18.306437126660516,0.9761305105435292,0.0037287973169917834
3498,1226653674,18,18.39347347666135,16.339356090598887,0.9761305105435292,0.0037287973169917834
3499,3772893214,14,14.685084673222613,15.110267345092828,0.9761305105435292,0.0037287973169917834
3500,2145128069,18,18.009713297462,14.208187737929043,0.9761305105435292,0.0037287973169917834
3501,2348983767,14,14.202376691587535,17.447522696647294,0.9761305105435292,0.0037287973169917834
3502,2142571268,16,15.758158449757298,16.293407968872216,0.9761305105435292,0.0037287973169917834
3503,3293232596,16,15.717078086174231,15.074307375969695,0.9761305105435292,0.0037287973169917834
3504,2188753923,14,14.371954958719579,16.388327071236446,0.9761305105435292,0.0037287973169917834
3505,1788503233,14,13.534666828835574,16.41763947827647,0.9761305105435292,0.0037287973169917834
3506,2252948084,12,11.781524194714944,16.744079713629272,0.9761305105435292,0.0037287973169917834
3507,4042504179,22,22.34928591675568,16.767843521123133,0.9761305105435292,0.0037287973169917834
3508,2045706243,14,15.06775214317741,18.109366391212156,0.9761305105435292,0.0037287973169917834
3509,2340208435,20,19.673104192745217,15.408189269696129,0.9761305105435292,0.0037287973169917834
3510,2352348850,18,16.98635765761237,16.429122619660014,0.9761305105435292,0.0037287973169917834
3511,3288419833,14,15.092567811532325,15.572840610527171,0.9761305105435292,0.0037287973169917834
3512,2753024856,15,15.654056581094654,17.23379172811342,0.9761305105435292,0.0037287973169917834
3513,1229357438,14,13.412535025488756,16.638196177392377,0.9761305105435292,0.0037287973169917834
3514,2461492848,16,16.176798675023484,15.179474748492748,0.9761305105435292,0.0037287973169917834
3515,2810602942,18,18.372051016645152,16.46712590427148,0.9761305105435292,0.0037287973169917834
3516,1151458639,16,15.362653633889263,14.360709140839575,0.9761305105435292,0.0037287973169917834
3517,2292177100,16,15.748964458691015,15.331245015779468,0.9761305105435292,0.0037287973169917834
3518,1237687955,16,15.722186261384575,14.14605649211382,0.9761305105435292,0.0037287973169917834
3519,3883893643,20,19.923916874867082,15.012143998458512,0.9761305105435292,0.0037287973169917834
3520,4258221834,20,20.532034675696952,17.142984362025505,0.9761305105435292,0.0037287973169917834
3521,1956446640,13,12.792458848140695,17.013831342411883,0.9761305105435292,0.0037287973169917834
3522,3976676576,14,13.017535163086373,17.14410862780072,0.9761305105435292,0.0037287973169917834
3523,1510252850,11,11.115152699848402,14.941118863100389,0.9761305105435292,0.0037287973169917834
3524,688410057,12,11.970789467517685,17.86726739429931,0.9761305105435292,0.0037287973169917834
3525,2032139191,23,23.5041242825485,17.937735741310455,0.9761305105435292,0.0037287973169917834
3526,2668357851,19,19.612238734068487,15.913819976268337,0.9761305105435292,0.0037287973169917834
3527,239357004,11,10.397701830803097,14.979387812922596,0.9761305105435292,0.0037287973169917834
3528,465310940,16,16.630696003720104,15.515963619954878,0.9761305105435292,0.0037287973169917834
3529,626121559,17,17.26853651021038,15.57236838023448,0.9761305105435292,0.0037287973169917834
3530,510822051,15,13.70961920940108,16.659281937442604,0.9761305105435292,0.0037287973169917834
3531,3375281531,19,19.795652236153437,18.117682480771037,0.9761305105435292,0.0037287973169917834
3532,3714292952,18,18.762470167428454,14.06971302123623,0.9761305105435292,0.0037287973169917834
3533,1524975915,16,16.111619662789007,16.524585616111093,0.9761305105435292,0.0037287973169917834
3534,3141959396,19,18.854804169046872,14.51986527777441,0.9761305105435292,0.0037287973169917834
3535,3242084926,16,15.671019214143376,14.989554069300757,0.9761305105435292,0.0037287973169917834
3536,3591108607,23,23.311309745776207,16.49177052353546,0.9761305105435292,0.0037287973169917834
3537,716223337,15,15.42087847591674,14.992391145103124,0.9761305105435292,0.0037287973169917834
3538,2331458021,19,18.824534368429273,16.245273464734474,0.9761305105435292,0.0037287973169917834
3539,1146695030,15,15.194033753866304,15.472474511664553,0.9761305105435292,0.0037287973169917834
3540,3271954122,13,13.474447039860797,16.199778831794866,0.9761305105435292,0.0037287973169917834
3541,3101478802,18,17.642654846582083,15.220392996326385,0.9761305105435292,0.0037287973169917834
3542,2102684338,17,17.005803677463952,17.154675683147595,0.9761305105435292,0.0037287973169917834
3543,2390427104,15,14.980219214608189,16.83547891773663,0.9761305105435292,0.0037287973169917834
3544,3989469507,18,17.584386570106705,15.552533801865973,0.9761305105435292,0.0037287973169917834
3545,224358657,14,13.1446044033682,16.00575313082146,0.9761305105435292,0.0037287973169917834
3546,2590679478,16,16.46561082400041,16.72996799172964,0.9761305105435292,0.0037287973169917834
3547,738929405,16,16.847808615064476,16.25009893254272,0.9761305105435292,0.0037287973169917834
3548,3162229516,18,18.431830400360422,16.97619500795531,0.9761305105435292,0.0037287973169917834
3549,517335925,20,20.910952176933797,14.693718402662943,0.9761305105435292,0.0037287973169917834
3550,506359186,16,16.179031549003863,16.415581918068032,0.9761305105435292,0.0037287973169917834
3551,3943796366,16,16.101721184817542,14.953705316564406,0.9761305105435292,0.0037287973169917834
3552,1383965294,17,16.590503057736537,15.997753918362822,0.9761305105435292,0.0037287973169917834
3553,3316549823,18,17.44406589694579,15.947404808493928,0.9761305105435292,0.0037287973169917834
3554,1422052353,11,10.052739621426475,16.404908406101196,0.9761305105435292,0.0037287973169917834
3555,2460620862,14,12.71386479001619,12.71377484420383,0.9761305105435292,0.0037287973169917834
3556,2667544238,24,24.58469568683898,16.869307210360503,0.9761305105435292,0.0037287973169917834
3557,862261351,14,14.760932272108764,15.615175933560888,0.9761305105435292,0.0037287973169917834
3558,1757231731,18,18.12184894346985,16.565307281981944,0.9761305105435292,0.0037287973169917834
3559,3149104861,20,18.982159070392054,14.70844836243669,0.9761305105435292,0.0037287973169917834
3560,3405583333,19,19.60633261827199,16.729430990043724,0.9761305105435292,0.0037287973169917834
3561,2239635630,15,14.61677915714474,14.049177976704646,0.9761305105435292,0.0037287973169917834
3562,619506421,18,17.64271855207908,15.632418202233586,0.9761305105435292,0.0037287973169917834
3563,3292314876,18,17.807616049994447,15.124634982045993,0.9761305105435292,0.0037287973169917834
3564,2269872179,13,12.763606188527508,15.698645589721263,0.9761305105435292,0.0037287973169917834
3565,4168308581,19,19.442457704173094,16.677625479821394,0.9761305105435292,0.0037287973169917834
3566,3778578177,12,11.928832896856282,17.735658051903222,0.9761305105435292,0.0037287973169917834
3567,2152735405,10,10.942741852358134,14.51667873126822,0.9761305105435292,0.0037287973169917834
3568,3814533774,17,16.742370309901077,16.89123379265206,0.9761305105435292,0.0037287973169917834
3569,2850403731,18,17.58586972797291,14.523607671110117,0.9761305105435292,0.0037287973169917834
3570,1202784713,14,14.411532146477224,17.220989569704518,0.9761305105435292,0.0037287973169917834
3571,187738007,15,14.881662652373972,16.026744862145797,0.9761305105435292,0.0037287973169917834
3572,3809498577,14,13.734464272051147,15.406433926875284,0.9761305105435292,0.0037287973169917834
3573,608058692,14,14.401784164398956,15.666969102213761,0.9761305105435292,0.0037287973169917834
3574,1906696670,18,18.690341259714522,15.37564900157643,0.9761305105435292,0.0037287973169917834
3575,1550436521,15,15.321788919241778,16.621227171593112,0.9761305105435292,0.0037287973169917834
3576,719205529,16,15.849030812744909,14.617984998620363,0.9761305105435292,0.0037287973169917834
3577,684208139,10,10.805135571659381,15.288124097298896,0.9761305105435292,0.0037287973169917834
3578,2535951194,17,17.76631786663126,15.895015975627635,0.9761305105435292,0.0037287973169917834
3579,507554796,15,15.841807392977552,17.076586483871264,0.9761305105435292,0.0037287973169917834
3580,3254778912,18,18.185740565238042,15.308839400208901,0.9761305105435292,0.0037287973169917834
3581,2642910324,17,17.784199180531257,17.05708900512564,0.9761305105435292,0.0037287973169917834
3582,3142494053,19,18.274629866739108,16.105789146255397,0.9761305105435292,0.0037287973169917834
3583,3860823953,20,20.252900567592548,15.83735188752691,0.9761305105435292,0.0037287973169917834
3584,59191494,12,12.22193565489443,18.414269000829947,0.9761305105435292,0.0037287973169917834
3585,3502326749,15,14.186987455060793,16.41489883222613,0.9761305105435292,0.0037287973169917834
3586,3833569137,21,20.906097882954505,16.882099806406476,0.9761305105435292,0.0037287973169917834
3587,3547558119,19,19.0456571668061,16.751305692557473,0.9761305105435292,0.0037287973169917834
3588,1732040912,16,14.853125552409205,16.468667968945624,0.9761305105435292,0.0037287973169917834
3589,362293047,15,15.56123377273423,15.228337061747771,0.9761305105435292,0.0037287973169917834
3590,2144137551,21,20.52780519052167,15.393626509574554,0.9761305105435292,0.0037287973169917834
3591,895052100,14,14.478154163831586,15.026412347692883,0.9761305105435292,0.0037287973169917834
3592,1051969844,17,16.411058931025885,18.21096948474577,0.9761305105435292,0.0037287973169917834
3593,2454421668,11,10.896293353007843,15.847373772876503,0.9761305105435292,0.0037287973169917834
3594,2624824962,15,15.108116374568578,15.724002678747132,0.9761305105435292,0.0037287973169917834
3595,3391544456,14,14.537435365041148,15.39050042821585,0.9761305105435292,0.0037287973169917834
3596,613313212,15,15.653485617146103,16.058126226874485,0.9761305105435292,0.0037287973169917834
3597,1910490012,19,19.410368262185372,13.16993946170775,0.9761305105435292,0.0037287973169917834
3598,4112200140,17,17.177694412554395,15.122186521340737,0.9761305105435292,0.0037287973169917834
3599,645190330,16,16.180573328232082,16.742378322056197,0.9761305105435292,0.0037287973169917834
3600,1401251039,17,17.803807646409442,16.655390131838395,0.9761305105435292,0.0037287973169917834
3601,2022991861,18,17.912766752008466,16.980159035316994,0.9761305105435292,0.0037287973169917834
3602,1975187257,21,22.192746504690643,16.013755982473292,0.9761305105435292,0.0037287973169917834
3603,970928367,20,19.54589051649326,14.286525993894681,0.9761305105435292,0.0037287973169917834
3604,1644723301,13,12.643216892913529,16.024251535668576,0.9761305105435292,0.0037287973169917834
3605,3949300526,18,18.31151029517387,15.012653499614952,0.9761305105435292,0.0037287973169917834
3606,1032712090,20,20.69941751650997,16.152691912609058,0.9761305105435292,0.0037287973169917834
3607,2132107895,19,18.759457329530232,15.616187446700064,0.9761305105435292,0.0037287973169917834
3608,1811902622,21,21.06893502385114,14.579753938845599,0.9761305105435292,0.0037287973169917834
3609,377242633,12,11.78990136986838,17.418028131613557,0.9761305105435292,0.0037287973169917834
3610,4201879770,19,19.309954499665935,16.266326886052347,0.9761305105435292,0.0037287973169917834
3611,3608284335,16,16.243579552879083,15.686052719432904,0.9761305105435292,0.0037287973169917834
3612,3288007432,14,13.857137876300266,17.233958611100597,0.9761305105435292,0.0037287973169917834
3613,2001108247,19,18.8377175184232,15.730848298088228,0.9761305105435292,0.0037287973169917834
3614,3302764960,13,13.855256615966704,16.914775323814258,0.9761305105435292,0.0037287973169917834
3615,1557857781,18,18.372931900559013,16.96306517500216,0.9761305105435292,0.0037287973169917834
3616,3386960960,13,14.257229654916618,13.345068517088706,0.9761305105435292,0.0037287973169917834
3617,1397559578,13,12.483813814670121,14.953452186879966,0.9761305105435292,0.0037287973169917834
3618,206820081,15,15.01934191012744,17.227040432550474,0.9761305105435292,0.0037287973169917834
3619,2701872337,13,11.889126662149199,15.64888088964777,0.9761305105435292,0.0037287973169917834
3620,1502146597,13,12.760128790076948,15.050411213455211,0.9761305105435292,0.0037287973169917834
3621,4275511321,17,17.357171638433066,14.706882759622966,0.9761305105435292,0.0037287973169917834
3622,233098568,14,13.976769953499518,17.720373682297886,0.9761305105435292,0.0037287973169917834
3623,827601533,15,14.048416399980336,15.117549420423464,0.9761305105435292,0.0037287973169917834
3624,4257498753,15,15.923513804268305,15.730978298279975,0.9761305105435292,0.0037287973169917834
3625,476222172,14,14.179081089085537,18.567088551575264,0.9761305105435292,0.0037287973169917834
3626,1828244080,16,16.866215035477115,17.82869769241674,0.9761305105435292,0.0037287973169917834
3627,2324963470,11,11.498271207395138,17.071937024891184,0.9761305105435292,0.0037287973169917834
3628,3772923308,16,16.101844161734427,16.167320952625516,0.9761305105435292,0.0037287973169917834
3629,845268015,14,14.220845930558792,14.904438650504733,0.9761305105435292,0.0037287973169917834
3630,243920561,16,15.972570190988694,16.23534004504355,0.9761305105435292,0.0037287973169917834
3631,999470060,18,18.154828709230433,14.822341249783843,0.9761305105435292,0.0037287973169917834
3632,2128079927,22,22.884925677546853,17.806433571535102,0.9761305105435292,0.0037287973169917834
3633,3376185411,12,13.003423190480072,16.16380073758771,0.9761305105435292,0.0037287973169917834
3634,3347818386,17,18.168008486865666,16.704804295442507,0.9761305105435292,0.0037287973169917834
3635,1812259631,15,15.077500519007202,14.959755271528133,0.9761305105435292,0.0037287973169917834
3636,888386919,19,19.076930456617085,14.259171051910347,0.9761305105435292,0.0037287973169917834
3637,522860358,16,16.055209646497897,14.642814513196399,0.9761305105435292,0.0037287973169917834
3638,404432439,14,13.532130988649413,16.33554164149109,0.9761305105435292,0.0037287973169917834
3639,1031775638,20,19.31473172352998,16.43454574509045,0.9761305105435292,0.0037287973169917834
3640,1276444188,15,14.467300318348416,17.482227516748104,0.9761305105435292,0.0037287973169917834
3641,2312814496,17,17.580672231129835,16.55732331814545,0.9761305105435292,0.0037287973169917834
3642,2541676187,21,20.63076715961428,16.94032307801694,0.9761305105435292,0.0037287973169917834
3643,2608963229,17,16.907999922124844,15.317042869481597,0.9761305105435292,0.0037287973169917834
3644,3804395050,15,14.88087770095338,14.828717618675421,0.9761305105435292,0.0037287973169917834
3645,150050884,11,10.775938205515622,14.943715508809131,0.9761305105435292,0.0037287973169917834
3646,1680228171,16,15.01642388233904,17.527302486141473,0.9761305105435292,0.0037287973169917834
3647,2694819554,17,16.175197268491395,14.72010237167557,0.9761305105435292,0.0037287973169917834
3648,3015961969,19,20.305895564195882,14.0876494193447,0.9761305105435292,0.0037287973169917834
3649,1092293567,16,16.723561694442544,14.484173644354646,0.9761305105435292,0.0037287973169917834
3650,1137035207,17,17.03638886562364,15.276549790949593,0.9761305105435292,0.0037287973169917834
3651,3184388648,18,17.270379429336916,18.265877657020617,0.9761305105435292,0.0037287973169917834
3652,1376818806,13,14.43700037281397,16.284656706340822,0.9761305105435292,0.0037287973169917834
3653,4251517908,17,17.70686106418505,15.599220875187948,0.9761305105435292,0.0037287973169917834
3654,2402973275,19,19.087893511490805,16.328887765899037,0.9761305105435292,0.0037287973169917834
3655,2315082460,19,18.580768024344273,15.644775865761975,0.9761305105435292,0.0037287973169917834
3656,4132072863,20,19.656516928923295,16.947178678659675,0.9761305105435292,0.0037287973169917834
3657,2107409578,16,15.82294512591809,17.001912965126365,0.9761305105435292,0.0037287973169917834
3658,2624581852,19,20.833656485648966,15.415567485899405,0.9761305105435292,0.0037287973169917834
3659,344890293,16,16.895427351463187,16.128305994348448,0.9761305105435292,0.0037287973169917834
3660,1255280981,13,13.195746354001013,16.50022933885106,0.9761305105435292,0.0037287973169917834
3661,3396465166,16,15.977995711207456,14.951827812005934,0.9761305105435292,0.0037287973169917834
3662,310966735,16,16.356144510989896,16.64750686805333,0.9761305105435292,0.0037287973169917834
3663,2456968590,16,14.397773946446028,17.015419467713542,0.9761305105435292,0.0037287973169917834
3664,4235223856,15,14.58075867071113,16.314713963932842,0.9761305105435292,0.0037287973169917834
3665,2549700599,23,23.5936958004801,17.152782188986563,0.9761305105435292,0.0037287973169917834
3666,401775070,19,19.15597639292975,15.455485425031275,0.9761305105435292,0.0037287973169917834
3667,51703027,15,15.074517691176808,15.34268770537376,0.9761305105435292,0.0037287973169917834
3668,301341208,13,11.608473244282724,15.161984624640416,0.9761305105435292,0.0037287973169917834
3669,845902983,16,15.488866758799759,14.812146553410377,0.9761305105435292,0.0037287973169917834
3670,2948332601,22,22.32558539056855,14.736845209063778,0.9761305105435292,0.0037287973169917834
3671,3726646615,16,16.005515498590235,16.19337611483613,0.9761305105435292,0.0037287973169917834
3672,3788955196,19,18.753000182352412,14.123248539845164,0.9761305105435292,0.0037287973169917834
3673,1659373305,15,14.543230738492705,15.695735636767608,0.9761305105435292,0.0037287973169917834
3674,1781630462,17,15.77845574975286,15.392013140565584,0.9761305105435292,0.0037287973169917834
3675,866105216,17,17.376000145088497,17.1581985691018,0.9761305105435292,0.0037287973169917834
3676,576204912,10,10.331090501092966,13.861544995210034,0.9761305105435292,0.0037287973169917834
3677,1572144567,18,17.64078915786787,16.300923633078114,0.9761305105435292,0.0037287973169917834
3678,3058169148,19,19.116023928876203,14.17617456531896,0.9761305105435292,0.0037287973169917834
3679,3241086229,14,13.358090069492274,14.690580043855453,0.9761305105435292,0.0037287973169917834
3680,4193845929,17,16.92802968083214,15.330295905252422,0.9761305105435292,0.0037287973169917834
3681,3638416838,19,17.94967952736069,15.392742304898217,0.9761305105435292,0.0037287973169917834
3682,541765533,15,16.13874566638635,15.434029944339358,0.9761305105435292,0.0037287973169917834
3683,3323088224,12,11.976853336312052,17.00178838042094,0.9761305105435292,0.0037287973169917834
3684,931128619,21,20.32794010997864,17.534465919811414,0.9761305105435292,0.0037287973169917834
3685,2140932224,13,13.323782754046482,14.460572539123557,0.9761305105435292,0.0037287973169917834
3686,3932252471,17,16.141481418366862,15.006255547119855,0.9761305105435292,0.0037287973169917834
3687,163071911,15,14.547149610329626,15.989881696061053,0.9761305105435292,0.0037287973169917834
3688,1454476218,17,16.968071352397313,15.134854186518151,0.9761305105435292,0.0037287973169917834
3689,1039301163,19,18.509164908656253,15.871844518456317,0.9761305105435292,0.0037287973169917834
3690,2542080562,13,13.633420924224193,13.894857923657963,0.9761305105435292,0.0037287973169917834
3691,4288839720,14,13.677743825272865,15.523134862169494,0.9761305105435292,0.0037287973169917834
3692,2291165567,15,15.593732035894238,17.589128317785732,0.9761305105435292,0.0037287973169917834
3693,4052210868,17,17.11228382108728,16.53806372248386,0.9761305105435292,0.0037287973169917834
3694,1876033176,20,20.710726631735835,13.257762431729287,0.9761305105435292,0.0037287973169917834
3695,2989014506,17,16.05386941703493,14.257246016120726,0.9761305105435292,0.0037287973169917834
3696,3617056285,20,19.032324059027733,15.735224347495045,0.9761305105435292,0.0037287973169917834
3697,3483330146,19,18.586831976836557,15.032141154964819,0.9761305105435292,0.0037287973169917834
3698,639992340,10,9.534329852836882,15.59099781189271,0.9761305105435292,0.0037287973169917834
3699,547289613,15,15.150957874405487,18.14566625031855,0.9761305105435292,0.0037287973169917834
3700,3559046625,16,15.393821105649014,15.819301726795763,0.9761305105435292,0.0037287973169917834
3701,2589005666,14,14.225409950831187,13.361695159731571,0.9761305105435292,0.0037287973169917834
3702,1567498783,17,18.19383486131254,14.405094452304983,0.9761305105435292,0.0037287973169917834
3703,2972602646,14,14.240816429772474,15.88708004154841,0.9761305105435292,0.0037287973169917834
3704,1931186103,20,19.418844294279516,15.093793463825227,0.9761305105435292,0.0037287973169917834
3705,315082437,15,14.731941610311926,14.983013752355166,0.9761305105435292,0.0037287973169917834
3706,2858249800,16,15.522371668414497,15.666441050967112,0.9761305105435292,0.0037287973169917834
3707,2842112749,18,17.552295546690395,17.161760815868657,0.9761305105435292,0.0037287973169917834
3708,2237062592,15,15.640415910660133,13.870465969869457,0.9761305105435292,0.0037287973169917834
3709,1492016918,18,19.093400961403653,15.924645584950449,0.9761305105435292,0.0037287973169917834
3710,4029620039,18,18.028876484689512,15.315596370122472,0.9761305105435292,0.0037287973169917834
3711,3555090413,22,21.325811299791578,14.372919677258341,0.9761305105435292,0.0037287973169917834
3712,1996011778,16,15.630057338275169,16.915440335723073,0.9761305105435292,0.0037287973169917834
3713,1951451976,13,13.693962231941152,14.640474161720103,0.9761305105435292,0.0037287973169917834
3714,579015650,12,11.707519990205014,17.417432820141745,0.9761305105435292,0.0037287973169917834
3715,1584424195,14,14.366526257537789,16.819256812597306,0.9761305105435292,0.0037287973169917834
3716,4022387467,16,15.416909625393576,16.13171381864219,0.9761305105435292,0.0037287973169917834
3717,4125182030,16,16.40952378451092,16.430456707543595,0.9761305105435292,0.0037287973169917834
3718,3013660261,16,15.44839653496168,15.798559417385666,0.9761305105435292,0.0037287973169917834
3719,3177734830,17,15.793334228483413,16.266727076934494,0.9761305105435292,0.0037287973169917834
3720,4134905530,20,20.181735838880535,14.814769808839623,0.9761305105435292,0.0037287973169917834
3721,3621686750,22,21.479980365089308,16.079230063407387,0.9761305105435292,0.0037287973169917834
3722,221590375,16,16.301911667287477,18.051961979090954,0.9761305105435292,0.0037287973169917834
3723,2194478986,14,14.248372974788174,18.115803458591138,0.9761305105435292,0.0037287973169917834
3724,3052554609,17,16.6970441375491,17.244637377456396,0.9761305105435292,0.0037287973169917834
3725,3471981614,18,18.262095754040573,16.26844902963996,0.9761305105435292,0.0037287973169917834
3726,2515734678,15,13.990461688075555,17.907670561446707,0.9761305105435292,0.0037287973169917834
3727,3155341930,15,14.271357336068059,15.78033254031991,0.9761305105435292,0.0037287973169917834
3728,143716558,12,11.517127853137053,17.61876686364827,0.9761305105435292,0.0037287973169917834
3729,1826017923,16,16.186674420075537,15.20889408058118,0.9761305105435292,0.0037287973169917834
3730,1942175128,17,16.89222797264238,17.524190533061294,0.9761305105435292,0.0037287973169917834
3731,2541639714,16,15.72883483187689,16.067992821150785,0.9761305105435292,0.0037287973169917834
3732,441438646,17,16.54880768237721,16.538401393655946,0.9761305105435292,0.0037287973169917834
3733,1447838035,13,13.558763301272275,14.122280877191287,0.9761305105435292,0.0037287973169917834
3734,349909163,15,14.82127045364481,18.280846902347328,0.9761305105435292,0.0037287973169917834
3735,2265659783,15,14.951676933741567,16.499281812146215,0.9761305105435292,0.0037287973169917834
3736,520208694,13,13.395080742586718,16.13056227094856,0.9761305105435292,0.0037287973169917834
3737,2430601701,12,11.619384149733346,16.10532721612001,0.9761305105435292,0.0037287973169917834
3738,2045815517,19,19.9103431525085,15.472367715917255,0.9761305105435292,0.0037287973169917834
3739,3733800718,17,17.674574401679983,13.66608386624966,0.9761305105435292,0.0037287973169917834
3740,2918953695,23,22.751039898183745,16.110523619571033,0.9761305105435292,0.0037287973169917834
3741,2968148784,15,15.42448178419213,16.141236307520842,0.9761305105435292,0.0037287973169917834
3742,1979943594,14,13.964956926320776,15.162302011578078,0.9761305105435292,0.0037287973169917834
3743,948345561,15,16.744853787857892,15.95366602114683,0.9761305105435292,0.0037287973169917834
3744,1842094905,16,16.21437382908791,15.503958320607282,0.9761305105435292,0.0037287973169917834
3745,1530526084,17,16.578781229217526,16.212341734158084,0.9761305105435292,0.0037287973169917834
3746,545027904,13,12.458670384395223,15.188346506478226,0.9761305105435292,0.0037287973169917834
3747,4080596995,16,15.286988211566452,17.12663057623843,0.9761305105435292,0.0037287973169917834
3748,130475804,16,16.261053528070924,16.959248021830938,0.9761305105435292,0.0037287973169917834
3749,2184587061,14,13.804689118188952,15.169604469497619,0.9761305105435292,0.0037287973169917834
3750,945587573,15,15.017578087058137,15.691684821047598,0.9761305105435292,0.0037287973169917834
3751,343793245,19,19.415197917136915,16.21510285593994,0.9761305105435292,0.0037287973169917834
3752,1335271817,15,14.763324860949222,16.883328267723382,0.9761305105435292,0.0037287973169917834
3753,321958793,13,13.655423219310132,14.922248661113262,0.9761305105435292,0.0037287973169917834
3754,3948607623,19,19.034194885883316,16.39234634035278,0.9761305105435292,0.0037287973169917834
3755,529773812,18,17.55319329772901,14.936138986927025,0.9761305105435292,0.0037287973169917834
3756,3784412838,15,14.770964105336208,14.7923405823514,0.9761305105435292,0.0037287973169917834
3757,2741471140,16,15.653201496018198,16.854489018817475,0.9761305105435292,0.0037287973169917834
3758,4088523906,17,17.78375565150018,15.146876409135512,0.9761305105435292,0.0037287973169917834
3759,3755452652,21,23.010868782790958,15.856346901130468,0.9761305105435292,0.0037287973169917834
3760,411057823,14,15.437134605459573,15.403055660689551,0.9761305105435292,0.0037287973169917834
3761,385216941,19,19.05230758332244,16.160634696542303,0.9761305105435292,0.0037287973169917834
3762,3813740738,12,11.590152916897887,16.48451410315111,0.9761305105435292,0.0037287973169917834
3763,266917194,16,15.761294557519287,16.538852792666905,0.9761305105435292,0.0037287973169917834
3764,2815844866,14,13.278308987955722,14.83119200851544,0.9761305105435292,0.0037287973169917834
3765,297373230,15,15.226534346766552,16.499660059952973,0.9761305105435292,0.0037287973169917834
3766,1819290262,14,12.940428317205743,16.566609419802823,0.9761305105435292,0.0037287973169917834
3767,3546267869,19,19.033677812428998,14.998539974317584,0.9761305105435292,0.0037287973169917834
3768,3818134766,17,17.258680674734727,14.383856820427814,0.9761305105435292,0.0037287973169917834
3769,3425288774,13,12.12925402066519,15.291274223894746,0.9761305105435292,0.0037287973169917834
3770,3360932640,12,12.800937688172798,14.994768339648303,0.9761305105435292,0.0037287973169917834
3771,3769297858,16,15.936870805033163,16.17780871699087,0.9761305105435292,0.0037287973169917834
3772,634605788,15,14.226448427052912,15.908821566063011,0.9761305105435292,0.0037287973169917834
3773,2109960169,21,20.96848111584699,15.657715654293778,0.9761305105435292,0.0037287973169917834
3774,2722108167,10,10.298901936366985,15.558391161900676,0.9761305105435292,0.0037287973169917834
3775,957828828,17,16.852589081779115,17.074423035543248,0.9761305105435292,0.0037287973169917834
3776,3933899921,16,15.835103289029032,18.44700143931427,0.9761305105435292,0.0037287973169917834
3777,2876048889,18,18.00443045468105,15.896007645350087,0.9761305105435292,0.0037287973169917834
3778,21517590,10,10.707914657212996,15.49640944437267,0.9761305105435292,0.0037287973169917834
3779,4199463980,18,18.04749213454217,15.61552952986633,0.9761305105435292,0.0037287973169917834
3780,1909157765,18,18.75506659982862,14.943773061378568,0.9761305105435292,0.0037287973169917834
3781,1630045764,10,9.913640801807441,16.020862142381077,0.9761305105435292,0.0037287973169917834
3782,846715638,20,20.13279730065502,14.620128195504169,0.9761305105435292,0.0037287973169917834
3783,2515873742,20,19.494590557219805,17.18213737389002,0.9761305105435292,0.0037287973169917834
3784,4264684358,19,18.514941570885963,16.372155524719936,0.9761305105435292,0.0037287973169917834
3785,2060395953,18,17.65421837824245,16.571743960927943,0.9761305105435292,0.0037287973169917834
3786,3028143505,18,16.57200927260638,14.883125676482724,0.9761305105435292,0.0037287973169917834
3787,2660313586,16,16.002995762985318,16.344152618192286,0.9761305105435292,0.0037287973169917834
3788,2552839532,15,15.416946649870486,17.31339613124701,0.9761305105435292,0.0037287973169917834
3789,3256210183,14,13.30298100578571,16.163346314404592,0.9761305105435292,0.0037287973169917834
3790,1193885758,13,13.219461997480323,15.719914853752098,0.9761305105435292,0.0037287973169917834
3791,428936807,14,14.920043936437798,16.61844615219463,0.9761305105435292,0.0037287973169917834
3792,544060886,16,15.655979793705797,14.258295320234089,0.9761305105435292,0.0037287973169917834
3793,2188552121,16,15.597501057834915,17.603109776977753,0.9761305105435292,0.0037287973169917834
3794,3660814763,18,18.570106064546607,15.101008741411965,0.9761305105435292,0.0037287973169917834
3795,2953280418,15,14.950541306119552,16.718125635024393,0.9761305105435292,0.0037287973169917834
3796,3993346726,15,14.144098920225023,18.518692215840336,0.9761305105435292,0.0037287973169917834
3797,1134436148,16,15.471795821781154,15.881280901728463,0.9761305105435292,0.0037287973169917834
3798,3364016788,12,11.923752117984248,16.337353281442898,0.9761305105435292,0.0037287973169917834
3799,1012341213,18,17.63154897092466,14.73880276848342,0.9761305105435292,0.0037287973169917834
3800,2299106351,13,12.665787327466376,15.650799461479414,0.9761305105435292,0.0037287973169917834
3801,1128835564,14,14.798388219357815,17.209535282920374,0.9761305105435292,0.0037287973169917834
3802,312124815,15,14.694587620121277,15.066844693258526,0.9761305105435292,0.0037287973169917834
3803,4263046033,18,17.156575233391774,18.36378455091366,0.9761305105435292,0.0037287973169917834
3804,4200917728,17,17.29884909434874,15.719066814681174,0.9761305105435292,0.0037287973169917834
3805,876158242,13,13.041231156025408,15.21726862865756,0.9761305105435292,0.0037287973169917834
3806,2585844055,15,15.335747022237447,16.60004065821547,0.9761305105435292,0.0037287973169917834
3807,816652877,13,13.159377898515828,14.68542789717246,0.9761305105435292,0.0037287973169917834
3808,1989266303,20,19.79707961721897,13.590834008252653,0.9761305105435292,0.0037287973169917834
3809,3624930448,9,8.704090961448493,14.41296603209519,0.9761305105435292,0.0037287973169917834
3810,2598713883,17,16.617733048054074,16.164936946485405,0.9761305105435292,0.0037287973169917834
3811,915157836,14,13.822301676186015,16.402403454732173,0.9761305105435292,0.0037287973169917834
3812,1706140679,14,13.64684326240201,16.23160910411543,0.9761305105435292,0.0037287973169917834
3813,203338923,15,14.412449389261027,14.93177163833676,0.9761305105435292,0.0037287973169917834
3814,2708978342,18,17.356035082051395,14.453581987964473,0.9761305105435292,0.0037287973169917834
3815,160041967,15,14.479496402758915,15.692207966408025,0.9761305105435292,0.0037287973169917834
3816,3006566945,13,13.058410899645414,16.97661050098437,0.9761305105435292,0.0037287973169917834
3817,4019687259,22,21.90525097880867,15.462908430794275,0.9761305105435292,0.0037287973169917834
3818,931690110,18,18.334344094885733,17.016607423901213,0.9761305105435292,0.0037287973169917834
3819,2508018861,18,18.15638556586635,15.380699302000114,0.9761305105435292,0.0037287973169917834
3820,106543638,14,13.483071316059831,15.807464555095013,0.9761305105435292,0.0037287973169917834
3821,305326856,12,12.166694934862374,18.935153268183516,0.9761305105435292,0.0037287973169917834
3822,73753972,13,12.546442392678289,15.781841050349325,0.9761305105435292,0.0037287973169917834
3823,2112138333,19,19.356787550318217,15.75480465240432,0.9761305105435292,0.0037287973169917834
3824,2009241170,16,15.697290528881117,15.413825738973049,0.9761305105435292,0.0037287973169917834
3825,3678961573,19,17.888267135249837,16.74149915732845,0.9761305105435292,0.0037287973169917834
3826,1342224893,14,13.557666670215003,17.719187186165264,0.9761305105435292,0.0037287973169917834
3827,2396210490,16,16.324292613066625,15.653981512863117,0.9761305105435292,0.0037287973169917834
3828,2357498958,12,11.051771257437565,14.550956745117876,0.9761305105435292,0.0037287973169917834
3829,935073074,16,15.511676496822407,16.023532292564465,0.9761305105435292,0.0037287973169917834
3830,3879971045,17,17.459976748344864,17.995829757312983,0.9761305105435292,0.0037287973169917834
3831,3942798342,12,13.161154120677594,16.56345370801771,0.9761305105435292,0.0037287973169917834
3832,1993077306,19,19.997511867494328,17.07243263795986,0.9761305105435292,0.0037287973169917834
3833,3359600500,19,18.518664429059182,15.960728826910739,0.9761305105435292,0.0037287973169917834
3834,3691676521,14,13.284002428696931,17.355620171070466,0.9761305105435292,0.0037287973169917834
3835,3066397500,16,16.209742383494973,16.704391171976958,0.9761305105435292,0.0037287973169917834
3836,3986876160,15,14.826766169136409,15.929348441693971,0.9761305105435292,0.0037287973169917834
3837,731663511,16,16.165953194054214,15.879081903087904,0.9761305105435292,0.0037287973169917834
3838,1136840597,16,16.114461255447853,15.995982561299348,0.9761305105435292,0.0037287973169917834
3839,1301898322,14,13.701037473956486,15.824463390754673,0.9761305105435292,0.0037287973169917834
3840,1993136644,15,14.941540140746852,12.985754237106756,0.9761305105435292,0.0037287973169917834
3841,3441754185,11,10.747602449251751,14.713524903664569,0.9761305105435292,0.0037287973169917834
3842,189267624,17,15.834631980489087,15.726260735961166,0.9761305105435292,0.0037287973169917834
3843,1603324000,13,13.009285343347676,13.736903611074268,0.9761305105435292,0.0037287973169917834
3844,3106085312,13,12.994648496628106,18.20395220962233,0.9761305105435292,0.0037287973169917834
3845,3113160492,17,17.27011320148781,16.80368545453446,0.9761305105435292,0.0037287973169917834
3846,1425250819,15,14.69470026258189,17.37941540681481,0.9761305105435292,0.0037287973169917834
3847,1121955676,19,19.095259251630967,15.74723195286619,0.9761305105435292,0.0037287973169917834
3848,4052115514,14,13.056210918536285,15.248991343839885,0.9761305105435292,0.0037287973169917834
3849,2597344351,16,14.662281493294213,15.22673990962329,0.9761305105435292,0.0037287973169917834
3850,1943771919,20,21.01206176174837,18.70104887019949,0.9761305105435292,0.0037287973169917834
3851,3962178162,14,13.810950043195206,17.223382177590427,0.9761305105435292,0.0037287973169917834
3852,3986033588,17,17.753695819186767,15.968776712470765,0.9761305105435292,0.0037287973169917834
3853,3767253626,17,16.862177752046343,17.567387179404218,0.9761305105435292,0.0037287973169917834
3854,1458336409,17,17.218243248932076,16.32433411266303,0.9761305105435292,0.0037287973169917834
3855,533034936,19,19.841202829570395,15.472831806810893,0.9761305105435292,0.0037287973169917834
3856,497781434,17,17.225978351968386,15.364666030416279,0.9761305105435292,0.0037287973169917834
3857,450437142,12,12.562261368089358,15.357782337131454,0.9761305105435292,0.0037287973169917834
3858,3742310151,19,18.7718621233233,17.36609260652438,0.9761305105435292,0.0037287973169917834
3859,1954824713,10,10.415909433804613,17.001172347345097,0.9761305105435292,0.0037287973169917834
3860,1616580383,16,15.525370528945563,15.672982764736602,0.9761305105435292,0.0037287973169917834
3861,2408337079,18,17.485427528727804,14.791581408516004,0.9761305105435292,0.0037287973169917834
3862,2104403778,18,18.50256926051445,15.867012496538337,0.9761305105435292,0.0037287973169917834
3863,1043151926,17,16.93030248660479,14.690054658001296,0.9761305105435292,0.0037287973169917834
3864,124712494,18,18.44766327929765,15.414448964863547,0.9761305105435292,0.0037287973169917834
3865,2769425639,14,13.911623188238327,14.79297879465933,0.9761305105435292,0.0037287973169917834
3866,1486361506,12,11.00427093108925,14.520342602089624,0.9761305105435292,0.0037287973169917834
3867,4268095585,19,18.90120899897266,16.068666258261327,0.9761305105435292,0.0037287973169917834
3868,2564712902,17,16.217598841060344,15.500180024591492,0.9761305105435292,0.0037287973169917834
3869,666687794,17,17.214737737971067,14.215914592895427,0.9761305105435292,0.0037287973169917834
3870,1879523064,16,15.984717734068067,16.138281466248877,0.9761305105435292,0.0037287973169917834
3871,4249416441,20,20.803201685764662,15.682807955810684,0.9761305105435292,0.0037287973169917834
3872,216661976,19,18.722070159487515,17.3702054678786,0.9761305105435292,0.0037287973169917834
3873,4191956702,21,21.106595270105696,17.7431307846698,0.9761305105435292,0.0037287973169917834
3874,879796184,16,15.998246474053158,18.231771890008467,0.9761305105435292,0.0037287973169917834
3875,3412874779,17,16.932066477769958,15.562240798751395,0.9761305105435292,0.0037287973169917834
3876,4185764554,20,20.688779012912782,17.785924241845823,0.9761305105435292,0.0037287973169917834
3877,645364365,18,17.62587580885026,17.52880394508346,0.9761305105435292,0.0037287973169917834
3878,2256533263,21,20.728934229227175,16.98987943467227,0.9761305105435292,0.0037287973169917834
3879,1695508032,13,12.085096652215459,15.7352462345827,0.9761305105435292,0.0037287973169917834
3880,3701255733,18,18.026790209680733,15.29330916670078,0.9761305105435292,0.0037287973169917834
3881,3603268825,16,15.58406927809104,14.474430768492883,0.9761305105435292,0.0037287973169917834
3882,2984455143,19,19.660165142674455,14.048803623314521,0.9761305105435292,0.0037287973169917834
3883,3963965561,15,14.206832706407576,17.60922539790072,0.9761305105435292,0.0037287973169917834
3884,3898957713,17,16.495587850943828,16.30295202820495,0.9761305105435292,0.0037287973169917834
3885,2889401367,14,14.328765574951712,15.784572071190913,0.9761305105435292,0.0037287973169917834
3886,170432429,14,14.478730848522977,17.85620167489453,0.9761305105435292,0.0037287973169917834
3887,1852848543,18,18.8715736779101,15.110201802226191,0.9761305105435292,0.0037287973169917834
3888,2946030665,17,17.764026690281746,14.594955641558812,0.9761305105435292,0.0037287973169917834
3889,2720834714,13,12.858482614112855,16.892052358383644,0.9761305105435292,0.0037287973169917834
3890,1061734758,16,16.924357424804313,15.590870013308034,0.9761305105435292,0.0037287973169917834
3891,375860430,16,16.727767529439575,17.131508435532105,0.9761305105435292,0.0037287973169917834
3892,3375333125,18,18.213937633451728,15.159852572341359,0.9761305105435292,0.0037287973169917834
3893,687353952,11,11.319616128595532,17.32748187680235,0.9761305105435292,0.0037287973169917834
3894,3179215527,23,22.269877760853564,15.645634651104817,0.9761305105435292,0.0037287973169917834
3895,1236138770,17,16.863395945411614,16.24179450114252,0.9761305105435292,0.0037287973169917834
3896,965752294,15,15.189320494186711,16.096879982558423,0.9761305105435292,0.0037287973169917834
3897,3632881484,16,14.888565337816607,16.359959476370292,0.9761305105435292,0.0037287973169917834
3898,3084861335,24,24.306970891170945,16.874587449096545,0.9761305105435292,0.0037287973169917834
3899,1525700628,13,13.61014291246137,15.214997603899025,0.9761305105435292,0.0037287973169917834
3900,483772169,15,15.110442452365955,14.386375286913415,0.9761305105435292,0.0037287973169917834
3901,2862381452,16,14.433295364447972,16.442950228341225,0.9761305105435292,0.0037287973169917834
3902,843121243,11,11.213306990086666,16.298918309485327,0.9761305105435292,0.0037287973169917834
3903,4156530817,18,17.89380977866498,15.427493092012423,0.9761305105435292,0.0037287973169917834
3904,3063653643,17,17.15478038224722,16.374711859855218,0.9761305105435292,0.0037287973169917834
3905,1096528488,14,13.930589392544604,15.762877728700625,0.9761305105435292,0.0037287973169917834
3906,726424284,16,15.802972261909545,15.172452968363277,0.9761305105435292,0.0037287973169917834
3907,1544899890,14,14.116923843209582,16.540687419565405,0.9761305105435292,0.0037287973169917834
3908,3365880955,17,17.459772450822797,18.734057256296776,0.9761305105435292,0.0037287973169917834
3909,890187893,15,14.485513436395468,15.991442212735283,0.9761305105435292,0.0037287973169917834
3910,966413348,13,11.828015833141048,15.871353452078768,0.9761305105435292,0.0037287973169917834
3911,2377697262,19,18.567829965856323,16.700568387280978,0.9761305105435292,0.0037287973169917834
3912,3527033999,15,15.524387061234302,14.25258296778917,0.9761305105435292,0.0037287973169917834
3913,1788516453,15,15.361305219149651,16.27530271355752,0.9761305105435292,0.0037287973169917834
3914,3284743815,16,16.327928054744994,13.681435549967276,0.9761305105435292,0.0037287973169917834
3915,2367570668,15,14.678514061850155,14.788108532138821,0.9761305105435292,0.0037287973169917834
3916,1271579430,15,16.108320002198738,16.87432291275457,0.9761305105435292,0.0037287973169917834
3917,4271334618,20,19.38037530754185,16.633905277397258,0.9761305105435292,0.0037287973169917834
3918,3743385216,16,16.037177190396175,17.196402180228926,0.9761305105435292,0.0037287973169917834
3919,1514366670,16,15.84081940001552,17.517438809670903,0.9761305105435292,0.0037287973169917834
3920,3229689814,13,12.58878452826465,15.127740199795943,0.9761305105435292,0.0037287973169917834
3921,635944793,20,19.867526854040214,16.592585393207656,0.9761305105435292,0.0037287973169917834
3922,3756334917,20,20.43963573118632,15.56573468439413,0.9761305105435292,0.0037287973169917834
3923,3043958197,20,19.547154236277173,15.862554494502882,0.9761305105435292,0.0037287973169917834
3924,1770783289,12,11.455624821088634,17.13741987621598,0.9761305105435292,0.0037287973169917834
3925,598268095,17,17.9564866111355,16.178659969827024,0.9761305105435292,0.0037287973169917834
3926,443072514,9,8.128445463924278,15.007510821565862,0.9761305105435292,0.0037287973169917834
3927,723849636,12,12.415347451950675,17.717480694932195,0.9761305105435292,0.0037287973169917834
3928,1088882841,12,10.604261208772304,13.000640587866664,0.9761305105435292,0.0037287973169917834
3929,808591466,10,10.059867748250962,15.67156481385874,0.9761305105435292,0.0037287973169917834
3930,3990021730,18,18.54241314309868,16.79248797314715,0.9761305105435292,0.0037287973169917834
3931,3147363019,19,19.211711777328652,14.836148224955224,0.9761305105435292,0.0037287973169917834
3932,588182631,16,15.485839517469355,15.680643915267831,0.9761305105435292,0.0037287973169917834
3933,2069514822,16,15.99097332611044,17.710010862671997,0.9761305105435292,0.0037287973169917834
3934,1532878858,15,15.391684179593971,14.435311345343308,0.9761305105435292,0.0037287973169917834
3935,592891324,17,17.0648702327296,16.47105613694007,0.9761305105435292,0.0037287973169917834
3936,2056113212,17,17.016790115410608,16.898313491389935,0.9761305105435292,0.0037287973169917834
3937,574334313,15,14.90603283643216,16.005049889844585,0.9761305105435292,0.0037287973169917834
3938,3703667448,18,17.29024700830204,16.43866654357597,0.9761305105435292,0.0037287973169917834
3939,3031251285,17,18.478278737935668,17.987418111285688,0.9761305105435292,0.0037287973169917834
3940,1799143934,19,19.610861209310396,16.117102181365652,0.9761305105435292,0.0037287973169917834
3941,693386854,15,15.152692274751525,16.288800445822364,0.9761305105435292,0.0037287973169917834
3942,2135733994,20,20.027472359618294,15.380355040469926,0.9761305105435292,0.0037287973169917834
3943,3695285079,16,16.377907108210827,16.665340643350593,0.9761305105435292,0.0037287973169917834
3944,2678103093,16,17.775564990404877,15.826453516866739,0.9761305105435292,0.0037287973169917834
3945,3144460489,17,16.714149943796173,14.684182850256287,0.9761305105435292,0.0037287973169917834
3946,1915707924,14,13.81408680885313,17.6256010327729,0.9761305105435292,0.0037287973169917834
3947,3621422048,17,17.29938756402856,16.10268452016467,0.9761305105435292,0.0037287973169917834
3948,2831153603,20,20.214880507191822,14.605631727243154,0.9761305105435292,0.0037287973169917834
3949,3307976168,17,18.425792758516923,15.093972814920207,0.9761305105435292,0.0037287973169917834
3950,2652188275,17,17.04089307915846,16.172623461428103,0.9761305105435292,0.0037287973169917834
3951,1535316221,16,16.509961465525578,18.18050946834066,0.9761305105435292,0.0037287973169917834
3952,3226846319,15,15.78920460136004,14.31245970660982,0.9761305105435292,0.0037287973169917834
3953,3788748368,16,17.081077453418352,17.252183489674202,0.9761305105435292,0.0037287973169917834
3954,2417354082,13,12.992869896583068,16.49357492530958,0.9761305105435292,0.0037287973169917834
3955,1696592289,17,16.188321650977368,16.17306812818187,0.9761305105435292,0.0037287973169917834
3956,2011782320,18,17.256084313052575,15.644584863559498,0.9761305105435292,0.0037287973169917834
3957,4058528042,16,15.126738278141403,15.936821229259289,0.9761305105435292,0.0037287973169917834
3958,698000013,14,13.570374677702796,15.757483162771374,0.9761305105435292,0.0037287973169917834
3959,2853936685,17,16.180271559612656,17.15032459862529,0.9761305105435292,0.0037287973169917834
3960,2801679675,21,21.037111589420125,17.959052133937934,0.9761305105435292,0.0037287973169917834
3961,2003074581,18,18.060428705928143,15.126242616227154,0.9761305105435292,0.0037287973169917834
3962,3959243857,18,17.774929660513912,18.91583771509709,0.9761305105435292,0.0037287973169917834
3963,2900366659,13,13.413623683672006,15.427060025753713,0.9761305105435292,0.0037287973169917834
3964,2837381586,14,14.589618936734206,16.747161017565276,0.9761305105435292,0.0037287973169917834
3965,2635289497,16,15.959841665798464,16.764070289031643,0.9761305105435292,0.0037287973169917834
3966,120170548,12,12.49875388488602,15.165261769938022,0.9761305105435292,0.0037287973169917834
3967,2811035923,13,13.634500162117433,15.931584522485304,0.9761305105435292,0.0037287973169917834
3968,743837518,15,14.98746731704309,15.64954121319065,0.9761305105435292,0.0037287973169917834
3969,3099049225,18,18.553797675149312,16.499838893880483,0.9761305105435292,0.0037287973169917834
3970,3966799805,19,19.24757919962234,15.710415962926811,0.9761305105435292,0.0037287973169917834
3971,72290148,13,13.22644011707913,18.34548689365932,0.9761305105435292,0.0037287973169917834
3972,3617187146,18,17.69591878524343,16.181409394204028,0.9761305105435292,0.0037287973169917834
3973,2003007324,20,20.6822852731396,15.77175058051483,0.9761305105435292,0.0037287973169917834
3974,951147233,15,16.231351448051416,15.98024858920515,0.9761305105435292,0.0037287973169917834
3975,4105851380,18,17.413293118139034,15.622733945270474,0.9761305105435292,0.0037287973169917834
3976,406474715,17,18.115691257785556,16.734309985091265,0.9761305105435292,0.0037287973169917834
3977,765623417,17,17.295322884785374,15.25858255243881,0.9761305105435292,0.0037287973169917834
3978,3445423948,20,19.376433187687784,16.50725436456964,0.9761305105435292,0.0037287973169917834
3979,557712023,13,14.08493714545125,14.791762592339785,0.9761305105435292,0.0037287973169917834
3980,2405752753,19,19.073808159101226,18.985725313075,0.9761305105435292,0.0037287973169917834
3981,1505274938,16,15.542244905106767,15.363171815311892,0.9761305105435292,0.0037287973169917834
3982,3198113970,19,19.177246445107638,15.795953764533285,0.9761305105435292,0.0037287973169917834
3983,3791620962,19,18.598912743230933,14.828705366032679,0.9761305105435292,0.0037287973169917834
3984,404418651,14,13.532959603328772,15.395287491513017,0.9761305105435292,0.0037287973169917834
3985,1299122946,14,13.64003718711426,15.953162560251894,0.9761305105435292,0.0037287973169917834
3986,3515265924,14,14.580770700263225,14.634842382071998,0.9761305105435292,0.0037287973169917834
3987,418201291,18,18.331895536499765,18.285610324193634,0.9761305105435292,0.0037287973169917834
3988,1921296891,17,16.49359851807393,12.658901669175966,0.9761305105435292,0.0037287973169917834
3989,3175613392,13,12.814572406715959,14.659659429950608,0.9761305105435292,0.0037287973169917834
3990,1131431772,14,13.631209857256755,16.561511150948487,0.9761305105435292,0.0037287973169917834
3991,892614695,14,13.825677661108037,15.351926813809072,0.9761305105435292,0.0037287973169917834
3992,2365310403,18,17.904100228741363,15.663214296998822,0.9761305105435292,0.0037287973169917834
3993,4125365656,16,16.166779452479883,14.935130619558006,0.9761305105435292,0.0037287973169917834
3994,4253946254,17,16.355462212673093,15.593754190425878,0.9761305105435292,0.0037287973169917834
3995,2580111639,15,15.915611275152312,16.68606971958344,0.9761305105435292,0.0037287973169917834
3996,578898884,11,11.351461046080347,16.01496216809736,0.9761305105435292,0.0037287973169917834
3997,415843463,12,11.588314074430354,16.45725882223399,0.9761305105435292,0.0037287973169917834
3998,1060266052,13,13.094085239455515,15.60212710585122,0.9761305105435292,0.0037287973169917834
3999,3712032633,18,17.95971157615539,13.556187182994924,0.9761305105435292,0.0037287973169917834
4000,3230311303,13,13.91978178044784,19.388615743548407,0.9761305105435292,0.0037287973169917834
4001,3909820405,19,19.690689936601583,15.776031001048299,0.9761305105435292,0.0037287973169917834
4002,3762304816,11,12.271038875685479,16.176122104385982,0.9761305105435292,0.0037287973169917834
4003,3321675431,21,20.148684678235693,17.071125791169692,0.9761305105435292,0.0037287973169917834
4004,168617698,13,13.479126297813362,15.028756782935679,0.9761305105435292,0.0037287973169917834
4005,2583638528,15,15.467883175843411,15.38266833803902,0.9761305105435292,0.0037287973169917834
4006,2464882595,18,17.741241501264717,14.479746336586274,0.9761305105435292,0.0037287973169917834
4007,1310912253,19,18.4439963166815,13.151715562425489,0.9761305105435292,0.0037287973169917834
4008,1742404668,20,19.823800653869732,15.740484836681073,0.9761305105435292,0.0037287973169917834
4009,358662385,12,12.313978466702448,15.010354498801338,0.9761305105435292,0.0037287973169917834
4010,1925307963,18,18.477265519461916,14.826548488621654,0.9761305105435292,0.0037287973169917834
4011,211162345,13,12.97763185313913,16.911964093100732,0.9761305105435292,0.0037287973169917834
4012,3782039504,17,17.06169653572603,16.20533173287316,0.9761305105435292,0.0037287973169917834
4013,3630758801,17,16.737764717948085,17.238557026037476,0.9761305105435292,0.0037287973169917834
4014,161894549,12,13.056865615807421,16.148318705713518,0.9761305105435292,0.0037287973169917834
4015,1504623066,19,18.28969698733988,14.938315535084168,0.9761305105435292,0.0037287973169917834
4016,2053589480,17,17.716835024053914,16.53546066520462,0.9761305105435292,0.0037287973169917834
4017,1937858912,12,11.790010501103405,16.532291415903394,0.9761305105435292,0.0037287973169917834
4018,2283305617,12,11.4988418050469,16.308769635652496,0.9761305105435292,0.0037287973169917834
4019,1716016971,15,14.796203025510275,16.805160737475113,0.9761305105435292,0.0037287973169917834
4020,2633463823,19,19.204953003664084,17.804500556202456,0.9761305105435292,0.0037287973169917834
4021,421942784,10,10.04946751598568,17.861466936761786,0.9761305105435292,0.0037287973169917834
4022,3443216445,17,16.642472791646043,17.37854816947395,0.9761305105435292,0.0037287973169917834
4023,476456830,17,16.845731103851513,19.042157184686925,0.9761305105435292,0.0037287973169917834
4024,3175732176,17,17.163685831851364,15.960861721364669,0.9761305105435292,0.0037287973169917834
4025,3390885713,16,16.357855638258716,14.126723342258577,0.9761305105435292,0.0037287973169917834
4026,2146568690,19,18.334949042948125,15.250589567725541,0.9761305105435292,0.0037287973169917834
4027,3621370117,18,18.30029893379778,15.709447311165093,0.9761305105435292,0.0037287973169917834
4028,2858138653,18,17.966760049151116,15.068432273389742,0.9761305105435292,0.0037287973169917834
4029,918667738,15,15.036386184677776,15.218944530779703,0.9761305105435292,0.0037287973169917834
4030,3687968881,18,17.942803697176508,15.959937482982557,0.9761305105435292,0.0037287973169917834
4031,1448030445,17,17.182180075320613,15.304355952231214,0.9761305105435292,0.0037287973169917834
4032,3538988704,15,15.595490865635224,15.453282684545806,0.9761305105435292,0.0037287973169917834
4033,2321976702,17,17.29439698547982,15.242155513802052,0.9761305105435292,0.0037287973169917834
4034,3462283947,17,15.90134578352916,14.801192923823725,0.9761305105435292,0.0037287973169917834
4035,2995026459,15,15.596398619079107,16.96306162548062,0.9761305105435292,0.0037287973169917834
4036,315806794,13,13.33251191061251,16.759588742257836,0.9761305105435292,0.0037287973169917834
4037,3473634787,19,18.54422050420215,16.520377735260706,0.9761305105435292,0.0037287973169917834
4038,400277303,22,22.100813706554796,14.92057330934241,0.9761305105435292,0.0037287973169917834
4039,3534204372,18,17.912975230537814,17.133429083060506,0.9761305105435292,0.0037287973169917834
4040,1824900689,15,16.08349566712917,15.42122199676189,0.9761305105435292,0.0037287973169917834
4041,3572923077,19,19.21335729800011,14.5884830309645,0.9761305105435292,0.0037287973169917834
4042,3445478707,19,19.96865621563607,15.601737027391323,0.9761305105435292,0.0037287973169917834
4043,3942080482,22,23.66426721314148,15.42614913446295,0.9761305105435292,0.0037287973169917834
4044,712265684,16,16.761406792685342,16.751314052712722,0.9761305105435292,0.0037287973169917834
4045,3090444506,15,14.547434917659363,17.62504579793767,0.9761305105435292,0.0037287973169917834
4046,754439405,20,19.087167051893722,17.110934738083643,0.9761305105435292,0.0037287973169917834
4047,1778356419,18,16.457943245718326,16.547937163291586,0.9761305105435292,0.0037287973169917834
4048,3140387638,17,16.756628376761643,16.519994766303796,0.9761305105435292,0.0037287973169917834
4049,2610944971,22,21.981093517611416,14.82954712057628,0.9761305105435292,0.0037287973169917834
4050,261152893,15,14.8720773917077,16.831090604063778,0.9761305105435292,0.0037287973169917834
4051,110830499,14,14.65412777479342,15.832419339274542,0.9761305105435292,0.0037287973169917834
4052,4278944394,16,16.703013508767235,14.630322831039456,0.9761305105435292,0.0037287973169917834
4053,226073310,18,17.628525641904776,17.194037639889483,0.9761305105435292,0.0037287973169917834
4054,3858241309,18,18.419716086868412,16.301259607656263,0.9761305105435292,0.0037287973169917834
4055,2947449691,19,18.91614008211921,15.851781699227269,0.9761305105435292,0.0037287973169917834
4056,290074112,9,9.47881539220759,15.01103060201456,0.9761305105435292,0.0037287973169917834
4057,1554144162,15,15.78059823443569,14.598814392835314,0.9761305105435292,0.0037287973169917834
4058,1192046932,13,13.629168375374203,15.012617034390834,0.9761305105435292,0.0037287973169917834
4059,2306302537,15,15.042866925881054,17.484196545484103,0.9761305105435292,0.0037287973169917834
4060,254699025,14,14.661140590846609,15.595263207651858,0.9761305105435292,0.0037287973169917834
4061,261508964,16,16.58346537669016,17.788621855557697,0.9761305105435292,0.0037287973169917834
4062,1903242968,16,15.531492495023503,15.62827489550103,0.9761305105435292,0.0037287973169917834
4063,3715568947,19,18.379476418697635,14.081320354941568,0.9761305105435292,0.0037287973169917834
4064,867895556,13,13.661770089563174,14.461074094329987,0.9761305105435292,0.0037287973169917834
4065,1789060810,16,15.576534023014787,16.350314182949738,0.9761305105435292,0.0037287973169917834
4066,1044809800,12,12.772007033265055,15.791604561439442,0.9761305105435292,0.0037287973169917834
4067,2127612931,15,16.16454772135878,17.200208742762605,0.9761305105435292,0.0037287973169917834
4068,920464449,15,15.007910966098773,17.82406536676067,0.9761305105435292,0.0037287973169917834
4069,682331550,16,16.032900546126253,14.08126321286845,0.9761305105435292,0.0037287973169917834
4070,3595384087,17,18.150196905070803,17.94480260810057,0.9761305105435292,0.0037287973169917834
4071,4165258151,17,16.270811995524262,16.223789014056518,0.9761305105435292,0.0037287973169917834
4072,866832130,15,13.266944829202018,15.849663674176563,0.9761305105435292,0.0037287973169917834
4073,3634118898,14,14.613501438191154,13.88892032825106,0.9761305105435292,0.0037287973169917834
4074,1780710537,15,14.307227115651221,15.693789447265834,0.9761305105435292,0.0037287973169917834
4075,2670035955,18,16.983896907296177,15.320172926709157,0.9761305105435292,0.0037287973169917834
4076,1253376418,12,12.231569547996044,15.849844643649282,0.9761305105435292,0.0037287973169917834
4077,3871871627,14,13.211391812786427,13.950329513684284,0.9761305105435292,0.0037287973169917834
4078,4062661675,16,15.845463328244795,16.293715205313955,0.9761305105435292,0.0037287973169917834
4079,1577118134,15,15.444080353704583,15.508113169608148,0.9761305105435292,0.0037287973169917834
4080,3987938417,18,17.84310840840893,16.883167890993104,0.9761305105435292,0.0037287973169917834
4081,855216133,13,13.02857785749928,15.419323348352439,0.9761305105435292,0.0037287973169917834
4082,1424532723,16,16.757068377763023,15.066820433885491,0.9761305105435292,0.0037287973169917834
4083,4229918711,24,23.016073500587005,14.642833654202832,0.9761305105435292,0.0037287973169917834
4084,4044247781,16,15.46837332923873,17.149430580261942,0.9761305105435292,0.0037287973169917834
4085,761615439,16,16.253972029017483,15.080740164143396,0.9761305105435292,0.0037287973169917834
4086,214527334,15,14.506124445107185,15.417163641387372,0.9761305105435292,0.0037287973169917834
4087,3105977467,17,17.65178697965667,14.795341717049315,0.9761305105435292,0.0037287973169917834
4088,433944831,21,21.381726343701708,16.76220456565346,0.9761305105435292,0.0037287973169917834
4089,591959677,15,15.797093379073804,14.23940229061418,0.9761305105435292,0.0037287973169917834
4090,311282340,13,13.445695673873434,17.871818061137084,0.9761305105435292,0.0037287973169917834
4091,1922104303,20,19.597911149114555,14.153252994774974,0.9761305105435292,0.0037287973169917834
4092,3179738351,21,20.321505327037183,15.206659452681077,0.9761305105435292,0.0037287973169917834
4093,3250134006,18,18.179445569672538,16.480112965861014,0.9761305105435292,0.0037287973169917834
4094,2272072143,17,16.394212393254655,16.501988737587865,0.9761305105435292,0.0037287973169917834
4095,2112986391,20,19.660541274000217,15.240634725671404,0.9761305105435292,0.0037287973169917834
4096,967572688,18,19.30314630644215,16.202119987021828,0.9761305105435292,0.0037287973169917834
4097,4191166417,18,17.677981749929117,16.441609834465417,0.9761305105435292,0.0037287973169917834
4098,4277853839,24,23.998857467707428,15.669837065592128,0.9761305105435292,0.0037287973169917834
4099,3175231270,16,15.759785718831722,16.41710657620046,0.9761305105435292,0.0037287973169917834
4100,3119431995,19,18.819933521631828,16.225081367619087,0.9761305105435292,0.0037287973169917834
4101,548486994,14,13.724851249738695,16.40899023044088,0.9761305105435292,0.0037287973169917834
4102,1181871023,19,20.045426034938625,15.55515095822883,0.9761305105435292,0.0037287973169917834
4103,3607865174,18,18.480359184393564,15.070093512043869,0.9761305105435292,0.0037287973169917834
4104,1133443576,18,19.248723475030612,15.347047270622536,0.9761305105435292,0.0037287973169917834
4105,1902610694,14,14.046850084184797,16.375693363303846,0.9761305105435292,0.0037287973169917834
4106,1207211260,18,18.565125595159213,16.79940715324936,0.9761305105435292,0.0037287973169917834
4107,1633269620,17,17.44192023331151,15.323831542695046,0.9761305105435292,0.0037287973169917834
4108,836522534,14,13.08685715125533,13.864538186341125,0.9761305105435292,0.0037287973169917834
4109,899494429,16,16.53726458556889,16.96949710804457,0.9761305105435292,0.0037287973169917834
4110,269169192,9,8.846310679289816,14.51591598092457,0.9761305105435292,0.0037287973169917834
4111,1909044507,17,16.55291358122251,15.55481875348438,0.9761305105435292,0.0037287973169917834
4112,4087182208,17,18.083488720996975,17.157360436947222,0.9761305105435292,0.0037287973169917834
4113,992836563,20,20.115075357681636,16.19713486816777,0.9761305105435292,0.0037287973169917834
4114,3837267366,15,15.852848572663476,14.874644349372677,0.9761305105435292,0.0037287973169917834
4115,439310577,16,15.518219868080816,15.610543569760424,0.9761305105435292,0.0037287973169917834
4116,2062966654,23,23.01891996049111,17.74553274954215,0.9761305105435292,0.0037287973169917834
4117,1347942793,16,15.45304168776442,16.260296546357733,0.9761305105435292,0.0037287973169917834
4118,2092520170,18,18.003065109960424,16.4576631160268,0.9761305105435292,0.0037287973169917834
4119,464024948,16,17.070366037733635,15.05764583846117,0.9761305105435292,0.0037287973169917834
4120,857474133,12,12.553137829944337,16.913081636768958,0.9761305105435292,0.0037287973169917834
4121,1797290080,12,11.98703409119764,16.217786585371076,0.9761305105435292,0.0037287973169917834
4122,1645402428,14,13.541646990554767,14.642880055352586,0.9761305105435292,0.0037287973169917834
4123,3638336279,18,17.818336904279423,15.809469465419856,0.9761305105435292,0.0037287973169917834
4124,3473900588,15,13.800888058414435,18.633442195862134,0.9761305105435292,0.0037287973169917834
4125,3791751781,12,11.907911447319252,15.141299068240077,0.9761305105435292,0.0037287973169917834
4126,3326802049,14,13.680743970069141,14.746202085497885,0.9761305105435292,0.0037287973169917834
4127,3983786707,19,19.144517200925417,16.534094219070038,0.9761305105435292,0.0037287973169917834
4128,960304050,16,16.84828914497448,15.979657903966427,0.9761305105435292,0.0037287973169917834
4129,2150314303,14,13.20547205092826,16.316387702854144,0.9761305105435292,0.0037287973169917834
4130,798120644,15,14.5184724661849,17.024350348894945,0.9761305105435292,0.0037287973169917834
4131,3970092720,16,16.876356987937854,16.83181734108639,0.9761305105435292,0.0037287973169917834
4132,516555121,13,13.798490321837795,15.880018266038377,0.9761305105435292,0.0037287973169917834
4133,623971710,15,14.729061542369143,17.119417211052983,0.9761305105435292,0.0037287973169917834
4134,2345620014,17,16.685025216267157,15.604488435658727,0.9761305105435292,0.0037287973169917834
4135,1086671525,12,12.232927159179946,14.401626191413708,0.9761305105435292,0.0037287973169917834
4136,2760707345,12,11.415224368230847,13.396198182409853,0.9761305105435292,0.0037287973169917834
4137,2200041477,12,11.84417377492206,17.232466781514837,0.9761305105435292,0.0037287973169917834
4138,4050957734,18,18.493747846224867,17.271941706149494,0.9761305105435292,0.0037287973169917834
4139,1244253815,17,15.690226370508137,16.023755557963124,0.9761305105435292,0.0037287973169917834
4140,3052759562,17,16.544718670407693,16.936741037018788,0.9761305105435292,0.0037287973169917834
4141,882405214,17,18.364814219431366,17.221399943620604,0.9761305105435292,0.0037287973169917834
4142,2273372772,13,12.578753491023528,17.308323573408597,0.9761305105435292,0.0037287973169917834
4143,1854119019,17,17.499844710291278,17.281958743404108,0.9761305105435292,0.0037287973169917834
4144,4064192612,16,15.31372688709391,16.111018617134924,0.9761305105435292,0.0037287973169917834
4145,311519382,12,11.8286843787792,16.275319220937053,0.9761305105435292,0.0037287973169917834
4146,4226241668,18,17.92626125747655,13.744348390773416,0.9761305105435292,0.0037287973169917834
4147,4125276604,20,19.45440996643071,15.581576539345102,0.9761305105435292,0.0037287973169917834
4148,68453598,11,11.496129609702326,14.746918797078877,0.9761305105435292,0.0037287973169917834
4149,3877060763,16,15.375620442202157,16.15385172796573,0.9761305105435292,0.0037287973169917834
4150,3614414912,16,16.668652677875922,14.799959350567997,0.9761305105435292,0.0037287973169917834
4151,1264157764,12,11.901123550867604,15.007363372615293,0.9761305105435292,0.0037287973169917834
4152,789985057,15,14.558760415324665,15.289999752114602,0.9761305105435292,0.0037287973169917834
4153,2232960809,12,12.642433294126155,16.640311778575658,0.9761305105435292,0.0037287973169917834
4154,3880435926,16,16.174049828998193,15.420810446960624,0.9761305105435292,0.0037287973169917834
4155,2412231494,19,18.62435527374004,16.435086499097668,0.9761305105435292,0.0037287973169917834
4156,903350493,15,15.246730675254934,17.889050292203997,0.9761305105435292,0.0037287973169917834
4157,994411834,15,14.310325155372663,14.910858613640846,0.9761305105435292,0.0037287973169917834
4158,277297380,12,11.859914652113886,18.013457223709093,0.9761305105435292,0.0037287973169917834
4159,2165961957,15,15.828559728616579,16.07224794687505,0.9761305105435292,0.0037287973169917834
4160,1026903032,18,16.85979735056428,15.885648283184446,0.9761305105435292,0.0037287973169917834
4161,4213281103,17,17.17674324915469,15.965870102704354,0.9761305105435292,0.0037287973169917834
4162,2341927986,17,16.41262121395694,16.187469331562383,0.9761305105435292,0.0037287973169917834
4163,3490051639,16,15.485885424247025,17.763659702777055,0.9761305105435292,0.0037287973169917834
4164,3616984894,21,21.096222427595542,16.74825262454988,0.9761305105435292,0.0037287973169917834
4165,1043777682,15,14.922627322133845,15.615069165649118,0.9761305105435292,0.0037287973169917834
4166,1689988445,18,17.86991351485559,16.84612690621929,0.9761305105435292,0.0037287973169917834
4167,2143236849,22,21.450635954649435,16.119688030580686,0.9761305105435292,0.0037287973169917834
4168,1859286542,17,15.733074929260534,14.592488025619721,0.9761305105435292,0.0037287973169917834
4169,2476027333,16,15.280126472317644,17.669920898775285,0.9761305105435292,0.0037287973169917834
4170,2294915946,14,12.782574983595278,14.82468188988571,0.9761305105435292,0.0037287973169917834
4171,1222451750,13,12.538357502656002,15.117759655672998,0.9761305105435292,0.0037287973169917834
4172,3747366008,17,17.34307485248544,16.113886403694767,0.9761305105435292,0.0037287973169917834
4173,1424906472,16,16.293957683559384,18.18671588099025,0.9761305105435292,0.0037287973169917834
4174,2281121577,18,18.31402795951582,15.178088847062279,0.9761305105435292,0.0037287973169917834
4175,4077435039,17,17.815226006871704,15.041093651272202,0.9761305105435292,0.0037287973169917834
4176,1062619998,19,18.596753951220233,16.430286426562112,0.9761305105435292,0.0037287973169917834
4177,815129721,15,14.925788417002327,15.07993306672038,0.9761305105435292,0.0037287973169917834
4178,463277796,16,16.274355204631252,13.803914960719055,0.9761305105435292,0.0037287973169917834
4179,2878015057,14,13.776306071767962,16.287965790138905,0.9761305105435292,0.0037287973169917834
4180,422906750,16,14.922363231468818,16.053892683535672,0.9761305105435292,0.0037287973169917834
4181,4176731842,20,20.43930467175818,15.669661666810175,0.9761305105435292,0.0037287973169917834
4182,2210051505,17,17.019809515237696,15.104088870084041,0.9761305105435292,0.0037287973169917834
4183,2762164677,14,13.851260761290263,17.099956888410127,0.9761305105435292,0.0037287973169917834
4184,4143912137,20,19.237289688801958,15.168619551447481,0.9761305105435292,0.0037287973169917834
4185,2300770478,15,14.32087981909253,13.817741483634057,0.9761305105435292,0.0037287973169917834
4186,735301977,17,16.70212487852699,16.809486003070898,0.9761305105435292,0.0037287973169917834
4187,2366921868,13,14.725597776326321,14.757250932713799,0.9761305105435292,0.0037287973169917834
4188,835667252,15,14.867887200523606,15.12417547651095,0.9761305105435292,0.0037287973169917834
4189,1486946888,9,9.521845713551416,16.945139206601077,0.9761305105435292,0.0037287973169917834
4190,3323406571,16,15.535472699017783,14.23502594591245,0.9761305105435292,0.0037287973169917834
4191,3563915130,17,17.15768647404972,15.507077350948515,0.9761305105435292,0.0037287973169917834
4192,1881552761,16,16.378392957412895,16.975667530079807,0.9761305105435292,0.0037287973169917834
4193,2887553283,12,12.617888415459092,16.74360030178753,0.9761305105435292,0.0037287973169917834
4194,612706811,15,14.526018081585045,14.21676888076046,0.9761305105435292,0.0037287973169917834
4195,4107667980,14,14.759092485132538,15.403993792190747,0.9761305105435292,0.0037287973169917834
4196,1918598488,18,18.326716510963582,17.028435064698865,0.9761305105435292,0.0037287973169917834
4197,3700335031,18,17.833259770647164,16.465242391489713,0.9761305105435292,0.0037287973169917834
4198,2867690309,19,18.535145034819305,14.974572479803488,0.9761305105435292,0.0037287973169917834
4199,3358750720,10,9.440057786531847,15.346364555890275,0.9761305105435292,0.0037287973169917834
4200,695029125,15,15.67655231804124,14.556087468692855,0.9761305105435292,0.0037287973169917834
4201,2332565095,14,14.40134767541592,15.72796327434889,0.9761305105435292,0.0037287973169917834
4202,1379932104,11,10.878121249302728,17.328862113689393,0.9761305105435292,0.0037287973169917834
4203,2057089581,17,17.67644882936343,16.627262332749485,0.9761305105435292,0.0037287973169917834
4204,2371903718,13,13.140535579861671,16.73900772781419,0.9761305105435292,0.0037287973169917834
4205,1327225845,21,21.259314776755026,16.641792219011844,0.9761305105435292,0.0037287973169917834
4206,4047241544,12,11.428744377010315,14.66721834285921,0.9761305105435292,0.0037287973169917834
4207,602342848,13,12.970245129497854,14.349081299628045,0.9761305105435292,0.0037287973169917834
4208,308875688,11,10.51786733738045,15.921276904531467,0.9761305105435292,0.0037287973169917834
4209,687184098,15,15.343086183543534,14.922011882945167,0.9761305105435292,0.0037287973169917834
4210,1968077589,18,16.7154884839213,15.568386460529016,0.9761305105435292,0.0037287973169917834
4211,220786314,14,13.109090793134474,16.955638036681727,0.9761305105435292,0.0037287973169917834
4212,4106444117,18,19.01730418566625,15.140931563244369,0.9761305105435292,0.0037287973169917834
4213,1442265100,16,16.993127370985526,15.924992209801193,0.9761305105435292,0.0037287973169917834
4214,4069520121,21,20.942042586583884,16.36800193287355,0.9761305105435292,0.0037287973169917834
4215,2938649983,20,20.205943185758073,15.391813116118325,0.9761305105435292,0.0037287973169917834
4216,2687268827,17,16.626848294624107,14.323740808939224,0.9761305105435292,0.0037287973169917834
4217,376246999,16,15.263016731586543,17.941991326190056,0.9761305105435292,0.0037287973169917834
4218,631515985,13,11.697646013843462,18.215887996894903,0.9761305105435292,0.0037287973169917834
4219,1396379747,14,15.0022939680261,17.42393746345922,0.9761305105435292,0.0037287973169917834
4220,97813121,10,11.239086280919565,17.507256805277372,0.9761305105435292,0.0037287973169917834
4221,3226657840,11,10.511824963391188,14.164178655095412,0.9761305105435292,0.0037287973169917834
4222,2676571896,19,18.825043166636,16.155165898709487,0.9761305105435292,0.0037287973169917834
4223,2815838377,16,16.212929193547534,15.089860738348595,0.9761305105435292,0.0037287973169917834
4224,327764801,12,12.495594423103013,16.463892086260522,0.9761305105435292,0.0037287973169917834
4225,4115817734,15,14.629021430310388,15.687420082937507,0.9761305105435292,0.0037287973169917834
4226,1477694519,15,15.216221020614693,16.25725345059495,0.9761305105435292,0.0037287973169917834
4227,3465198912,15,14.696098794901218,16.540894377114217,0.9761305105435292,0.0037287973169917834
4228,2240285224,9,9.530950455204913,17.405336627945125,0.9761305105435292,0.0037287973169917834
4229,2439719193,14,13.716466568527505,15.265150116311725,0.9761305105435292,0.0037287973169917834
4230,985225779,17,16.926968868105114,16.327715781083096,0.9761305105435292,0.0037287973169917834
4231,838793050,21,22.09247806545505,16.91442699528418,0.9761305105435292,0.0037287973169917834
4232,50639724,12,12.184340985876025,15.792064330346122,0.9761305105435292,0.0037287973169917834
4233,1579513171,17,17.265782524757437,16.168326428544212,0.9761305105435292,0.0037287973169917834
4234,2551374225,12,13.01635433205912,15.592832461472568,0.9761305105435292,0.0037287973169917834
4235,4266393,9,7.570040327359304,15.471802029152935,0.9761305105435292,0.0037287973169917834
4236,4068347405,17,17.04530864830002,17.088104393842137,0.9761305105435292,0.0037287973169917834
4237,205711138,12,10.951601711193362,16.245130919337786,0.9761305105435292,0.0037287973169917834
4238,3956991835,22,22.508179102556397,15.885417926820617,0.9761305105435292,0.0037287973169917834
4239,1860501762,12,11.370939319536408,14.434590878571356,0.9761305105435292,0.0037287973169917834
4240,3785530353,17,16.760169851166182,17.66570925854529,0.9761305105435292,0.0037287973169917834
4241,2133965748,20,20.784656955777557,15.158684048596479,0.9761305105435292,0.0037287973169917834
4242,4019854577,19,18.746721444892636,17.2277441719658,0.9761305105435292,0.0037287973169917834
4243,1828135861,19,18.69929494608331,14.292161227631595,0.9761305105435292,0.0037287973169917834
4244,2414976909,20,20.6307538930293,15.856415405637927,0.9761305105435292,0.0037287973169917834
4245,2642561886,16,16.827882581644626,16.899444275723145,0.9761305105435292,0.0037287973169917834
4246,1366991779,16,15.522818057122018,15.15777584806617,0.9761305105435292,0.0037287973169917834
4247,511830757,16,16.943335561774646,16.677243763707487,0.9761305105435292,0.0037287973169917834
4248,3187083898,20,19.726466310852153,15.101258296686916,0.9761305105435292,0.0037287973169917834
4249,3348892365,16,16.86715118878041,16.00399344309684,0.9761305105435292,0.0037287973169917834
4250,3892531628,13,13.105902525503518,14.241557128185539,0.9761305105435292,0.0037287973169917834
4251,3991596371,21,21.440736130244453,16.83790601765046,0.9761305105435292,0.0037287973169917834
4252,3910380792,17,17.077240421214373,15.875705970044214,0.9761305105435292,0.0037287973169917834
4253,1316441367,18,18.012664569078275,15.745559863674908,0.9761305105435292,0.0037287973169917834
4254,2025589707,17,17.226880226530504,16.655260886556206,0.9761305105435292,0.0037287973169917834
4255,2469129844,18,17.44505180606645,17.958049910789864,0.9761305105435292,0.0037287973169917834
4256,2423451655,13,13.581110565799548,15.231462824430707,0.9761305105435292,0.0037287973169917834
4257,1450236228,14,14.860262156143154,16.40161409602408,0.9761305105435292,0.0037287973169917834
4258,2629457893,19,20.10310146178131,16.40576022651254,0.9761305105435292,0.0037287973169917834
4259,1221810353,14,15.20933060224445,15.044942563570046,0.9761305105435292,0.0037287973169917834
4260,1479529660,17,16.141173709059554,15.86072652381157,0.9761305105435292,0.0037287973169917834
4261,3092055546,16,16.190048065293386,15.766807340919229,0.9761305105435292,0.0037287973169917834
4262,3433594208,15,14.92910237038546,14.662645078712805,0.9761305105435292,0.0037287973169917834
4263,167882384,10,9.224473132172966,17.4930048235602,0.9761305105435292,0.0037287973169917834
4264,2222579718,12,12.623858233892964,16.469577937396853,0.9761305105435292,0.0037287973169917834
4265,455733740,17,16.778120754429246,17.18890677410755,0.9761305105435292,0.0037287973169917834
4266,223726450,16,16.440348167381934,15.419956646929103,0.9761305105435292,0.0037287973169917834
4267,3704237518,18,17.642282836263426,17.299586511487647,0.9761305105435292,0.0037287973169917834
4268,1640725231,20,19.908322006183177,16.347055048176554,0.9761305105435292,0.0037287973169917834
4269,1849533318,17,16.187077077857865,16.28659825272687,0.9761305105435292,0.0037287973169917834
4270,851371096,16,16.048852658699765,17.984049868164355,0.9761305105435292,0.0037287973169917834
4271,2984463087,19,19.848193516033223,15.524219291258092,0.9761305105435292,0.0037287973169917834
4272,3406565712,11,9.9770418617285,16.972382263533493,0.9761305105435292,0.0037287973169917834
4273,2512240903,16,15.11491435068966,18.22999622515012,0.9761305105435292,0.0037287973169917834
4274,1382640334,16,16.407263637162295,15.870536577990885,0.9761305105435292,0.0037287973169917834
4275,2081436862,15,15.278234557646773,16.978994267383005,0.9761305105435292,0.0037287973169917834
4276,1545174646,18,18.587573836705168,18.450355091305795,0.9761305105435292,0.0037287973169917834
4277,2168732237,12,11.414492741927575,16.971261600002194,0.9761305105435292,0.0037287973169917834
4278,2257815290,16,15.830320070466353,16.179726152002054,0.9761305105435292,0.0037287973169917834
4279,1177969770,14,14.425248627147038,15.56929557917733,0.9761305105435292,0.0037287973169917834
4280,3849218071,17,18.448063288315836,16.12785103532226,0.9761305105435292,0.0037287973169917834
4281,2560886986,11,10.768662591902117,13.234258373325838,0.9761305105435292,0.0037287973169917834
4282,4191210852,17,16.649530099709747,16.154007440487675,0.9761305105435292,0.0037287973169917834
4283,2283849350,10,9.462340041675256,16.12178629100262,0.9761305105435292,0.0037287973169917834
4284,243589127,11,11.455686984783648,15.326353630808157,0.9761305105435292,0.0037287973169917834
4285,4100249002,17,16.317892146115234,17.167463034493714,0.9761305105435292,0.0037287973169917834
4286,3569255541,17,16.274690909471502,16.95586153260556,0.9761305105435292,0.0037287973169917834
4287,73188747,13,13.44675995458995,17.704316292402957,0.9761305105435292,0.0037287973169917834
4288,533360059,20,20.255969063180977,17.11679809175149,0.9761305105435292,0.0037287973169917834
4289,3463564466,17,16.531055544999674,16.80170092823777,0.9761305105435292,0.0037287973169917834
4290,3030692498,14,16.540534375461505,17.513274422047722,0.9761305105435292,0.0037287973169917834
4291,2834036337,19,18.541108873193462,15.405417722525376,0.9761305105435292,0.0037287973169917834
4292,1881911592,13,13.796839272464004,18.662588679026676,0.9761305105435292,0.0037287973169917834
4293,2855179437,16,16.376785991246212,15.279141622693066,0.9761305105435292,0.0037287973169917834
4294,3335556474,16,14.986324242755051,16.14548116500449,0.9761305105435292,0.0037287973169917834
4295,938865738,19,18.98148722281511,16.247218515484203,0.9761305105435292,0.0037287973169917834
4296,3600656924,17,16.84151967837193,17.32527597968427,0.9761305105435292,0.0037287973169917834
4297,610006128,15,15.662231866514926,16.06493144860718,0.9761305105435292,0.0037287973169917834
4298,3654987686,20,19.881660205934377,17.160046512211228,0.9761305105435292,0.0037287973169917834
4299,2506394808,14,14.365480609063464,15.696590896119583,0.9761305105435292,0.0037287973169917834
4300,4070996734,21,20.41904348577078,16.760726266485324,0.9761305105435292,0.0037287973169917834
4301,1640090859,16,15.413285440465955,16.224609478379744,0.9761305105435292,0.0037287973169917834
4302,3711227195,19,19.55710934212553,15.105308273926738,0.9761305105435292,0.0037287973169917834
4303,1469583160,15,14.545084094333117,15.767771955350685,0.9761305105435292,0.0037287973169917834
4304,3389420910,16,16.354653420588953,17.044834606501414,0.9761305105435292,0.0037287973169917834
4305,328922140,15,14.781613833124151,17.60547963991882,0.9761305105435292,0.0037287973169917834
4306,1592413300,17,17.03642568365425,15.630059819236285,0.9761305105435292,0.0037287973169917834
4307,4206889765,14,14.751129929288174,17.175840050124368,0.9761305105435292,0.0037287973169917834
4308,4169317393,14,14.42446627644107,14.528776795166985,0.9761305105435292,0.0037287973169917834
4309,2027098503,15,14.766011172751726,16.620891038842228,0.9761305105435292,0.0037287973169917834
4310,3876163819,16,16.94878383938303,14.268856719523152,0.9761305105435292,0.0037287973169917834
4311,1490338810,17,17.024377604917426,18.11725110577752,0.9761305105435292,0.0037287973169917834
4312,3305820640,13,12.068897759044544,16.26166276430027,0.9761305105435292,0.0037287973169917834
4313,2711241355,13,13.440053834930072,16.81118206291675,0.9761305105435292,0.0037287973169917834
4314,744295893,16,16.867909465845166,15.246812957774713,0.9761305105435292,0.0037287973169917834
4315,1456432614,19,19.14877423373064,18.00494985303238,0.9761305105435292,0.0037287973169917834
4316,1572818522,20,19.95679274036605,15.344323054285354,0.9761305105435292,0.0037287973169917834
4317,4192055933,22,21.784839844539555,15.63793697109627,0.9761305105435292,0.0037287973169917834
4318,996187875,17,16.500188257459794,14.403723095669037,0.9761305105435292,0.0037287973169917834
4319,1072209705,19,18.34217836528948,17.135557732840873,0.9761305105435292,0.0037287973169917834
4320,4161969198,15,14.07414030949667,15.322731856993638,0.9761305105435292,0.0037287973169917834
4321,2019896999,17,16.825542595822316,16.519835708310975,0.9761305105435292,0.0037287973169917834
4322,465869219,15,15.542271611884027,16.59587421005046,0.9761305105435292,0.0037287973169917834
4323,3930013492,20,20.051724510264535,15.443742613557987,0.9761305105435292,0.0037287973169917834
4324,3914191088,16,16.40425502792625,17.099442654804598,0.9761305105435292,0.0037287973169917834
4325,1156860065,12,11.730312792727856,15.208061905347076,0.9761305105435292,0.0037287973169917834
4326,2332389198,16,15.66042336566658,15.845896329983784,0.9761305105435292,0.0037287973169917834
4327,608383897,13,12.222154253080946,16.438331370792735,0.9761305105435292,0.0037287973169917834
4328,3189945150,18,18.329094936190298,17.20144077923971,0.9761305105435292,0.0037287973169917834
4329,980992837,15,15.608246722570476,15.035849726222931,0.9761305105435292,0.0037287973169917834
4330,619852534,16,16.45688357075918,14.707654646085022,0.9761305105435292,0.0037287973169917834
4331,477704413,16,16.42977017622676,15.825872149923061,0.9761305105435292,0.0037287973169917834
4332,1218384458,13,13.65751030518373,14.800600119075224,0.9761305105435292,0.0037287973169917834
4333,783027372,14,15.62862740499995,17.08627631647558,0.9761305105435292,0.0037287973169917834
4334,1087371121,18,17.338092531755727,15.809007923364408,0.9761305105435292,0.0037287973169917834
4335,2737142697,17,17.61181098402759,16.351330959315522,0.9761305105435292,0.0037287973169917834
4336,2697185464,13,12.526632460778455,14.346828092853025,0.9761305105435292,0.0037287973169917834
4337,2320590617,14,13.34372272410296,14.341166978777782,0.9761305105435292,0.0037287973169917834
4338,2763294164,14,14.417448880256725,14.016880732590243,0.9761305105435292,0.0037287973169917834
4339,254087653,14,14.960207720840287,13.64802534052134,0.9761305105435292,0.0037287973169917834
4340,3062728731,15,14.544219401493459,17.559713790830394,0.9761305105435292,0.0037287973169917834
4341,420997474,15,14.795505830841302,15.951395346812513,0.9761305105435292,0.0037287973169917834
4342,1244262555,15,15.691437790892241,15.909538832374102,0.9761305105435292,0.0037287973169917834
4343,119401327,19,19.22336395896377,14.760671123333946,0.9761305105435292,0.0037287973169917834
4344,1691481634,15,15.644014479094306,18.432568418666108,0.9761305105435292,0.0037287973169917834
4345,4231678986,15,14.100360538804633,16.08276518589082,0.9761305105435292,0.0037287973169917834
4346,1525436684,14,13.699628217648051,16.07043013592396,0.9761305105435292,0.0037287973169917834
4347,220275166,13,12.639237793597559,16.277131252422713,0.9761305105435292,0.0037287973169917834
4348,4090179746,16,16.28254643040568,14.38655464456699,0.9761305105435292,0.0037287973169917834
4349,701875292,15,16.73395650175963,13.96988193625138,0.9761305105435292,0.0037287973169917834
4350,4093333759,23,23.246096616886526,15.93165745486038,0.9761305105435292,0.0037287973169917834
4351,343869263,17,16.800627271812765,17.299005080836793,0.9761305105435292,0.0037287973169917834
4352,2173238378,14,14.568588857504253,17.799014399925824,0.9761305105435292,0.0037287973169917834
4353,2421249944,13,13.076637459995272,15.710912611432878,0.9761305105435292,0.0037287973169917834
4354,1317601161,17,16.82199620946969,14.568353367456131,0.9761305105435292,0.0037287973169917834
4355,2606085869,20,19.714159297744803,15.878724652777771,0.9761305105435292,0.0037287973169917834
4356,3241918564,13,13.60359044089572,16.96452195233949,0.9761305105435292,0.0037287973169917834
4357,1869275501,19,18.24913100066033,16.451929916785573,0.9761305105435292,0.0037287973169917834
4358,1453599837,15,15.824870041372517,15.911955166457181,0.9761305105435292,0.0037287973169917834
4359,2199094570,12,12.98492969715598,15.234218739597528,0.9761305105435292,0.0037287973169917834
4360,4194701315,11,10.794516467196916,16.235488732272195,0.9761305105435292,0.0037287973169917834
4361,2183869244,14,13.935326443782992,14.60336850682462,0.9761305105435292,0.0037287973169917834
4362,3889111573,17,16.954679895639543,18.035797330035802,0.9761305105435292,0.0037287973169917834
4363,441730311,12,12.335578852406538,13.616683473231443,0.9761305105435292,0.0037287973169917834
4364,2558840786,15,15.785047302795936,16.230370542842177,0.9761305105435292,0.0037287973169917834
4365,815464508,11,10.408354039245657,17.387496419028103,0.9761305105435292,0.0037287973169917834
4366,3267209104,16,15.977352685067235,16.601005401402407,0.9761305105435292,0.0037287973169917834
4367,2150867739,13,12.590120978930198,18.18672496556075,0.9761305105435292,0.0037287973169917834
4368,3699681476,13,13.525477505181954,16.91711627431262,0.9761305105435292,0.0037287973169917834
4369,4087809311,18,17.410088635192324,15.946703610531092,0.9761305105435292,0.0037287973169917834
4370,2811139232,14,13.921783587713767,16.010467273936534,0.9761305105435292,0.0037287973169917834
4371,3524628476,18,18.30017190896448,16.786060416774056,0.9761305105435292,0.0037287973169917834
4372,1602950468,15,15.409981737966254,15.899737959805046,0.9761305105435292,0.0037287973169917834
4373,2929827366,16,15.94729873354114,15.950428890617507,0.9761305105435292,0.0037287973169917834
4374,1820072763,18,17.563337274426125,15.713594810969568,0.9761305105435292,0.0037287973169917834
4375,9695853,14,14.33280966015215,17.03036746270329,0.9761305105435292,0.0037287973169917834
4376,3093773624,17,17.13866026061972,16.416542702147094,0.9761305105435292,0.0037287973169917834
4377,4150224351,24,24.22581146814432,15.802844014997628,0.9761305105435292,0.0037287973169917834
4378,3579114134,17,16.469570365751416,16.592510696520318,0.9761305105435292,0.0037287973169917834
4379,347084294,10,10.879480119004855,15.888853994445409,0.9761305105435292,0.0037287973169917834
4380,1591128938,19,18.182022209516507,16.291692299838882,0.9761305105435292,0.0037287973169917834
4381,3258152800,15,15.266694022499227,16.815299671089726,0.9761305105435292,0.0037287973169917834
4382,2179772636,15,15.08182483114832,18.939335544615087,0.9761305105435292,0.0037287973169917834
4383,3659612851,14,13.405946072806355,17.79112622163881,0.9761305105435292,0.0037287973169917834
4384,687174820,15,13.382111215473213,15.693824493460252,0.9761305105435292,0.0037287973169917834
4385,978035389,17,17.72698964247937,16.267550337966274,0.9761305105435292,0.0037287973169917834
4386,1785969225,17,18.004752815697408,16.413809394244304,0.9761305105435292,0.0037287973169917834
4387,1941076873,18,17.041808342766057,15.714809932897131,0.9761305105435292,0.0037287973169917834
4388,2758778257,17,16.255249160789212,16.50538892563996,0.9761305105435292,0.0037287973169917834
4389,1854000387,14,12.997223229274278,16.07723862495017,0.9761305105435292,0.0037287973169917834
4390,182761243,16,16.627494284804346,16.245975313673434,0.9761305105435292,0.0037287973169917834
4391,1829994664,12,11.874733700134353,15.308893010256918,0.9761305105435292,0.0037287973169917834
4392,1300966247,17,17.38533503824388,17.393334441071893,0.9761305105435292,0.0037287973169917834
4393,2993250936,15,15.333514457838266,16.276474018853563,0.9761305105435292,0.0037287973169917834
4394,2651145168,13,13.133045126649012,16.964950853420458,0.9761305105435292,0.0037287973169917834
4395,382500541,19,19.4703493211802,14.421376235943418,0.9761305105435292,0.0037287973169917834
4396,635465575,17,16.696954808199997,15.230602862643423,0.9761305105435292,0.0037287973169917834
4397,1979963711,18,18.03240895354157,14.98204206220212,0.9761305105435292,0.0037287973169917834
4398,1950124846,16,16.76212386876136,16.26901037831491,0.9761305105435292,0.0037287973169917834
4399,2881298699,16,15.807216939676547,15.681959288859849,0.9761305105435292,0.0037287973169917834
4400,2545755218,16,15.830701544963361,16.24758751283907,0.9761305105435292,0.0037287973169917834
4401,552427361,16,15.829731853976167,17.15999241742093,0.9761305105435292,0.0037287973169917834
4402,280130091,13,13.785673133717172,15.75292955792995,0.9761305105435292,0.0037287973169917834
4403,4229316319,21,21.62092513400031,14.797060077138102,0.9761305105435292,0.0037287973169917834
4404,406097873,14,14.792898047870565,14.40595003162667,0.9761305105435292,0.0037287973169917834
4405,2559022406,14,14.574069806493771,15.411627720635384,0.9761305105435292,0.0037287973169917834
4406,2479978210,17,17.56597607548599,15.88788625200614,0.9761305105435292,0.0037287973169917834
4407,3848497292,15,15.240537765279973,15.191024859836073,0.9761305105435292,0.0037287973169917834
4408,83985644,10,10.44331068528202,14.984141034377648,0.9761305105435292,0.0037287973169917834
4409,1306791441,13,12.108284801513998,14.742215170940465,0.9761305105435292,0.0037287973169917834
4410,1030030094,14,14.627859085296029,16.166087442930777,0.9761305105435292,0.0037287973169917834
4411,3816868345,16,15.520499211110401,13.175860129104384,0.9761305105435292,0.0037287973169917834
4412,2526698009,15,14.947334362658427,15.371097999498678,0.9761305105435292,0.0037287973169917834
4413,3494341887,19,18.87443828314168,16.85716349922217,0.9761305105435292,0.0037287973169917834
4414,3183469052,23,23.633547735544443,18.13169678219226,0.9761305105435292,0.0037287973169917834
4415,3242042388,13,12.665648580462705,15.83695929282896,0.9761305105435292,0.0037287973169917834
4416,666572810,14,14.133016371524324,15.463078779493518,0.9761305105435292,0.0037287973169917834
4417,3903062427,13,12.698099334485784,16.824454293569644,0.9761305105435292,0.0037287973169917834
4418,2662747702,18,17.585963406070725,14.484746955043647,0.9761305105435292,0.0037287973169917834
4419,3382578797,17,17.495029868077417,15.353604692811047,0.9761305105435292,0.0037287973169917834
4420,3537801795,16,16.4080827840693,16.708159049822143,0.9761305105435292,0.0037287973169917834
4421,1969840519,16,16.01891895686545,14.803544987213069,0.9761305105435292,0.0037287973169917834
4422,890689323,17,16.53623625871677,15.84582523900836,0.9761305105435292,0.0037287973169917834
4423,2326425154,14,14.184023252342058,14.998199985301644,0.9761305105435292,0.0037287973169917834
4424,335360980,18,17.78889803049151,14.797823464226695,0.9761305105435292,0.0037287973169917834
4425,388005118,17,17.00750982086549,16.179810530212272,0.9761305105435292,0.0037287973169917834
4426,1818037827,15,14.58575279973692,15.02129391378124,0.9761305105435292,0.0037287973169917834
4427,1905759983,20,20.674864378505102,17.365957726477045,0.9761305105435292,0.0037287973169917834
4428,2518785833,15,14.305748671227676,16.334588004761123,0.9761305105435292,0.0037287973169917834
4429,199374798,17,18.100090465313112,15.584610528238713,0.9761305105435292,0.0037287973169917834
4430,3356843077,13,12.6765593616761,14.938288708945379,0.9761305105435292,0.0037287973169917834
4431,3515276915,18,18.05381277662729,17.454196281038623,0.9761305105435292,0.0037287973169917834
4432,4277411989,17,16.136665850261267,15.907501633945268,0.9761305105435292,0.0037287973169917834
4433,3227000662,14,13.558525295668241,14.69134814674884,0.9761305105435292,0.0037287973169917834
4434,1937948541,20,20.851957335481053,16.18763570367888,0.9761305105435292,0.0037287973169917834
4435,3254600313,17,17.245712933734488,15.878254219252119,0.9761305105435292,0.0037287973169917834
4436,3133790139,21,21.675402620162224,15.814982825220863,0.9761305105435292,0.0037287973169917834
4437,3671357306,20,21.023393901525335,16.131898128675275,0.9761305105435292,0.0037287973169917834
4438,1199986845,15,13.652737558190998,15.466850113353246,0.9761305105435292,0.0037287973169917834
4439,2062726030,19,18.906930613786706,15.142222933729801,0.9761305105435292,0.0037287973169917834
4440,2052460924,16,14.534707620833533,16.749029593649574,0.9761305105435292,0.0037287973169917834
4441,814598431,15,14.82287227646503,15.949513204133359,0.9761305105435292,0.0037287973169917834
4442,1742338046,24,24.589498066624053,17.565430938610216,0.9761305105435292,0.0037287973169917834
4443,2605447319,19,19.499190646199434,15.536849191721036,0.9761305105435292,0.0037287973169917834
4444,3914537231,16,15.37904010034893,15.19694296430385,0.9761305105435292,0.0037287973169917834
4445,3976413048,18,17.226476621973767,16.921184346426777,0.9761305105435292,0.0037287973169917834
4446,2765502480,12,13.493228198164553,14.633715048333126,0.9761305105435292,0.0037287973169917834
4447,3489830547,12,11.312243255720578,18.156569680725134,0.9761305105435292,0.0037287973169917834
4448,2320947996,16,15.858302293717824,15.466119743385358,0.9761305105435292,0.0037287973169917834
4449,3971240498,15,14.912002362831965,16.01239480918897,0.9761305105435292,0.0037287973169917834
4450,2972799609,15,14.534518107065077,16.841426129381926,0.9761305105435292,0.0037287973169917834
4451,2082417029,16,16.65271118539874,16.581053762980652,0.9761305105435292,0.0037287973169917834
4452,3351090144,18,18.703993272505834,13.162989348453038,0.9761305105435292,0.0037287973169917834
4453,2833143795,20,19.348728090828807,13.98640224574169,0.9761305105435292,0.0037287973169917834
4454,911924676,17,16.340247205609035,16.046129228382767,0.9761305105435292,0.0037287973169917834
4455,3796698584,14,13.562577309920986,16.568061764120266,0.9761305105435292,0.0037287973169917834
4456,1976925236,18,18.89040547280529,14.94329908840523,0.9761305105435292,0.0037287973169917834
4457,850711160,15,15.731731189053885,15.709601375263418,0.9761305105435292,0.0037287973169917834
4458,2583072911,17,16.296478956207167,15.339756875597697,0.9761305105435292,0.0037287973169917834
4459,4219578200,17,18.448581365252217,16.229020530917033,0.9761305105435292,0.0037287973169917834
4460,1116668443,12,12.419166541860097,18.342763445129215,0.9761305105435292,0.0037287973169917834
4461,4204443259,21,21.190897819096904,15.896467682296308,0.9761305105435292,0.0037287973169917834
4462,3319446445,20,20.4109603345262,15.484434022610634,0.9761305105435292,0.0037287973169917834
4463,3007651772,18,18.36856802807052,18.056374542521233,0.9761305105435292,0.0037287973169917834
4464,3939246355,14,13.626892080484563,16.052589113540588,0.9761305105435292,0.0037287973169917834
4465,2663030557,20,20.562367149176346,15.685436724730181,0.9761305105435292,0.0037287973169917834
4466,4207678968,18,19.25664369604204,15.385561418177172,0.9761305105435292,0.0037287973169917834
4467,533107058,16,16.5263266628456,17.00400800387278,0.9761305105435292,0.0037287973169917834
4468,4079005612,17,16.546754559606548,14.144690615526084,0.9761305105435292,0.0037287973169917834
4469,3473431276,16,16.267729382661066,14.871774459284723,0.9761305105435292,0.0037287973169917834
4470,179139272,14,14.760592932959648,17.457341896905138,0.9761305105435292,0.0037287973169917834
4471,4146922344,16,16.61937731589183,15.76047085554942,0.9761305105435292,0.0037287973169917834
4472,3119872612,19,20.06323531328018,18.117408819356804,0.9761305105435292,0.0037287973169917834
4473,574543726,18,18.455070537852414,18.04567384076313,0.9761305105435292,0.0037287973169917834
4474,831191078,14,14.460111123285245,16.305510208856685,0.9761305105435292,0.0037287973169917834
4475,3262306596,14,13.838134272714768,16.881998142756082,0.9761305105435292,0.0037287973169917834
4476,4091425808,16,16.543178943540322,14.974933727015486,0.9761305105435292,0.0037287973169917834
4477,333654911,19,19.315828655918626,16.35429753479466,0.9761305105435292,0.0037287973169917834
4478,2427079144,13,12.728903758804154,16.444854944285485,0.9761305105435292,0.0037287973169917834
4479,843863410,14,13.383974527613205,15.14193413782201,0.9761305105435292,0.0037287973169917834
4480,1123663775,21,21.21994472166158,16.660835135523623,0.9761305105435292,0.0037287973169917834
4481,2558049509,17,17.511585589714358,17.82215165715908,0.9761305105435292,0.0037287973169917834
4482,1143931118,13,13.558785863432604,15.98653778281654,0.9761305105435292,0.0037287973169917834
4483,2633140876,15,13.46594363621585,14.732108691729618,0.9761305105435292,0.0037287973169917834
4484,3398353035,14,14.300341338720028,16.10703336893902,0.9761305105435292,0.0037287973169917834
4485,2189991816,12,12.743552569009683,16.334470492164364,0.9761305105435292,0.0037287973169917834
4486,272089785,14,14.003631027185946,16.85254248973801,0.9761305105435292,0.0037287973169917834
4487,1503556179,17,17.019504628973685,15.994323402628547,0.9761305105435292,0.0037287973169917834
4488,3140378339,20,19.23906084644294,17.452654334595767,0.9761305105435292,0.0037287973169917834
4489,3405275933,17,17.017388856061643,16.003525690308017,0.9761305105435292,0.0037287973169917834
4490,1357934668,12,12.847339037380578,16.587557452956048,0.9761305105435292,0.0037287973169917834
4491,1337845775,19,18.93143349723129,16.335318850473058,0.9761305105435292,0.0037287973169917834
4492,2749445943,18,17.92581593778592,16.034610990692624,0.9761305105435292,0.0037287973169917834
4493,3017699062,22,22.395228606593356,16.433162968282165,0.9761305105435292,0.0037287973169917834
4494,224289287,14,13.843986067772818,17.628127613850033,0.9761305105435292,0.0037287973169917834
4495,3440199676,18,18.10147975270728,17.250789235355164,0.9761305105435292,0.0037287973169917834
4496,2470379962,16,16.410390182014353,15.695851480430951,0.9761305105435292,0.0037287973169917834
4497,2565506462,16,16.78854006796815,15.47593263325021,0.9761305105435292,0.0037287973169917834
4498,918794269,15,14.58962426776055,15.775489773976394,0.9761305105435292,0.0037287973169917834
4499,1200166421,13,13.161943332920037,13.542894530711777,0.9761305105435292,0.0037287973169917834
4500,1878711197,23,23.01803237020751,16.215955771762793,0.9761305105435292,0.0037287973169917834
4501,3292341304,13,13.206935750981824,14.578677225171273,0.9761305105435292,0.0037287973169917834
4502,2746193619,19,18.76673892363366,15.932400947514305,0.9761305105435292,0.0037287973169917834
4503,1623108533,18,17.1308972687557,16.171483803714867,0.9761305105435292,0.0037287973169917834
4504,3986784558,15,15.187753749161416,14.829301813999194,0.9761305105435292,0.0037287973169917834
4505,2822455933,16,16.135619467607995,14.244011548050628,0.9761305105435292,0.0037287973169917834
4506,2613435645,21,20.78381873528165,15.35747777145435,0.9761305105435292,0.0037287973169917834
4507,1198761819,19,19.040358740954538,16.133860907873974,0.9761305105435292,0.0037287973169917834
4508,1064696665,22,22.7492209287234,16.08762909767873,0.9761305105435292,0.0037287973169917834
4509,640394529,13,13.902639280482429,14.012513696983103,0.9761305105435292,0.0037287973169917834
4510,2656196187,17,15.693589866368374,16.833633277910867,0.9761305105435292,0.0037287973169917834
4511,935534615,14,13.422655333087793,15.746600605826732,0.9761305105435292,0.0037287973169917834
4512,3480760750,18,18.33893206956912,17.385315169615303,0.9761305105435292,0.0037287973169917834
4513,2801939476,11,11.858040870937696,17.69577173172181,0.9761305105435292,0.0037287973169917834
4514,2217900158,15,14.304915125949037,15.229024300687811,0.9761305105435292,0.0037287973169917834
4515,2320919768,15,15.188600006776294,16.411472384809468,0.9761305105435292,0.0037287973169917834
4516,9566863,14,13.566939000747215,16.53475211976416,0.9761305105435292,0.0037287973169917834
4517,4050004700,17,17.498627743794508,15.316007160615467,0.9761305105435292,0.0037287973169917834
4518,2996504995,15,14.790258285527944,17.378278899236197,0.9761305105435292,0.0037287973169917834
4519,1510519090,12,12.0992518302149,14.368006249710982,0.9761305105435292,0.0037287973169917834
4520,602858371,17,16.70331797590807,16.936590553322894,0.9761305105435292,0.0037287973169917834
4521,3826330233,14,14.696447944595452,15.426542598695752,0.9761305105435292,0.0037287973169917834
4522,481338358,16,16.556402796612932,18.05803606248015,0.9761305105435292,0.0037287973169917834
4523,2451944661,15,14.813033453566257,16.843290165961857,0.9761305105435292,0.0037287973169917834
4524,62162346,13,14.082252452250717,16.180839731993796,0.9761305105435292,0.0037287973169917834
4525,3629544588,15,15.152224147254334,16.21126622925724,0.9761305105435292,0.0037287973169917834
4526,1409513969,15,15.890109816177276,16.514900231774597,0.9761305105435292,0.0037287973169917834
4527,1182844390,13,12.824329129218256,15.558081449124348,0.9761305105435292,0.0037287973169917834
4528,2984207886,18,18.14840181599865,14.732706668455284,0.9761305105435292,0.0037287973169917834
4529,2265499993,13,13.238935463679159,17.906618850315244,0.9761305105435292,0.0037287973169917834
4530,2995134370,15,15.795853486452831,17.426405886029546,0.9761305105435292,0.0037287973169917834
4531,3079762358,18,18.050011315739994,16.9517684698309,0.9761305105435292,0.0037287973169917834
4532,213873803,17,17.549828657962443,16.923109616174678,0.9761305105435292,0.0037287973169917834
4533,1808993344,13,13.661484266954165,15.037315884787029,0.9761305105435292,0.0037287973169917834
4534,2667637232,15,15.832428976514006,17.600248939380123,0.9761305105435292,0.0037287973169917834
4535,3608245765,15,14.930354471610604,17.136740679385916,0.9761305105435292,0.0037287973169917834
4536,12867725,10,10.458492839437003,15.788894728479104,0.9761305105435292,0.0037287973169917834
4537,2712381261,17,17.690501942363213,15.68880278641998,0.9761305105435292,0.0037287973169917834
4538,1379030506,15,15.005055520757157,13.837725706355098,0.9761305105435292,0.0037287973169917834
4539,574228873,11,11.77170417786225,16.674706685593023,0.9761305105435292,0.0037287973169917834
4540,835719161,16,16.524047974778732,13.627066621271414,0.9761305105435292,0.0037287973169917834
4541,276403521,12,10.772821814016602,16.526997852332933,0.9761305105435292,0.0037287973169917834
4542,3491184001,14,14.458155140638628,17.262159501043044,0.9761305105435292,0.0037287973169917834
4543,35684671,10,9.539125175385433,15.513388178335315,0.9761305105435292,0.0037287973169917834
4544,2578801575,18,17.09920568425003,16.494212355305375,0.9761305105435292,0.0037287973169917834
4545,66840881,17,16.763228836424435,15.166847756226622,0.9761305105435292,0.0037287973169917834
4546,3714675701,21,21.286563559712807,16.534343089700787,0.9761305105435292,0.0037287973169917834
4547,811510526,18,18.43633325316378,16.151546870921436,0.9761305105435292,0.0037287973169917834
4548,1470645863,16,16.286991721375248,17.289072044427304,0.9761305105435292,0.0037287973169917834
4549,3791677713,10,8.796409096023297,15.388171897379499,0.9761305105435292,0.0037287973169917834
4550,1423722464,15,14.371746739880624,15.064049834682478,0.9761305105435292,0.0037287973169917834
4551,1777794336,18,17.58453724911035,15.834787126893744,0.9761305105435292,0.0037287973169917834
4552,3588558403,16,16.221744721120967,14.579199938498169,0.9761305105435292,0.0037287973169917834
4553,212573439,19,18.92478464677517,17.30791825575317,0.9761305105435292,0.0037287973169917834
4554,3162799898,17,17.140189591264324,16.66925161393086,0.9761305105435292,0.0037287973169917834
4555,114718825,15,15.696428118533106,15.314773542681195,0.9761305105435292,0.0037287973169917834
4556,3762533146,14,14.108621454019465,14.833329735561467,0.9761305105435292,0.0037287973169917834
4557,1746384038,15,14.709745594868696,13.415082851922474,0.9761305105435292,0.0037287973169917834
4558,1593792270,21,21.302890328012,16.71875265461213,0.9761305105435292,0.0037287973169917834
4559,411232189,16,15.801321983176976,15.506029463104756,0.9761305105435292,0.0037287973169917834
4560,623591651,13,12.86554196777361,17.669980163852237,0.9761305105435292,0.0037287973169917834
4561,2815338454,20,20.776481257806587,16.70487169748408,0.9761305105435292,0.0037287973169917834
4562,3461274670,18,18.280525676099796,16.93715946201784,0.9761305105435292,0.0037287973169917834
4563,3758205894,13,13.549195525268567,16.612624342305455,0.9761305105435292,0.0037287973169917834
4564,3798459855,20,19.450175644570997,19.018025356182022,0.9761305105435292,0.0037287973169917834
4565,777276876,15,14.875100239874897,15.654428852107506,0.9761305105435292,0.0037287973169917834
4566,3332252683,14,14.269116875834424,17.220462376195503,0.9761305105435292,0.0037287973169917834
4567,866581844,18,18.11740698160471,17.46204754886022,0.9761305105435292,0.0037287973169917834
4568,3750631279,21,20.851186204210656,18.37044510017663,0.9761305105435292,0.0037287973169917834
4569,2370570650,13,13.263514285554544,14.045740202575649,0.9761305105435292,0.0037287973169917834
4570,2124501719,18,17.68984482090169,15.091498685313951,0.9761305105435292,0.0037287973169917834
4571,1376327281,12,11.752945651640797,16.62276315922681,0.9761305105435292,0.0037287973169917834
4572,4087985884,20,20.604050909762325,15.334877331383883,0.9761305105435292,0.0037287973169917834
4573,1566843820,15,15.196335506678082,15.152609975576638,0.9761305105435292,0.0037287973169917834
4574,1040731896,15,14.33425609381679,16.099278874886444,0.9761305105435292,0.0037287973169917834
4575,2010215720,17,16.658507169363865,15.73294102379323,0.9761305105435292,0.0037287973169917834
4576,398293376,16,16.023154548271457,18.12735329340443,0.9761305105435292,0.0037287973169917834
4577,1375773155,11,11.08011145219268,16.154984958038103,0.9761305105435292,0.0037287973169917834
4578,4215063882,18,18.684811984175848,15.368867029061542,0.9761305105435292,0.0037287973169917834
4579,352802913,12,11.85847059494732,14.127655648241126,0.9761305105435292,0.0037287973169917834
4580,3106435994,16,15.498925675926113,14.37925529104092,0.9761305105435292,0.0037287973169917834
4581,1154105264,15,15.201448735618587,15.974025586273598,0.9761305105435292,0.0037287973169917834
4582,2227442572,11,11.29793357632291,16.507109341036774,0.9761305105435292,0.0037287973169917834
4583,288745995,14,14.339912299638476,14.106844795077938,0.9761305105435292,0.0037287973169917834
4584,3542955218,16,15.233589671345948,15.97366215339548,0.9761305105435292,0.0037287973169917834
4585,3838172625,18,17.907927643743534,15.102934949465297,0.9761305105435292,0.0037287973169917834
4586,3225068969,14,13.59013851444252,16.302308796108957,0.9761305105435292,0.0037287973169917834
4587,3138478823,17,15.90413676587121,15.232287084928359,0.9761305105435292,0.0037287973169917834
4588,688373053,17,16.729449589181804,15.811011757221072,0.9761305105435292,0.0037287973169917834
4589,4271899545,15,16.32102322669615,11.124581563956347,0.9761305105435292,0.0037287973169917834
4590,705341983,14,13.566334538827585,15.392175078618072,0.9761305105435292,0.0037287973169917834
4591,2139111214,18,16.98334052743933,15.10318251683969,0.9761305105435292,0.0037287973169917834
4592,3500515183,19,19.106460557692067,14.94742280626023,0.9761305105435292,0.0037287973169917834
4593,886394458,16,16.970150470497963,16.317939254150993,0.9761305105435292,0.0037287973169917834
4594,379494588,15,15.088988621541963,15.142788501048225,0.9761305105435292,0.0037287973169917834
4595,2940387395,13,13.691267059652088,14.85561564260234,0.9761305105435292,0.0037287973169917834
4596,919933252,13,13.57481559806637,15.627118100644363,0.9761305105435292,0.0037287973169917834
4597,3616030149,17,18.828044630053647,18.50045231901995,0.9761305105435292,0.0037287973169917834
4598,1636329088,10,9.801867687406244,16.906264170482736,0.9761305105435292,0.0037287973169917834
4599,2479533734,17,17.259069562322814,14.266307039160315,0.9761305105435292,0.0037287973169917834
4600,101893274,11,11.666719497888078,14.76873585573506,0.9761305105435292,0.0037287973169917834
4601,555074391,14,14.351508980069088,18.478579530581346,0.9761305105435292,0.0037287973169917834
4602,3769799485,16,16.46055989279635,15.40037144048883,0.9761305105435292,0.0037287973169917834
4603,4193647631,22,21.671609323334565,16.50545164776443,0.9761305105435292,0.0037287973169917834
4604,616760305,13,12.776365540365578,16.977231199383464,0.9761305105435292,0.0037287973169917834
4605,2311473597,16,16.356909970530165,16.527396688335966,0.9761305105435292,0.0037287973169917834
4606,862509166,16,15.299028235211239,15.736499401982073,0.9761305105435292,0.0037287973169917834
4607,4120445213,15,14.454471370373096,15.686292392914899,0.9761305105435292,0.0037287973169917834
4608,222041327,16,16.97351436034804,15.695334268303986,0.9761305105435292,0.0037287973169917834
4609,863802976,15,15.773245813991428,14.029377884341766,0.9761305105435292,0.0037287973169917834
4610,876337993,17,17.121629144912557,16.091909351494508,0.9761305105435292,0.0037287973169917834
4611,1514341159,13,13.006620162969966,14.127603715614148,0.9761305105435292,0.0037287973169917834
4612,2254971337,12,11.642286439491519,14.831539835216365,0.9761305105435292,0.0037287973169917834
4613,3835704777,14,13.487343117340544,13.71870164267838,0.9761305105435292,0.0037287973169917834
4614,2697439824,13,12.647053593207497,14.89821552214905,0.9761305105435292,0.0037287973169917834
4615,3545349642,16,15.289568834406698,16.018553404902075,0.9761305105435292,0.0037287973169917834
4616,1443691564,15,14.788298879902229,13.510494775917612,0.9761305105435292,0.0037287973169917834
4617,3940099744,15,15.734922843711292,17.798042006026705,0.9761305105435292,0.0037287973169917834
4618,2846836816,14,14.257276426097821,15.637633001660683,0.9761305105435292,0.0037287973169917834
4619,2382925086,13,13.183147032886065,17.726312594380282,0.9761305105435292,0.0037287973169917834
4620,3214341153,18,17.068024419812783,15.818025599165003,0.9761305105435292,0.0037287973169917834
4621,217781844,15,14.180350691654422,15.649277804489913,0.9761305105435292,0.0037287973169917834
4622,3134607351,22,22.172717374298635,15.76277958456979,0.9761305105435292,0.0037287973169917834
4623,3898369559,16,15.959084494948735,17.156495374977226,0.9761305105435292,0.0037287973169917834
4624,1136394477,14,14.059719396329522,16.47676913052521,0.9761305105435292,0.0037287973169917834
4625,4102990421,17,17.170489136289667,16.471679454885383,0.9761305105435292,0.0037287973169917834
4626,3672995674,21,21.1337819322131,16.769363120599333,0.9761305105435292,0.0037287973169917834
4627,2005911620,16,16.018721622892453,17.789453972794288,0.9761305105435292,0.0037287973169917834
4628,1754267556,19,19.30186341519801,16.879364237379313,0.9761305105435292,0.0037287973169917834
4629,1521789929,18,18.67125349440073,16.283473493277302,0.9761305105435292,0.0037287973169917834
4630,3585836113,16,16.30457423026565,17.33001397606518,0.9761305105435292,0.0037287973169917834
4631,3336125279,20,20.301461404090126,16.029442433715893,0.9761305105435292,0.0037287973169917834
4632,2326808078,12,11.936249202134746,17.602770577633187,0.9761305105435292,0.0037287973169917834
4633,794926889,17,17.207567972960874,16.706021487972794,0.9761305105435292,0.0037287973169917834
4634,3219357393,22,21.601877954090284,17.55231023009261,0.9761305105435292,0.0037287973169917834
4635,1613208252,15,15.179103424609327,14.850781741542836,0.9761305105435292,0.0037287973169917834
4636,3949773048,17,17.177709017356097,16.482266072867894,0.9761305105435292,0.0037287973169917834
4637,2671941888,12,11.543951539880997,16.976966142161515,0.9761305105435292,0.0037287973169917834
4638,2852960292,12,10.949159380229228,17.299614080747126,0.9761305105435292,0.0037287973169917834
4639,2141995799,18,18.170048049202684,14.513109203354242,0.9761305105435292,0.0037287973169917834
4640,2097696128,12,12.226173850823095,16.150912821851,0.9761305105435292,0.0037287973169917834
4641,1278200790,18,17.526159986844014,14.513165045793249,0.9761305105435292,0.0037287973169917834
4642,1925929605,16,15.734543820116619,16.582851221958425,0.9761305105435292,0.0037287973169917834
4643,3098747442,14,12.973173061875988,14.811076995202763,0.9761305105435292,0.0037287973169917834
4644,1166986321,14,13.54709348873522,15.325883929794253,0.9761305105435292,0.0037287973169917834
4645,2603609322,20,20.616770793543928,14.782517540472195,0.9761305105435292,0.0037287973169917834
4646,158997243,17,16.138412068493423,17.3994823190755,0.9761305105435292,0.0037287973169917834
4647,3313964636,15,15.403632655560065,16.377753317117342,0.9761305105435292,0.0037287973169917834
4648,1274791450,18,18.074062593108863,14.666264269566051,0.9761305105435292,0.0037287973169917834
4649,2774676047,15,15.345443927891186,14.566341378386785,0.9761305105435292,0.0037287973169917834
4650,4166067347,14,13.793121609005391,15.88537340055164,0.9761305105435292,0.0037287973169917834
4651,924908928,14,14.964922086625709,15.258421749605393,0.9761305105435292,0.0037287973169917834
4652,2542461126,15,15.356685915562645,17.161614451367008,0.9761305105435292,0.0037287973169917834
4653,4191987789,18,18.718426982171895,15.752774945016998,0.9761305105435292,0.0037287973169917834
4654,1903925777,16,16.550046628354686,16.2265872118014,0.9761305105435292,0.0037287973169917834
4655,2079177345,19,18.602954101159945,16.704960104099776,0.9761305105435292,0.0037287973169917834
4656,2040546417,13,13.01999907766446,17.11849202560336,0.9761305105435292,0.0037287973169917834
4657,2337041026,13,12.917811856470584,13.612668473707075,0.9761305105435292,0.0037287973169917834
4658,803602437,12,11.834152906674621,17.756110851087875,0.9761305105435292,0.0037287973169917834
4659,989708682,17,16.98171887074954,15.592858279377547,0.9761305105435292,0.0037287973169917834
4660,3297302037,13,12.756648308596127,15.159324624786867,0.9761305105435292,0.0037287973169917834
4661,1316676755,17,17.406953127133175,15.638057453330777,0.9761305105435292,0.0037287973169917834
4662,1928647069,18,18.202025716544718,16.58316256821045,0.9761305105435292,0.0037287973169917834
4663,3809924943,19,19.34227417051642,15.236424350523603,0.9761305105435292,0.0037287973169917834
4664,919631293,18,17.123227159608295,16.998707464586413,0.9761305105435292,0.0037287973169917834
4665,2716564039,18,17.780199871676444,17.446953835356688,0.9761305105435292,0.0037287973169917834
4666,3798626416,14,13.7502812866888,15.58351763771318,0.9761305105435292,0.0037287973169917834
4667,2044862933,16,16.55938983969259,16.040394483836515,0.9761305105435292,0.0037287973169917834
4668,1689286140,17,17.107975432424176,14.61078643980646,0.9761305105435292,0.0037287973169917834
4669,4045677817,15,13.51077006529528,15.773134901876555,0.9761305105435292,0.0037287973169917834
4670,1785415867,17,16.754779420803562,15.211158484565297,0.9761305105435292,0.0037287973169917834
4671,1015508136,15,15.17929500141841,15.26072634664171,0.9761305105435292,0.0037287973169917834
4672,146356359,13,12.336932472589963,14.573355070450773,0.9761305105435292,0.0037287973169917834
4673,2618832615,16,16.08899067583572,17.263068031632994,0.9761305105435292,0.0037287973169917834
4674,3986205544,17,17.090728427176902,15.31955806727041,0.9761305105435292,0.0037287973169917834
4675,2294529626,16,15.428088855843395,14.23855113174271,0.9761305105435292,0.0037287973169917834
4676,285736863,19,19.829343830096494,16.44946118193884,0.9761305105435292,0.0037287973169917834
4677,4090896373,22,22.066792342390595,14.985140235438603,0.9761305105435292,0.0037287973169917834
4678,2739944492,13,13.72352684314084,17.008436718571453,0.9761305105435292,0.0037287973169917834
4679,1482271373,15,15.686101411626439,15.113273697718984,0.9761305105435292,0.0037287973169917834
4680,189580043,13,12.167003551808124,16.90840707336813,0.9761305105435292,0.0037287973169917834
4681,40094547,14,13.73203698172667,16.395728634533445,0.9761305105435292,0.0037287973169917834
4682,684495375,13,12.836233038506927,13.00395579925601,0.9761305105435292,0.0037287973169917834
4683,2426584776,14,14.155640478417842,17.367526884100506,0.9761305105435292,0.0037287973169917834
4684,2758483311,18,18.328957678612415,15.30854593340003,0.9761305105435292,0.0037287973169917834
4685,692876121,15,14.574263912049645,17.94897727762197,0.9761305105435292,0.0037287973169917834
4686,3761385055,16,16.13432190510483,16.13989612585546,0.9761305105435292,0.0037287973169917834
4687,4138029448,15,15.09676083588243,17.562817617850172,0.9761305105435292,0.0037287973169917834
4688,3251388568,11,11.073749972729663,16.54642091810958,0.9761305105435292,0.0037287973169917834
4689,3068619151,20,19.983436866030246,13.786298696577513,0.9761305105435292,0.0037287973169917834
4690,3002376858,16,16.214773494580594,15.811955392080659,0.9761305105435292,0.0037287973169917834
4691,2864924930,12,10.90237600118703,15.710849247485891,0.9761305105435292,0.0037287973169917834
4692,4205239264,19,18.744734957141556,16.893331559445194,0.9761305105435292,0.0037287973169917834
4693,1873785977,21,20.940033208279083,16.024520200248094,0.9761305105435292,0.0037287973169917834
4694,2316271501,18,18.802160881867355,17.06999278615431,0.9761305105435292,0.0037287973169917834
4695,2488492985,16,15.317861667713482,17.662836116762897,0.9761305105435292,0.0037287973169917834
4696,1940627437,22,22.058002131366663,16.600458820909747,0.9761305105435292,0.0037287973169917834
4697,93154038,16,15.943233926033717,15.620122011026606,0.9761305105435292,0.0037287973169917834
4698,2434139853,13,12.56281082845922,16.159726782404835,0.9761305105435292,0.0037287973169917834
4699,2898403740,13,13.512246020724712,15.933873074786183,0.9761305105435292,0.0037287973169917834
4700,1820529791,16,16.32607970728132,17.149263684432626,0.9761305105435292,0.0037287973169917834
4701,1833429732,18,19.96622940167521,15.494796868402645,0.9761305105435292,0.0037287973169917834
4702,2019984190,16,15.920153121032692,15.406169733037288,0.9761305105435292,0.0037287973169917834
4703,2344417680,17,16.459950466517064,17.248828065389837,0.9761305105435292,0.0037287973169917834
4704,2804232373,15,16.620959958222166,15.969821783683098,0.9761305105435292,0.0037287973169917834
4705,3076416939,20,20.936179894459563,17.357677168750676,0.9761305105435292,0.0037287973169917834
4706,3636231245,18,19.540198636634038,18.45687095460189,0.9761305105435292,0.0037287973169917834
4707,2728453750,15,15.12087767241274,16.900869271029283,0.9761305105435292,0.0037287973169917834
4708,579446433,12,11.190303215992845,15.916151254944841,0.9761305105435292,0.0037287973169917834
4709,3652183745,19,20.842933435724827,14.277796607981495,0.9761305105435292,0.0037287973169917834
4710,3539561715,20,19.547638197776774,13.481268425810788,0.9761305105435292,0.0037287973169917834
4711,2563678837,16,16.238825120420508,16.75487361141538,0.9761305105435292,0.0037287973169917834
4712,1039521987,19,18.893123868092683,15.736099846410292,0.9761305105435292,0.0037287973169917834
4713,2970269408,14,13.086121562446237,15.663261412499,0.9761305105435292,0.0037287973169917834
4714,185967726,14,14.360837416749437,16.12235457811905,0.9761305105435292,0.0037287973169917834
4715,2376059116,18,17.333443649535464,16.22507912142775,0.9761305105435292,0.0037287973169917834
4716,1625573210,14,14.550870521169438,13.813304678802103,0.9761305105435292,0.0037287973169917834
4717,259048013,14,13.708880643975544,16.88288309376643,0.9761305105435292,0.0037287973169917834
4718,2608458656,18,16.90400827813934,16.05915065023629,0.9761305105435292,0.0037287973169917834
4719,3333774598,16,16.21051203151608,17.66678823204676,0.9761305105435292,0.0037287973169917834
4720,204493186,9,9.056717255666525,16.924846070164524,0.9761305105435292,0.0037287973169917834
4721,257668268,17,18.075881893322645,15.857233326725392,0.9761305105435292,0.0037287973169917834
4722,3907152040,14,14.746067196204379,18.40551026982285,0.9761305105435292,0.0037287973169917834
4723,3534670935,18,18.3006054484687,15.48268811897771,0.9761305105435292,0.0037287973169917834
4724,3988224371,22,21.42505738423738,16.288225425614314,0.9761305105435292,0.0037287973169917834
4725,2132436469,20,19.734656756434426,16.054256882268394,0.9761305105435292,0.0037287973169917834
4726,4012341572,18,17.350082211777675,16.393915102389336,0.9761305105435292,0.0037287973169917834
4727,1592586804,18,18.40540789117061,16.36349261326646,0.9761305105435292,0.0037287973169917834
4728,3675738453,17,17.07906968783498,16.936304172621693,0.9761305105435292,0.0037287973169917834
4729,2430534849,13,12.004878678931718,16.264199566704146,0.9761305105435292,0.0037287973169917834
4730,4070374196,19,18.383044872777315,16.38345024075543,0.9761305105435292,0.0037287973169917834
4731,3788887307,17,17.315814370127754,15.974553871144073,0.9761305105435292,0.0037287973169917834
4732,1128617674,14,14.730100769131017,15.10184139202796,0.9761305105435292,0.0037287973169917834
4733,2178399415,19,19.13703814449823,17.264259019768303,0.9761305105435292,0.0037287973169917834
4734,876455757,17,16.22194017101368,15.693198331323746,0.9761305105435292,0.0037287973169917834
4735,1379396235,17,17.93688792599187,14.959443931552139,0.9761305105435292,0.0037287973169917834
4736,1904156774,16,16.139244235394898,17.151253637892843,0.9761305105435292,0.0037287973169917834
4737,3827228050,17,18.102670691289358,15.754027874402436,0.9761305105435292,0.0037287973169917834
4738,2861650250,13,14.292715517826366,15.06594288870603,0.9761305105435292,0.0037287973169917834
4739,2741823264,15,15.379417946257458,16.28586332826602,0.9761305105435292,0.0037287973169917834
4740,3780436483,13,12.995670942859979,17.40481093195652,0.9761305105435292,0.0037287973169917834
4741,338315760,12,11.210860280879364,17.7960853335089,0.9761305105435292,0.0037287973169917834
4742,1751202253,15,14.253269970116543,16.262423597174912,0.9761305105435292,0.0037287973169917834
4743,1001753541,18,18.288596455535448,16.28207142880797,0.9761305105435292,0.0037287973169917834
4744,2063954647,18,19.54637211453675,16.864433137477604,0.9761305105435292,0.0037287973169917834
4745,4093950655,18,18.207329805979718,16.765825068518023,0.9761305105435292,0.0037287973169917834
4746,3258898260,17,18.39470728802818,17.046356113542902,0.9761305105435292,0.0037287973169917834
4747,3844512116,16,16.263916083134237,15.20096762846391,0.9761305105435292,0.0037287973169917834
4748,1461459845,15,15.443190905826413,16.78601180145495,0.9761305105435292,0.0037287973169917834
4749,1903031225,20,19.09208942640357,14.977081825151618,0.9761305105435292,0.0037287973169917834
4750,1403382969,18,18.115705082598545,15.862900092438457,0.9761305105435292,0.0037287973169917834
4751,2859589253,17,17.045993601563694,14.585453628495051,0.9761305105435292,0.0037287973169917834
4752,2367897158,15,14.632766361334301,16.41452751618066,0.9761305105435292,0.0037287973169917834
4753,697896701,17,16.35923868880014,15.891854851616216,0.9761305105435292,0.0037287973169917834
4754,33489467,15,14.44517887211054,16.892581373911263,0.9761305105435292,0.0037287973169917834
4755,1050451881,19,18.701759066711123,15.941747445354816,0.9761305105435292,0.0037287973169917834
4756,3096211290,17,18.01648924395321,15.727903089121003,0.9761305105435292,0.0037287973169917834
4757,2591435421,17,18.006729625016213,17.34381085289901,0.9761305105435292,0.0037287973169917834
4758,3207635463,15,15.39808188235978,14.936856269125807,0.9761305105435292,0.0037287973169917834
4759,3564732408,21,20.653275296086996,16.029759017032287,0.9761305105435292,0.0037287973169917834
4760,2325021498,13,12.805674135047786,15.517983308122464,0.9761305105435292,0.0037287973169917834
4761,813196265,15,15.49044469403955,15.52386527064753,0.9761305105435292,0.0037287973169917834
4762,2816456655,24,23.706300121193348,15.00444059879149,0.9761305105435292,0.0037287973169917834
4763,3009848153,17,16.385191572852868,15.498826743215195,0.9761305105435292,0.0037287973169917834
4764,3246480100,13,14.283132099250498,16.143428172985075,0.9761305105435292,0.0037287973169917834
4765,2668301213,17,17.1127176333655,16.015516395774377,0.9761305105435292,0.0037287973169917834
4766,3654423532,17,17.106172142984892,14.878484946081475,0.9761305105435292,0.0037287973169917834
4767,3962938285,18,17.597668096349416,15.556415753869834,0.9761305105435292,0.0037287973169917834
4768,3010077381,15,15.92484215275113,15.765233014164911,0.9761305105435292,0.0037287973169917834
4769,1812139728,12,13.013471784710656,16.46025074248451,0.9761305105435292,0.0037287973169917834
4770,4052115139,17,16.85536573976558,16.199204692884166,0.9761305105435292,0.0037287973169917834
4771,1239389296,16,16.71520651965046,17.44530480563086,0.9761305105435292,0.0037287973169917834
4772,3002077069,16,16.17159243010973,15.890815594778227,0.9761305105435292,0.0037287973169917834
4773,3875879087,17,16.726580498447465,15.478008497291995,0.9761305105435292,0.0037287973169917834
4774,3568682708,17,16.189965931583114,16.41154110392055,0.9761305105435292,0.0037287973169917834
4775,4084477718,18,17.94247340545812,14.754228315795311,0.9761305105435292,0.0037287973169917834
4776,1849494406,16,15.104286596424444,14.630988710213447,0.9761305105435292,0.0037287973169917834
4777,2669918619,19,20.00388917391335,16.119685887090057,0.9761305105435292,0.0037287973169917834
4778,3750852502,20,19.93733535961996,13.99256466486949,0.9761305105435292,0.0037287973169917834
4779,817522104,15,15.106750493111353,15.010898249688054,0.9761305105435292,0.0037287973169917834
4780,1177167248,11,9.99176722807231,16.59951451949322,0.9761305105435292,0.0037287973169917834
4781,2952566248,20,20.007519122864206,14.371696859212937,0.9761305105435292,0.0037287973169917834
4782,2579403424,15,16.12816796211465,17.64309744561994,0.9761305105435292,0.0037287973169917834
4783,2884609385,20,20.611042142228406,17.16354502099509,0.9761305105435292,0.0037287973169917834
4784,1289070699,16,15.635037436346005,15.64574470691135,0.9761305105435292,0.0037287973169917834
4785,1005711853,21,21.725325288453043,18.889791736258683,0.9761305105435292,0.0037287973169917834
4786,1234054942,16,15.437409234782994,17.313129248553544,0.9761305105435292,0.0037287973169917834
4787,2815791604,18,17.874232385622122,15.087214179610418,0.9761305105435292,0.0037287973169917834
4788,1975563995,18,18.28993374485279,12.978407701262949,0.9761305105435292,0.0037287973169917834
4789,3472801038,21,20.095923294422356,17.43633764307038,0.9761305105435292,0.0037287973169917834
4790,4157458791,21,20.88010914368835,16.790438581238163,0.9761305105435292,0.0037287973169917834
4791,415000975,16,16.075488288736103,16.134681466537245,0.9761305105435292,0.0037287973169917834
4792,269309212,11,11.350780268940436,17.829055130408015,0.9761305105435292,0.0037287973169917834
4793,1715140595,21,21.54332080762003,15.816178841557221,0.9761305105435292,0.0037287973169917834
4794,1737896839,17,16.775397731097453,15.046791525220751,0.9761305105435292,0.0037287973169917834
4795,803647254,19,19.20908950534784,15.732576403356001,0.9761305105435292,0.0037287973169917834
4796,1564412149,18,17.70796468695068,17.772613182541974,0.9761305105435292,0.0037287973169917834
4797,2545825105,18,18.49180361210559,15.414583302566971,0.9761305105435292,0.0037287973169917834
4798,3577242145,13,13.161417576163359,15.696523776082852,0.9761305105435292,0.0037287973169917834
4799,1161283708,16,15.510131796757468,15.2618847579696,0.9761305105435292,0.0037287973169917834
4800,2835348554,20,19.910274229513778,16.508725588652077,0.9761305105435292,0.0037287973169917834
4801,1439229005,15,14.380774781654281,17.28990225151913,0.9761305105435292,0.0037287973169917834
4802,3322216363,18,18.521752919174244,13.802109488630169,0.9761305105435292,0.0037287973169917834
4803,4018077311,27,26.768825013049167,15.838638926865078,0.9761305105435292,0.0037287973169917834
4804,591916642,16,16.324235294352462,16.547425997595365,0.9761305105435292,0.0037287973169917834
4805,2319843381,10,11.147309802864552,16.598413678998412,0.9761305105435292,0.0037287973169917834
4806,389340827,18,18.59870260566217,15.430577941622278,0.9761305105435292,0.0037287973169917834
4807,3215805902,21,20.247875421628322,15.248986059826814,0.9761305105435292,0.0037287973169917834
4808,1578507445,16,16.229211892888753,16.78833998350938,0.9761305105435292,0.0037287973169917834
4809,1285412466,17,16.297616137676293,16.374761295352684,0.9761305105435292,0.0037287973169917834
4810,1073889854,9,9.255474415918377,16.53985757257551,0.9761305105435292,0.0037287973169917834
4811,1581917452,13,12.526781307737233,15.746481501107187,0.9761305105435292,0.0037287973169917834
4812,1069574972,17,17.50165865351674,15.203225765781152,0.9761305105435292,0.0037287973169917834
4813,2222146775,15,16.00373659665535,15.725934579089904,0.9761305105435292,0.0037287973169917834
4814,533639756,17,17.493393736758165,14.920016347695684,0.9761305105435292,0.0037287973169917834
4815,1086588003,9,9.331106078314658,12.907713097727349,0.9761305105435292,0.0037287973169917834
4816,249596415,17,18.20620608383927,13.067852419506304,0.9761305105435292,0.0037287973169917834
4817,91858611,16,16.055755026074344,16.938912609785266,0.9761305105435292,0.0037287973169917834
4818,3934900434,15,15.3211611063779,16.936924881159907,0.9761305105435292,0.0037287973169917834
4819,715295362,11,10.336986824697126,15.958978307090302,0.9761305105435292,0.0037287973169917834
4820,292504507,17,16.575330974038263,15.524712826484636,0.9761305105435292,0.0037287973169917834
4821,3667222401,17,17.652138460313978,15.016969367273566,0.9761305105435292,0.0037287973169917834
4822,450430893,16,16.015793067760164,16.1186249026893,0.9761305105435292,0.0037287973169917834
4823,3380455837,19,18.68114275536814,15.29376297964246,0.9761305105435292,0.0037287973169917834
4824,1510400168,12,11.501280904540312,15.918021909729855,0.9761305105435292,0.0037287973169917834
4825,2518821472,11,10.923837536721228,16.383812963394952,0.9761305105435292,0.0037287973169917834
4826,1170210374,20,20.914757898717074,15.000731195953772,0.9761305105435292,0.0037287973169917834
4827,1363721980,17,16.203520908246787,16.18061307884894,0.9761305105435292,0.0037287973169917834
4828,3303587387,18,18.928843235482248,12.504059351313764,0.9761305105435292,0.0037287973169917834
4829,762764381,19,19.4411548808878,17.833466201876114,0.9761305105435292,0.0037287973169917834
4830,1730064338,19,19.92093278152535,16.682685029077412,0.9761305105435292,0.0037287973169917834
4831,3639843809,19,19.475872972922467,15.832307598964817,0.9761305105435292,0.0037287973169917834
4832,2381531509,18,17.773771074335286,16.302212491720745,0.9761305105435292,0.0037287973169917834
4833,2740035382,17,17.858057099130292,16.999580385540792,0.9761305105435292,0.0037287973169917834
4834,630176011,16,15.543626160359683,17.022893016716324,0.9761305105435292,0.0037287973169917834
4835,2327841362,10,9.447621652697265,15.297568905794686,0.9761305105435292,0.0037287973169917834
4836,82993554,12,12.16495967274979,14.894850728130313,0.9761305105435292,0.0037287973169917834
4837,965751401,13,13.206844351395844,17.95464817726588,0.9761305105435292,0.0037287973169917834
4838,4084120907,21,19.741264072666777,15.752756767577845,0.9761305105435292,0.0037287973169917834
4839,1726422127,19,19.094506566116525,14.23081353963902,0.9761305105435292,0.0037287973169917834
4840,2363620658,17,16.89300466827246,16.430947809381824,0.9761305105435292,0.0037287973169917834
4841,3713258249,17,17.059351750615342,16.51624596257688,0.9761305105435292,0.0037287973169917834
4842,4073401160,16,15.98133780803047,18.957013977030368,0.9761305105435292,0.0037287973169917834
4843,1249469344,14,13.792827500140646,14.260313611116391,0.9761305105435292,0.0037287973169917834
4844,1554013004,14,14.302937627368328,17.87397371409282,0.9761305105435292,0.0037287973169917834
4845,3670962040,20,20.159669170496223,14.435088622900503,0.9761305105435292,0.0037287973169917834
4846,3294431249,11,11.141423969495719,16.162688473776775,0.9761305105435292,0.0037287973169917834
4847,1931052443,16,15.486909224371255,13.494633688824365,0.9761305105435292,0.0037287973169917834
4848,355702778,18,18.971545044468673,17.120546655110495,0.9761305105435292,0.0037287973169917834
4849,835846284,10,10.399449526676843,15.629844500011927,0.9761305105435292,0.0037287973169917834
4850,1196094624,14,14.130840954949813,14.363146709224665,0.9761305105435292,0.0037287973169917834
4851,2227563949,17,16.74955346878391,16.44491892956149,0.9761305105435292,0.0037287973169917834
4852,2871639719,19,19.89154046303609,16.804238006069543,0.9761305105435292,0.0037287973169917834
4853,3367513764,14,13.994428894676044,16.25881096826127,0.9761305105435292,0.0037287973169917834
4854,1154916694,14,14.395261327754053,14.995615808855979,0.9761305105435292,0.0037287973169917834
4855,4116587955,19,18.5826985842228,17.763826308570987,0.9761305105435292,0.0037287973169917834
4856,910467431,14,13.302587950351215,16.38860777498923,0.9761305105435292,0.0037287973169917834
4857,1774874335,20,20.026650167053404,15.263287306745934,0.9761305105435292,0.0037287973169917834
4858,2151801188,10,9.934817144882947,14.85960517005702,0.9761305105435292,0.0037287973169917834
4859,3035915800,15,14.342536302840355,13.080214770969414,0.9761305105435292,0.0037287973169917834
4860,1905855976,15,14.69547099602411,15.270975384885384,0.9761305105435292,0.0037287973169917834
4861,2853050855,16,16.544475911366114,15.754303560466349,0.9761305105435292,0.0037287973169917834
4862,80326113,14,14.851522989663838,15.39716746614358,0.9761305105435292,0.0037287973169917834
4863,3620385731,19,18.733422965366536,15.612420761745643,0.9761305105435292,0.0037287973169917834
4864,2111536535,23,23.64367063221991,18.680205230496522,0.9761305105435292,0.0037287973169917834
4865,412185405,15,15.513817307425654,15.213844201617244,0.9761305105435292,0.0037287973169917834
4866,2104352358,21,21.026698039734164,17.580255437199824,0.9761305105435292,0.0037287973169917834
4867,1653208412,16,16.230160198140442,14.306915450808441,0.9761305105435292,0.0037287973169917834
4868,1752542015,19,19.130091386506905,15.896331561091472,0.9761305105435292,0.0037287973169917834
4869,452204934,14,13.76706488500976,16.20048732529441,0.9761305105435292,0.0037287973169917834
4870,2021017741,15,15.803199792282484,14.350027719152155,0.9761305105435292,0.0037287973169917834
4871,3614881768,21,20.538464693149194,16.63573465932108,0.9761305105435292,0.0037287973169917834
4872,4199473579,19,19.35522445538124,16.622889215552373,0.9761305105435292,0.0037287973169917834
4873,2661275826,19,19.51390035820532,15.301722248017072,0.9761305105435292,0.0037287973169917834
4874,2155558976,11,10.87485437821489,16.538695317619563,0.9761305105435292,0.0037287973169917834
4875,111893783,16,15.929885339096533,15.786624343345585,0.9761305105435292,0.0037287973169917834
4876,1713474978,13,12.808008324588645,16.484281607188244,0.9761305105435292,0.0037287973169917834
4877,3172558075,19,18.25694469435638,17.569928758479968,0.9761305105435292,0.0037287973169917834
4878,609817200,11,10.996771863682321,16.837247482226736,0.9761305105435292,0.0037287973169917834
4879,665673460,19,19.379495227454452,14.904598910272759,0.9761305105435292,0.0037287973169917834
4880,3827479625,13,12.282564799951686,14.128232944009056,0.9761305105435292,0.0037287973169917834
4881,3822956725,19,19.631625221883578,15.572210395625842,0.9761305105435292,0.0037287973169917834
4882,3862448415,16,16.694006628091792,16.717633702767934,0.9761305105435292,0.0037287973169917834
4883,1410573335,13,14.499147642206442,15.830507689651359,0.9761305105435292,0.0037287973169917834
4884,1173566129,16,16.173748885385766,16.20791185376475,0.9761305105435292,0.0037287973169917834
4885,1659140644,14,14.158551928560616,17.446129213343752,0.9761305105435292,0.0037287973169917834
4886,2042956630,16,16.90826400626272,16.491848404577222,0.9761305105435292,0.0037287973169917834
4887,1261088726,18,18.20238421546933,15.24480055517129,0.9761305105435292,0.0037287973169917834
4888,2128095703,19,19.94264538190823,17.053058842656604,0.9761305105435292,0.0037287973169917834
4889,1135420346,16,16.23211984861323,17.566595718049246,0.9761305105435292,0.0037287973169917834
4890,609008338,14,13.223850140507409,16.545032334934774,0.9761305105435292,0.0037287973169917834
4891,2490193759,19,18.44699549159776,15.397407575810671,0.9761305105435292,0.0037287973169917834
4892,3944627722,17,17.082104341685614,18.39297922403357,0.9761305105435292,0.0037287973169917834
4893,1126434323,10,9.08516008769776,18.008639963490594,0.9761305105435292,0.0037287973169917834
4894,1866507006,17,17.316716932913977,15.382828580278261,0.9761305105435292,0.0037287973169917834
4895,2457586836,16,16.474625889855936,18.498205342242315,0.9761305105435292,0.0037287973169917834
4896,3544439566,17,15.634201481757984,16.369747759591593,0.9761305105435292,0.0037287973169917834
4897,1043039103,19,18.962634393799704,16.13128875399668,0.9761305105435292,0.0037287973169917834
4898,4109517881,16,15.860053833989024,15.912449651943314,0.9761305105435292,0.0037287973169917834
4899,3116554308,14,13.23115671388005,16.493833588901907,0.9761305105435292,0.0037287973169917834
4900,571751628,12,12.310792649046421,15.608695651071718,0.9761305105435292,0.0037287973169917834
4901,692495041,12,12.688035687531146,16.73212592213286,0.9761305105435292,0.0037287973169917834
4902,1308077024,19,17.223252940783205,18.20783792027403,0.9761305105435292,0.0037287973169917834
4903,2165237476,14,13.268946984494551,15.757411626188986,0.9761305105435292,0.0037287973169917834
4904,3620101664,16,16.386122198797377,15.923480230148584,0.9761305105435292,0.0037287973169917834
4905,1383978098,17,16.862325066090275,17.61667559454014,0.9761305105435292,0.0037287973169917834
4906,3541738182,15,16.530661987519462,16.2234008265307,0.9761305105435292,0.0037287973169917834
4907,622046855,15,16.03966379241643,15.281458129825385,0.9761305105435292,0.0037287973169917834
4908,3998350665,19,18.036852002672234,15.211898771528922,0.9761305105435292,0.0037287973169917834
4909,2181255180,8,7.8007935739509815,16.199416979881047,0.9761305105435292,0.0037287973169917834
4910,3147310582,18,17.61587258369321,17.42036974304224,0.9761305105435292,0.0037287973169917834
4911,2581370591,20,19.391650713994373,16.318091274213977,0.9761305105435292,0.0037287973169917834
4912,2494449322,15,15.489518063364207,14.549052444300349,0.9761305105435292,0.0037287973169917834
4913,908161344,11,11.3787181624927,15.996613176709104,0.9761305105435292,0.0037287973169917834
4914,2200331486,15,14.697503340837802,16.29030947077181,0.9761305105435292,0.0037287973169917834
4915,2156772117,14,13.547192244272031,15.77620862987592,0.9761305105435292,0.0037287973169917834
4916,1647299510,18,17.88081755085971,15.24896920383872,0.9761305105435292,0.0037287973169917834
4917,4283470286,18,18.49775162520414,15.346304098649421,0.9761305105435292,0.0037287973169917834
4918,869841635,18,17.758784756450307,16.146319453502834,0.9761305105435292,0.0037287973169917834
4919,700283441,17,17.517815674454486,15.94484816030184,0.9761305105435292,0.0037287973169917834
4920,813848639,13,14.218156762678044,15.410092388099335,0.9761305105435292,0.0037287973169917834
4921,157156523,13,13.186278382914427,16.141236132319847,0.9761305105435292,0.0037287973169917834
4922,2237185000,16,16.625466305541227,14.852563293464536,0.9761305105435292,0.0037287973169917834
4923,456874395,18,18.572247737879383,16.821261217755342,0.9761305105435292,0.0037287973169917834
4924,1380201439,16,16.269956506182304,16.12024077839458,0.9761305105435292,0.0037287973169917834
4925,4142366023,22,22.037820233041657,16.624971716029872,0.9761305105435292,0.0037287973169917834
4926,3753159408,19,18.83005537950312,16.906614230754904,0.9761305105435292,0.0037287973169917834
4927,1133601753,15,14.662418753051137,15.303414936033198,0.9761305105435292,0.0037287973169917834
4928,1922743299,15,15.748815013320343,17.86062645070041,0.9761305105435292,0.0037287973169917834
4929,3651835105,16,15.342704377492819,16.54921379189063,0.9761305105435292,0.0037287973169917834
4930,3064935171,17,17.766183861982846,16.297577819750032,0.9761305105435292,0.0037287973169917834
4931,4256760669,19,18.812356481398716,16.632220456236787,0.9761305105435292,0.0037287973169917834
4932,73882885,13,12.069355896597548,14.5560196203532,0.9761305105435292,0.0037287973169917834
4933,2356879500,13,12.09365396385984,17.54837641191426,0.9761305105435292,0.0037287973169917834
4934,1075947254,13,12.91278497678023,15.89778294686622,0.9761305105435292,0.0037287973169917834
4935,3832458688,16,15.987757578447026,15.862502003900056,0.9761305105435292,0.0037287973169917834
4936,850930370,13,13.329217485842657,14.196171050720958,0.9761305105435292,0.0037287973169917834
4937,965906288,15,15.739904780335925,16.716929339657618,0.9761305105435292,0.0037287973169917834
4938,4227167654,22,22.147982678917355,16.757864756666216,0.9761305105435292,0.0037287973169917834
4939,3795056218,18,18.47611804832836,15.732739882328573,0.9761305105435292,0.0037287973169917834
4940,2891747415,15,14.30132794361972,15.65189024906827,0.9761305105435292,0.0037287973169917834
4941,3737561806,19,19.321023979124558,14.540790595209117,0.9761305105435292,0.0037287973169917834
4942,1094412827,15,14.835836576879597,17.702730610796415,0.9761305105435292,0.0037287973169917834
4943,2033293902,16,16.09917348574158,17.574589539894795,0.9761305105435292,0.0037287973169917834
4944,280970595,15,14.208008805773948,14.046046210980645,0.9761305105435292,0.0037287973169917834
4945,4012904295,18,18.400494547750903,17.151285183146033,0.9761305105435292,0.0037287973169917834
4946,744938233,18,17.940435701657854,15.159687187118575,0.9761305105435292,0.0037287973169917834
4947,3584411920,14,13.631239641722114,15.95202652281802,0.9761305105435292,0.0037287973169917834
4948,3374515764,12,12.532252218667228,16.287414736643207,0.9761305105435292,0.0037287973169917834
4949,3917858146,15,14.207817278920663,16.83244216673159,0.9761305105435292,0.0037287973169917834
4950,4261704913,16,15.492100285197543,14.37916131873296,0.9761305105435292,0.0037287973169917834
4951,70883269,14,14.764020247881865,16.77894984548961,0.9761305105435292,0.0037287973169917834
4952,518081435,17,16.980685124651448,14.776914153296193,0.9761305105435292,0.0037287973169917834
4953,3914805417,16,16.29587087003683,16.276237927333963,0.9761305105435292,0.0037287973169917834
4954,2717116233,18,17.454150934424383,16.486608439972507,0.9761305105435292,0.0037287973169917834
4955,3719641419,19,18.935168140402805,13.70380878160331,0.9761305105435292,0.0037287973169917834
4956,1394600092,17,16.704222088168724,14.345718201971328,0.9761305105435292,0.0037287973169917834
4957,896919550,22,22.75875930262432,16.78796806020109,0.9761305105435292,0.0037287973169917834
4958,1664316146,17,16.72469873760571,17.10216500201863,0.9761305105435292,0.0037287973169917834
4959,1821679694,13,13.924628264407527,17.333223182192203,0.9761305105435292,0.0037287973169917834
4960,691158869,16,15.612916837261935,17.280747235085318,0.9761305105435292,0.0037287973169917834
4961,3585620140,16,16.741689072453426,17.10389334657858,0.9761305105435292,0.0037287973169917834
4962,4213581273,18,17.817968350267734,15.283945052064478,0.9761305105435292,0.0037287973169917834
4963,1136728933,14,13.765350826222118,14.999376905570571,0.9761305105435292,0.0037287973169917834
4964,17772745,11,11.403877159552733,14.976274394904177,0.9761305105435292,0.0037287973169917834
4965,380660189,16,16.193684040082914,15.86732240215473,0.9761305105435292,0.0037287973169917834
4966,1653228684,11,11.359922835686772,16.820061167057524,0.9761305105435292,0.0037287973169917834
4967,3871033357,16,16.22269615937076,16.568008564134352,0.9761305105435292,0.0037287973169917834
4968,2201784057,17,16.621912409920803,16.560200395147923,0.9761305105435292,0.0037287973169917834
4969,360734390,14,15.63511691011218,16.074359647554225,0.9761305105435292,0.0037287973169917834
4970,794829050,14,13.95850045767348,18.092917659692755,0.9761305105435292,0.0037287973169917834
4971,853751796,18,17.701456616929534,15.047533077103292,0.9761305105435292,0.0037287973169917834
4972,2625709946,15,14.396219015699264,14.3054845036052,0.9761305105435292,0.0037287973169917834
4973,1463030076,14,13.79205307868502,16.64167859418,0.9761305105435292,0.0037287973169917834
4974,3688390280,17,17.685452501791428,15.632602528954774,0.9761305105435292,0.0037287973169917834
4975,23440574,15,14.014247879876521,16.5227490626581,0.9761305105435292,0.0037287973169917834
4976,3562331180,15,15.754599212150808,15.712667178971142,0.9761305105435292,0.0037287973169917834
4977,742898080,14,13.862537581096618,14.866163296715985,0.9761305105435292,0.0037287973169917834
4978,3841996475,15,15.737221739200677,16.01212091207118,0.9761305105435292,0.0037287973169917834
4979,3941381050,20,19.92655901381206,14.638659980659977,0.9761305105435292,0.0037287973169917834
4980,2258784569,13,13.667626635350109,15.598650668049165,0.9761305105435292,0.0037287973169917834
4981,1773922514,18,17.326879632605323,15.248579889636579,0.9761305105435292,0.0037287973169917834
4982,2456724761,15,14.918663053699301,14.586072620479225,0.9761305105435292,0.0037287973169917834
4983,3190153316,15,14.782307629215069,17.376984852911104,0.9761305105435292,0.0037287973169917834
4984,3325854380,14,13.86834725302641,16.979541406888693,0.9761305105435292,0.0037287973169917834
4985,1566390393,18,18.756097192606973,16.174014644449947,0.9761305105435292,0.0037287973169917834
4986,3084475509,20,20.5812583097037,16.678318576705454,0.9761305105435292,0.0037287973169917834
4987,2347477630,20,20.93381559013008,15.904709275479737,0.9761305105435292,0.0037287973169917834
4988,654598181,10,10.466034007422175,16.783724714615214,0.9761305105435292,0.0037287973169917834
4989,2792374221,18,17.949050862306116,14.474553433069758,0.9761305105435292,0.0037287973169917834
4990,3178240115,16,15.878707874878895,17.93299167282181,0.9761305105435292,0.0037287973169917834
4991,2487723058,13,12.987369784222343,16.52435811813365,0.9761305105435292,0.0037287973169917834
4992,3832860394,18,17.34870477502403,14.683891011218572,0.9761305105435292,0.0037287973169917834
4993,1101761243,16,15.915801889327568,16.51762038137915,0.9761305105435292,0.0037287973169917834
4994,1431267234,17,18.42588309776607,15.74090922472495,0.9761305105435292,0.0037287973169917834
4995,963183504,12,12.72632288557701,13.048398339655005,0.9761305105435292,0.0037287973169917834
4996,294263097,12,11.642306581944398,16.316834661336515,0.9761305105435292,0.0037287973169917834
4997,3531897925,14,12.957829401459268,17.655616437608618,0.9761305105435292,0.0037287973169917834
4998,4087132883,19,18.93486753343057,14.722280467915345,0.9761305105435292,0.0037287973169917834
4999,695342103,13,12.857034026538546,14.538267211965827,0.9761305105435292,0.0037287973169917834
5000,2067604315,19,18.853997167582904,17.851873762268667,0.9761305105435292,0.0037287973169917834
5001,204541383,13,11.928024255097812,15.119634538441383,0.9761305105435292,0.0037287973169917834
5002,3837209973,19,19.163015563144278,16.18022528123452,0.9761305105435292,0.0037287973169917834
5003,856954004,11,10.835447446527912,17.873288691314798,0.9761305105435292,0.0037287973169917834
5004,2702413004,13,13.446261856232676,15.182046077024301,0.9761305105435292,0.0037287973169917834
5005,1118158337,13,13.645061719159397,17.17070580388468,0.9761305105435292,0.0037287973169917834
5006,2649093622,22,21.775535096937784,18.46322229279833,0.9761305105435292,0.0037287973169917834
5007,746199794,16,16.096001231023706,15.280305437539417,0.9761305105435292,0.0037287973169917834
5008,2797032987,18,17.310331448200042,14.323353572366523,0.9761305105435292,0.0037287973169917834
5009,4220948977,19,18.894809027507005,14.49748481058715,0.9761305105435292,0.0037287973169917834
5010,1963768634,17,17.576458465711998,13.999137707029792,0.9761305105435292,0.0037287973169917834
5011,1006414750,21,21.57556390741889,16.78081104854702,0.9761305105435292,0.0037287973169917834
5012,923607566,13,13.047331838099677,15.971017864863242,0.9761305105435292,0.0037287973169917834
5013,3510584312,18,18.894986742339782,17.034243078002312,0.9761305105435292,0.0037287973169917834
5014,3514800525,19,18.59751772613591,18.168209151421262,0.9761305105435292,0.0037287973169917834
5015,1946707881,14,14.110753962535108,15.21589476428026,0.9761305105435292,0.0037287973169917834
5016,4243280174,19,19.303295634391098,16.703868794052966,0.9761305105435292,0.0037287973169917834
5017,1428443147,11,10.811149719253576,16.01330331654047,0.9761305105435292,0.0037287973169917834
5018,4082738095,20,19.370783438709733,14.444064994405235,0.9761305105435292,0.0037287973169917834
5019,2537640242,13,13.396060071128897,17.51181904312648,0.9761305105435292,0.0037287973169917834
5020,2155914041,10,9.936943509306655,15.722951501078834,0.9761305105435292,0.0037287973169917834
5021,486255489,17,17.82793678262747,18.63163660181099,0.9761305105435292,0.0037287973169917834
5022,102410215,16,15.791206122716332,15.902813142802373,0.9761305105435292,0.0037287973169917834
5023,2809286972,16,15.399049156420665,16.739441165065,0.9761305105435292,0.0037287973169917834
5024,3855132498,16,16.240590383170264,15.993051834496143,0.9761305105435292,0.0037287973169917834
5025,2705150092,13,12.290674062059717,15.804347731769539,0.9761305105435292,0.0037287973169917834
5026,2498453132,17,17.050747025524938,15.215045378442895,0.9761305105435292,0.0037287973169917834
5027,2321634506,13,13.614862380229486,16.06237459642559,0.9761305105435292,0.0037287973169917834
5028,3767768060,17,17.32062717953211,15.188274635889258,0.9761305105435292,0.0037287973169917834
5029,4115317869,17,16.536989148117808,16.50098105114764,0.9761305105435292,0.0037287973169917834
5030,3028529352,13,12.547404953715874,15.03912314600655,0.9761305105435292,0.0037287973169917834
5031,2931552547,19,17.76618605686181,16.159518276795566,0.9761305105435292,0.0037287973169917834
5032,1176471790,16,15.789795415749651,15.627136346429973,0.9761305105435292,0.0037287973169917834
5033,3977196271,20,19.921544237839,16.08340239480115,0.9761305105435292,0.0037287973169917834
5034,1651358774,17,17.2546877948549,17.44430972413202,0.9761305105435292,0.0037287973169917834
5035,4093805911,14,14.523123312379024,17.33511227060914,0.9761305105435292,0.0037287973169917834
5036,1851443329,14,13.20822991444482,18.058487984741447,0.9761305105435292,0.0037287973169917834
5037,3037591600,15,15.469911279063684,14.436646035375716,0.9761305105435292,0.0037287973169917834
5038,3945537656,14,14.231847762161456,15.514061275178538,0.9761305105435292,0.0037287973169917834
5039,2723853584,13,13.401796994124535,14.968966785598482,0.9761305105435292,0.0037287973169917834
5040,2621127043,16,16.961808963192883,15.184123735758021,0.9761305105435292,0.0037287973169917834
5041,3294702283,14,13.877653066722601,15.807811176230809,0.9761305105435292,0.0037287973169917834
5042,704891890,15,16.04114568799978,15.806488394295139,0.9761305105435292,0.0037287973169917834
5043,3894836446,18,17.440106415872428,15.40999924371709,0.9761305105435292,0.0037287973169917834
5044,2616978053,20,20.26863100772938,14.783057337091634,0.9761305105435292,0.0037287973169917834
5045,797539977,17,16.865899817510677,15.410983297995227,0.9761305105435292,0.0037287973169917834
5046,3572247436,16,16.33151982787036,15.334618875192922,0.9761305105435292,0.0037287973169917834
5047,601832102,18,19.011872060406102,17.524862873250786,0.9761305105435292,0.0037287973169917834
5048,714990685,17,17.36774458102082,16.409985925730286,0.9761305105435292,0.0037287973169917834
5049,3025629971,17,17.22586965620589,16.699630898046603,0.9761305105435292,0.0037287973169917834
5050,220870087,15,15.371117566630236,16.1950131078594,0.9761305105435292,0.0037287973169917834
5051,2462592797,15,15.134579495336741,13.955633368800298,0.9761305105435292,0.0037287973169917834
5052,1351738352,14,14.382916450878668,16.18445843008629,0.9761305105435292,0.0037287973169917834
5053,488158416,13,13.104923687579008,15.644575285731332,0.9761305105435292,0.0037287973169917834
5054,2388244075,18,17.59708105117245,15.236725416103571,0.9761305105435292,0.0037287973169917834
5055,2492882887,18,17.692543767409976,16.698597037219464,0.9761305105435292,0.0037287973169917834
5056,2512297558,19,20.292161917603828,17.198070328612175,0.9761305105435292,0.0037287973169917834
5057,1426477278,14,14.75110704253953,15.766414630930367,0.9761305105435292,0.0037287973169917834
5058,1635839093,14,14.201701666366679,15.612385878819586,0.9761305105435292,0.0037287973169917834
5059,3964586093,17,16.118782240711393,16.854443135777096,0.9761305105435292,0.0037287973169917834
5060,547852935,13,11.90705964794122,15.314916190267258,0.9761305105435292,0.0037287973169917834
5061,3194147158,17,17.315597011175615,17.821767999452106,0.9761305105435292,0.0037287973169917834
5062,2091001111,15,15.778164998581882,14.951833713649602,0.9761305105435292,0.0037287973169917834
5063,3073404077,17,17.671938063180523,14.775639761057494,0.9761305105435292,0.0037287973169917834
5064,2846302764,14,14.749177674865072,15.229371064477789,0.9761305105435292,0.0037287973169917834
5065,4093010557,21,22.20257261288781,15.208094521248714,0.9761305105435292,0.0037287973169917834
5066,3307662868,15,15.180876665257262,16.596439656747464,0.9761305105435292,0.0037287973169917834
5067,754528933,16,15.91122979820849,16.435349968947417,0.9761305105435292,0.0037287973169917834
5068,1967168048,12,12.0793686474746,16.764673105259117,0.9761305105435292,0.0037287973169917834
5069,3539787719,22,23.007441315640584,16.398048997659387,0.9761305105435292,0.0037287973169917834
5070,2197992939,15,15.433032912957724,14.674462395778836,0.9761305105435292,0.0037287973169917834
5071,3115749631,20,19.930275660783852,15.559917389130698,0.9761305105435292,0.0037287973169917834
5072,2212611000,15,15.309062385470776,16.61536463373816,0.9761305105435292,0.0037287973169917834
5073,3502488410,17,17.221336809623846,17.316076893779016,0.9761305105435292,0.0037287973169917834
5074,2344497184,13,12.248387471680797,15.800918406969842,0.9761305105435292,0.0037287973169917834
5075,3908902258,19,18.7924471953688,16.995835115434573,0.9761305105435292,0.0037287973169917834
5076,3499825375,17,16.795685079825578,17.110108874887185,0.9761305105435292,0.0037287973169917834
5077,3719701702,17,17.284725703713026,17.773698066637106,0.9761305105435292,0.0037287973169917834
5078,3469698600,17,18.09059910061689,15.798868011652587,0.9761305105435292,0.0037287973169917834
5079,1587173387,15,15.223745157414024,15.227963000069952,0.9761305105435292,0.0037287973169917834
5080,347172748,15,15.140804378754762,16.116550557197908,0.9761305105435292,0.0037287973169917834
5081,1750324831,18,17.04649893046476,15.345507181320357,0.9761305105435292,0.0037287973169917834
5082,3663239774,17,17.11787152991206,17.199817080823443,0.9761305105435292,0.0037287973169917834
5083,1850612622,17,17.53170477084964,17.606853792550346,0.9761305105435292,0.0037287973169917834
5084,2855516768,15,15.639315767046096,15.511819089261857,0.9761305105435292,0.0037287973169917834
5085,2941383324,18,18.590395022106968,17.63619828676034,0.9761305105435292,0.0037287973169917834
5086,628255866,16,16.554720764427692,14.634448412270237,0.9761305105435292,0.0037287973169917834
5087,4182216361,18,17.694803759969048,14.451478655052597,0.9761305105435292,0.0037287973169917834
5088,3991443239,19,18.976427216188572,15.907000596911107,0.9761305105435292,0.0037287973169917834
5089,4278043312,20,20.580320607346987,16.254099517184084,0.9761305105435292,0.0037287973169917834
5090,2084697172,15,14.998096591287492,15.296354353486413,0.9761305105435292,0.0037287973169917834
5091,4121106740,16,15.344047919447386,15.385784902539958,0.9761305105435292,0.0037287973169917834
5092,458381680,14,13.896451352200069,15.532357823667079,0.9761305105435292,0.0037287973169917834
5093,2218852343,18,18.37054232120564,15.883662010565786,0.9761305105435292,0.0037287973169917834
5094,3564248362,15,13.905296122756118,16.694959547987537,0.9761305105435292,0.0037287973169917834
5095,2401276378,14,13.493256393467686,17.150641158458118,0.9761305105435292,0.0037287973169917834
5096,835831813,12,13.27957643987023,13.986431045987652,0.9761305105435292,0.0037287973169917834
5097,1144479765,12,12.288473943071669,15.825706000178755,0.9761305105435292,0.0037287973169917834
5098,1401244970,14,14.094384380640728,14.640703897042798,0.9761305105435292,0.0037287973169917834
5099,4001677047,21,20.790202308507688,17.239700058932357,0.9761305105435292,0.0037287973169917834
5100,883558579,13,13.561753219424016,16.719292696581757,0.9761305105435292,0.0037287973169917834
5101,4206081427,20,19.90953266513032,16.256028455924998,0.9761305105435292,0.0037287973169917834
5102,845193369,11,10.301472274384835,14.991670502570148,0.9761305105435292,0.0037287973169917834
5103,750862407,11,10.852597686664303,15.267284362757422,0.9761305105435292,0.0037287973169917834
5104,3258615882,12,12.025709813880397,17.29820652401431,0.9761305105435292,0.0037287973169917834
5105,2482051764,16,15.473139376773185,16.7452916074038,0.9761305105435292,0.0037287973169917834
5106,1562732048,13,14.832882330085251,14.346285408046288,0.9761305105435292,0.0037287973169917834
5107,2181669960,9,9.124738290934145,17.593525172717854,0.9761305105435292,0.0037287973169917834
5108,2471218710,16,15.456717256337104,15.864557798298375,0.9761305105435292,0.0037287973169917834
5109,1997992078,17,17.04358991353999,14.857282296367433,0.9761305105435292,0.0037287973169917834
5110,1098105034,13,14.843016282167245,15.597640399120621,0.9761305105435292,0.0037287973169917834
5111,4143732295,20,21.077009154129147,16.16366326313471,0.9761305105435292,0.0037287973169917834
5112,2336956603,15,15.449373176805565,15.52984474674144,0.9761305105435292,0.0037287973169917834
5113,1224382658,14,14.462952954173764,15.973926491672305,0.9761305105435292,0.0037287973169917834
5114,3176800942,17,17.632738869785147,15.974194354010573,0.9761305105435292,0.0037287973169917834
5115,2922792297,16,15.535543896804327,16.89574525648961,0.9761305105435292,0.0037287973169917834
5116,949371622,14,13.43999358929276,16.538238669616668,0.9761305105435292,0.0037287973169917834
5117,2284665947,15,13.378497849030051,15.42736069384029,0.9761305105435292,0.0037287973169917834
5118,1194269679,20,19.9439279173878,15.523799011967498,0.9761305105435292,0.0037287973169917834
5119,3828127620,14,13.68288520667617,16.295900919378656,0.9761305105435292,0.0037287973169917834
5120,1901843070,19,18.584619637739117,16.291465973593237,0.9761305105435292,0.0037287973169917834
5121,3456266284,12,11.90008995952764,15.651403514667958,0.9761305105435292,0.0037287973169917834
5122,363667660,13,14.07840951634403,16.123690472802718,0.9761305105435292,0.0037287973169917834
5123,4193649726,18,17.446033072613346,13.836608144798088,0.9761305105435292,0.0037287973169917834
5124,102526383,16,17.101446994147974,15.009950934756764,0.9761305105435292,0.0037287973169917834
5125,3189130222,18,18.669778751344104,16.10404514493382,0.9761305105435292,0.0037287973169917834
5126,3097745125,18,18.44018526089597,15.511129867170107,0.9761305105435292,0.0037287973169917834
5127,256312618,13,13.422079909410376,14.463992450251661,0.9761305105435292,0.0037287973169917834
5128,208974530,13,12.903013745365334,15.211082836678353,0.9761305105435292,0.0037287973169917834
5129,3677275270,16,16.067726460464076,16.08159706613864,0.9761305105435292,0.0037287973169917834
5130,2882848274,15,15.102710481584726,18.19626982028347,0.9761305105435292,0.0037287973169917834
5131,3482902395,22,22.166930690385122,15.824102226384804,0.9761305105435292,0.0037287973169917834
5132,4200547893,19,19.09275021321162,14.39542487015595,0.9761305105435292,0.0037287973169917834
5133,3168265365,19,18.696792199087263,17.418946246508376,0.9761305105435292,0.0037287973169917834
5134,314771737,11,10.96609826053847,15.703402801933155,0.9761305105435292,0.0037287973169917834
5135,2904435537,16,15.295283311564067,17.414858338827212,0.9761305105435292,0.0037287973169917834
5136,3670458713,16,16.962230636353368,15.849121793675582,0.9761305105435292,0.0037287973169917834
5137,3704083399,20,21.585524496657616,15.571822714341545,0.9761305105435292,0.0037287973169917834
5138,2823059979,13,12.588669118840532,15.213886547315719,0.9761305105435292,0.0037287973169917834
5139,1406398235,20,20.10907930331405,15.995471104733952,0.9761305105435292,0.0037287973169917834
5140,688041374,14,13.273634150268109,18.015894755277266,0.9761305105435292,0.0037287973169917834
5141,3528204305,10,9.330526796106328,15.317684255174322,0.9761305105435292,0.0037287973169917834
5142,2595912636,20,20.18764844880262,16.348206261856614,0.9761305105435292,0.0037287973169917834
5143,1543719518,14,14.392304094049342,15.660085172801876,0.9761305105435292,0.0037287973169917834
5144,2510172554,15,15.47601048322918,16.149906392546235,0.9761305105435292,0.0037287973169917834
5145,4162423528,15,15.610538596857378,15.918128084667185,0.9761305105435292,0.0037287973169917834
5146,2789492750,11,11.593615682415372,17.59679260264806,0.9761305105435292,0.0037287973169917834
5147,4044414731,16,15.65406032176367,17.57414281112756,0.9761305105435292,0.0037287973169917834
5148,766352604,18,19.185260462162127,16.51444380970061,0.9761305105435292,0.0037287973169917834
5149,2705806408,12,11.285980583964752,15.42025878016192,0.9761305105435292,0.0037287973169917834
5150,3002206886,15,15.68171740350444,14.831393740364259,0.9761305105435292,0.0037287973169917834
5151,18416821,10,9.909502131274879,15.699919759492394,0.9761305105435292,0.0037287973169917834
5152,1880883896,11,10.965667317173232,15.432213657528754,0.9761305105435292,0.0037287973169917834
5153,3924511275,18,17.9579832366855,18.33193835565271,0.9761305105435292,0.0037287973169917834
5154,3970699986,15,15.087618906107782,14.690756436385646,0.9761305105435292,0.0037287973169917834
5155,3001245946,17,17.836521368233758,15.50275354248402,0.9761305105435292,0.0037287973169917834
5156,143362467,12,12.206592421593099,16.81832727905724,0.9761305105435292,0.0037287973169917834
5157,2276869479,17,17.462323534888057,16.87472354517626,0.9761305105435292,0.0037287973169917834
5158,153572793,15,13.604227344595122,14.6243036074984,0.9761305105435292,0.0037287973169917834
5159,1990408076,17,17.99590587126129,17.371120189909576,0.9761305105435292,0.0037287973169917834
5160,887631298,14,14.681393406310198,16.356423440235403,0.9761305105435292,0.0037287973169917834
5161,4088131323,24,24.155931497217487,16.934266715274752,0.9761305105435292,0.0037287973169917834
5162,2910685222,16,16.925539779922335,17.47485710663773,0.9761305105435292,0.0037287973169917834
5163,262064347,18,18.290665535379468,16.685257519419675,0.9761305105435292,0.0037287973169917834
5164,1527505979,17,17.55723483934568,15.92665802126577,0.9761305105435292,0.0037287973169917834
5165,4154752159,21,21.183869524275377,14.939346846192674,0.9761305105435292,0.0037287973169917834
5166,2665915514,18,18.025620088225043,15.836051665708581,0.9761305105435292,0.0037287973169917834
5167,2349810556,15,14.938429829332886,14.263694342502934,0.9761305105435292,0.0037287973169917834
5168,1375093557,16,16.54112799220561,13.49163153155171,0.9761305105435292,0.0037287973169917834
5169,2792900649,13,12.528348919927243,16.75171948193119,0.9761305105435292,0.0037287973169917834
5170,2958026283,17,16.728566479546906,15.31941423331691,0.9761305105435292,0.0037287973169917834
5171,1012448519,16,16.597932783329732,16.97644695366596,0.9761305105435292,0.0037287973169917834
5172,2597875310,18,17.707787185163255,15.627100940786102,0.9761305105435292,0.0037287973169917834
5173,1795113215,21,21.30524592928385,18.03227118643616,0.9761305105435292,0.0037287973169917834
5174,3999884079,19,18.839086399189544,17.342648273789216,0.9761305105435292,0.0037287973169917834
5175,2941108840,16,15.253539617892637,16.317459611035147,0.9761305105435292,0.0037287973169917834
5176,329506628,16,16.04773359713065,13.438584451682772,0.9761305105435292,0.0037287973169917834
5177,149837833,12,11.330820242294022,17.377428719136116,0.9761305105435292,0.0037287973169917834
5178,2249234042,13,12.027390632775921,14.22472105224966,0.9761305105435292,0.0037287973169917834
5179,2713171242,17,16.78479299132167,15.219926991449375,0.9761305105435292,0.0037287973169917834
5180,3397197048,18,18.6457599345431,17.365987401520425,0.9761305105435292,0.0037287973169917834
5181,1192361597,19,19.487434409878233,14.762940808825983,0.9761305105435292,0.0037287973169917834
5182,2596106084,19,18.487689543112985,14.195149175863609,0.9761305105435292,0.0037287973169917834
5183,3343417830,14,15.380027620218936,16.719062205481837,0.9761305105435292,0.0037287973169917834
5184,2240502212,14,14.494778670497118,15.203715416616948,0.9761305105435292,0.0037287973169917834
5185,212726192,15,15.066193060263743,14.863937329075165,0.9761305105435292,0.0037287973169917834
5186,3947503452,18,16.270201563733828,14.105000901274995,0.9761305105435292,0.0037287973169917834
5187,1272093291,17,16.015284489663504,14.56581632171385,0.9761305105435292,0.0037287973169917834
5188,2234127566,13,12.646135422907172,15.342300294355017,0.9761305105435292,0.0037287973169917834
5189,3007990713,17,16.77222117359886,14.075555628948312,0.9761305105435292,0.0037287973169917834
5190,2012438548,16,16.937748500617474,16.988858795959935,0.9761305105435292,0.0037287973169917834
5191,2501044345,15,14.281891331791135,14.979189892270131,0.9761305105435292,0.0037287973169917834
5192,4165636960,14,14.181862611476769,15.300394373506885,0.9761305105435292,0.0037287973169917834
5193,1684691866,16,15.592719795427175,15.295227185735413,0.9761305105435292,0.0037287973169917834
5194,223977557,13,12.195682417872113,15.244480743080066,0.9761305105435292,0.0037287973169917834
5195,984237446,14,14.335362471674767,15.300826945109256,0.9761305105435292,0.0037287973169917834
5196,2161024049,13,13.927786973754682,15.311952196400819,0.9761305105435292,0.0037287973169917834
5197,114260853,19,19.355790211992257,17.363231551522613,0.9761305105435292,0.0037287973169917834
5198,429838140,18,17.091793146580976,15.965826861128539,0.9761305105435292,0.0037287973169917834
5199,2091740877,20,19.738315504976672,15.349619479341609,0.9761305105435292,0.0037287973169917834
5200,1728308105,15,13.911847958583158,16.583308736544268,0.9761305105435292,0.0037287973169917834
5201,1127370466,14,14.439392193693191,17.289044854916426,0.9761305105435292,0.0037287973169917834
5202,2738133035,14,13.78031809895246,17.669267066739874,0.9761305105435292,0.0037287973169917834
5203,400875517,22,22.21383108206992,14.695889359838162,0.9761305105435292,0.0037287973169917834
5204,4222468690,18,18.49226176266306,15.72161816671609,0.9761305105435292,0.0037287973169917834
5205,3640886131,15,15.584681852714672,15.122462753266078,0.9761305105435292,0.0037287973169917834
5206,1937229431,21,21.327002277127576,14.703842898312868,0.9761305105435292,0.0037287973169917834
5207,2597020356,15,14.418378174739638,15.975631464917853,0.9761305105435292,0.0037287973169917834
5208,3530190113,15,15.072829370676725,16.4185770831554,0.9761305105435292,0.0037287973169917834
5209,3800908595,15,14.964260861921654,17.345061790385873,0.9761305105435292,0.0037287973169917834
5210,2973852860,14,15.06225245499402,16.50438244421738,0.9761305105435292,0.0037287973169917834
5211,2794823283,18,17.759181919016918,15.870311951053683,0.9761305105435292,0.0037287973169917834
5212,1528201359,14,14.253402505411653,15.293031801311434,0.9761305105435292,0.0037287973169917834
5213,4182972057,17,16.8574081289534,15.77048159920238,0.9761305105435292,0.0037287973169917834
5214,2490179954,14,14.20267314635474,16.853028405472084,0.9761305105435292,0.0037287973169917834
5215,3882495309,18,16.52408174302875,16.209536460638322,0.9761305105435292,0.0037287973169917834
5216,284413996,13,12.973234900544231,16.534949545819167,0.9761305105435292,0.0037287973169917834
5217,716718339,11,11.277782059823942,15.159521346134024,0.9761305105435292,0.0037287973169917834
5218,3902594909,20,21.12841315911776,18.300070877623178,0.9761305105435292,0.0037287973169917834
5219,4233448007,17,17.597365368338725,16.61408629227884,0.9761305105435292,0.0037287973169917834
5220,1334910477,15,15.999425385696487,16.692300097599844,0.9761305105435292,0.0037287973169917834
5221,3212556379,22,21.330242904048767,17.40711751886591,0.9761305105435292,0.0037287973169917834
5222,1531144985,16,15.476741688451579,17.137476141955325,0.9761305105435292,0.0037287973169917834
5223,3390971535,17,16.891071008674253,15.098069659281212,0.9761305105435292,0.0037287973169917834
5224,3618442464,16,15.49011703286094,16.886140907424927,0.9761305105435292,0.0037287973169917834
5225,556065828,10,10.117389776639321,16.950814179027642,0.9761305105435292,0.0037287973169917834
5226,2819098828,9,9.205441358614179,14.876366746053495,0.9761305105435292,0.0037287973169917834
5227,2570344515,13,13.48472531337437,16.64907904409394,0.9761305105435292,0.0037287973169917834
5228,2285459592,11,9.855601307358109,15.28283886140503,0.9761305105435292,0.0037287973169917834
5229,4279106663,22,20.767234395644902,17.221743905421683,0.9761305105435292,0.0037287973169917834
5230,4224208249,19,19.83372351063793,15.896336545012634,0.9761305105435292,0.0037287973169917834
5231,3096232541,15,15.582773885105947,15.148339862989607,0.9761305105435292,0.0037287973169917834
5232,39729440,11,11.30554948990684,16.337024359438097,0.9761305105435292,0.0037287973169917834
5233,3192335330,18,18.622800791487503,16.253482201352888,0.9761305105435292,0.0037287973169917834
5234,2733807139,15,14.030243695161152,15.230007422573703,0.9761305105435292,0.0037287973169917834
5235,919954825,16,16.232997394900757,16.552383070732894,0.9761305105435292,0.0037287973169917834
5236,1417457502,19,18.740833718441486,13.383464798968058,0.9761305105435292,0.0037287973169917834
5237,3533127456,16,17.085446863290837,18.734651754790598,0.9761305105435292,0.0037287973169917834
5238,1103920649,14,13.387288159735053,14.5783721552234,0.9761305105435292,0.0037287973169917834
5239,1285517137,18,18.426608589649625,15.347969716592052,0.9761305105435292,0.0037287973169917834
5240,3597748273,14,14.598347286571848,14.935823629508482,0.9761305105435292,0.0037287973169917834
5241,2393896126,21,21.901099858517558,17.97302308845496,0.9761305105435292,0.0037287973169917834
5242,2766529455,19,19.522014462430505,15.956869286898115,0.9761305105435292,0.0037287973169917834
5243,1040040767,22,21.129535909096898,16.931476896399854,0.9761305105435292,0.0037287973169917834
5244,3852377675,19,19.06103521463608,14.830856155504033,0.9761305105435292,0.0037287973169917834
5245,3384194390,18,19.084853521616093,14.624165939040912,0.9761305105435292,0.0037287973169917834
5246,1551988937,14,13.854851917891292,16.99811900037573,0.9761305105435292,0.0037287973169917834
5247,2951928123,21,21.276688691360004,17.384196283977055,0.9761305105435292,0.0037287973169917834
5248,994579782,13,13.392629341149291,16.149029400465913,0.9761305105435292,0.0037287973169917834
5249,2993734084,13,13.387979326904915,16.180077850658183,0.9761305105435292,0.0037287973169917834
5250,2627222302,16,16.424486455922768,17.07070900150813,0.9761305105435292,0.0037287973169917834
5251,2242458422,15,14.707750530743487,16.585489672228544,0.9761305105435292,0.0037287973169917834
5252,1727124618,16,17.08137038893235,14.374110467394718,0.9761305105435292,0.0037287973169917834
5253,361097044,15,15.327651496699314,15.767093907015147,0.9761305105435292,0.0037287973169917834
5254,670460680,16,16.9510940656285,16.815392083970785,0.9761305105435292,0.0037287973169917834
5255,2959254609,12,11.66481270222015,16.180989707310676,0.9761305105435292,0.0037287973169917834
5256,2783580704,12,11.824154843956727,16.98524970826287,0.9761305105435292,0.0037287973169917834
5257,3581895971,19,19.82478780572434,15.624914512086894,0.9761305105435292,0.0037287973169917834
5258,34452449,13,13.992346304781544,17.329257350357945,0.9761305105435292,0.0037287973169917834
5259,4031979498,18,17.457685888391698,16.19857117420023,0.9761305105435292,0.0037287973169917834
5260,2487255243,10,11.674993154315528,16.51779456301046,0.9761305105435292,0.0037287973169917834
5261,2087320246,20,19.48872359020165,17.64628029461097,0.9761305105435292,0.0037287973169917834
5262,2568986900,14,14.2242689047095,14.661226818277655,0.9761305105435292,0.0037287973169917834
5263,114524845,14,13.688395160227923,16.179226875669634,0.9761305105435292,0.0037287973169917834
5264,2116135832,16,16.198598494190232,15.507174177467466,0.9761305105435292,0.0037287973169917834
5265,3892020039,20,19.355326001936863,16.496614767552764,0.9761305105435292,0.0037287973169917834
5266,3076758812,18,18.50228365431684,15.61585987651353,0.9761305105435292,0.0037287973169917834
5267,1827617052,18,17.900675684606895,17.129961088224793,0.9761305105435292,0.0037287973169917834
5268,2041856889,17,17.825438761214834,17.320269453691083,0.9761305105435292,0.0037287973169917834
5269,370709224,12,12.26867474008148,17.668784027856894,0.9761305105435292,0.0037287973169917834
5270,1445632770,13,12.78649032493597,16.78763026209997,0.9761305105435292,0.0037287973169917834
5271,4289775809,17,16.830335763470742,14.845015819140562,0.9761305105435292,0.0037287973169917834
5272,643012448,14,14.026230396756128,14.961199339086047,0.9761305105435292,0.0037287973169917834
5273,1877348941,17,17.603299363128947,15.803210575109713,0.9761305105435292,0.0037287973169917834
5274,2970914841,11,10.161393140049185,16.628269383041935,0.9761305105435292,0.0037287973169917834
5275,4119601874,15,15.15511389682745,14.340341703917229,0.9761305105435292,0.0037287973169917834
5276,1574317640,16,15.933708813882854,16.697438202534403,0.9761305105435292,0.0037287973169917834
5277,2516334518,20,19.84034649362811,16.778288397066106,0.9761305105435292,0.0037287973169917834
5278,505145815,19,19.565314518068764,15.096218586375944,0.9761305105435292,0.0037287973169917834
5279,3942973161,19,19.233508033464723,15.980902159043737,0.9761305105435292,0.0037287973169917834
5280,3709503334,17,16.328400083025564,15.656881156325932,0.9761305105435292,0.0037287973169917834
5281,3360562458,14,13.636193672062635,13.667387767009544,0.9761305105435292,0.0037287973169917834
5282,4046773348,16,15.713598795984169,16.09148094471256,0.9761305105435292,0.0037287973169917834
5283,2331512033,14,14.512245545665255,18.808700283933025,0.9761305105435292,0.0037287973169917834
5284,1596601539,16,15.971292584510753,13.964140094058829,0.9761305105435292,0.0037287973169917834
5285,271958368,10,9.94126230887622,14.209376935912195,0.9761305105435292,0.0037287973169917834
5286,1381948213,18,19.08337957979199,15.585923930401282,0.9761305105435292,0.0037287973169917834
5287,2047017906,13,12.724746442013101,17.74899804561774,0.9761305105435292,0.0037287973169917834
5288,112223284,11,11.423405222398687,14.846333706143742,0.9761305105435292,0.0037287973169917834
5289,1887902692,15,14.707709855406975,15.58484559916801,0.9761305105435292,0.0037287973169917834
5290,1329497735,17,17.279372162037866,17.060855515879428,0.9761305105435292,0.0037287973169917834
5291,3087351682,14,13.23252153937158,17.70243986827408,0.9761305105435292,0.0037287973169917834
5292,2404910929,14,14.162172340921074,15.084037638302073,0.9761305105435292,0.0037287973169917834
5293,3133970921,18,18.452540028494916,15.47906096230374,0.9761305105435292,0.0037287973169917834
5294,1517016689,18,18.45005436472456,17.221641261065614,0.9761305105435292,0.0037287973169917834
5295,2256547008,9,8.751766371982997,15.153403222608512,0.9761305105435292,0.0037287973169917834
5296,923296951,15,16.01855666606607,14.805165474439338,0.9761305105435292,0.0037287973169917834
5297,3153854573,17,16.91532197925864,15.007456570776109,0.9761305105435292,0.0037287973169917834
5298,3986889711,21,21.87783375183685,16.548708853862028,0.9761305105435292,0.0037287973169917834
5299,1308564282,20,20.23240489847914,16.069226362990584,0.9761305105435292,0.0037287973169917834
5300,2205362698,13,12.676303098774259,16.272983769348276,0.9761305105435292,0.0037287973169917834
5301,3738127559,20,20.06426646926949,16.890409245408566,0.9761305105435292,0.0037287973169917834
5302,4151887202,18,18.303117772884168,18.21419568953386,0.9761305105435292,0.0037287973169917834
5303,1328579915,14,13.67547083139038,17.403673330821153,0.9761305105435292,0.0037287973169917834
5304,4086208390,18,18.436409665733567,15.140383607945589,0.9761305105435292,0.0037287973169917834
5305,982610917,17,17.218317950856,17.660633073376907,0.9761305105435292,0.0037287973169917834
5306,2588523446,18,16.980179244404972,14.44931065070073,0.9761305105435292,0.0037287973169917834
5307,2906682421,14,13.4702655433892,14.861256132664042,0.9761305105435292,0.0037287973169917834
5308,2305587022,17,17.229433845979806,15.866543682915625,0.9761305105435292,0.0037287973169917834
5309,1978298613,19,18.982723208082174,16.8258450690916,0.9761305105435292,0.0037287973169917834
5310,4088711027,20,19.75641089258696,16.385323712625002,0.9761305105435292,0.0037287973169917834
5311,3380663595,14,13.41019899731665,15.431147758470065,0.9761305105435292,0.0037287973169917834
5312,3241503555,15,15.866296308044577,16.601155133224086,0.9761305105435292,0.0037287973169917834
5313,3548412015,16,15.523089379324185,15.91703370150247,0.9761305105435292,0.0037287973169917834
5314,573115374,14,13.25834541235534,15.739795032963272,0.9761305105435292,0.0037287973169917834
5315,2155588954,16,16.374271544957995,15.74630629106386,0.9761305105435292,0.0037287973169917834
5316,2315777630,17,17.93711869334256,16.269500920781596,0.9761305105435292,0.0037287973169917834
5317,4021733220,20,21.579883570325663,15.792266624088928,0.9761305105435292,0.0037287973169917834
5318,17237319,10,10.332827593514576,15.304833737121772,0.9761305105435292,0.0037287973169917834
5319,1039921474,19,19.521145622958603,15.833469961061235,0.9761305105435292,0.0037287973169917834
5320,1308807045,14,12.831393913282387,16.061621116904806,0.9761305105435292,0.0037287973169917834
5321,1945390363,18,17.635827011960078,15.377675716948563,0.9761305105435292,0.0037287973169917834
5322,2050747589,19,18.758507780182576,14.267069046021206,0.9761305105435292,0.0037287973169917834
5323,1407920232,15,15.35102198970514,15.487611906151187,0.9761305105435292,0.0037287973169917834
5324,27513368,11,10.35324256150729,17.544704373368184,0.9761305105435292,0.0037287973169917834
5325,3102426336,15,14.873842070281963,14.464100354079175,0.9761305105435292,0.0037287973169917834
5326,1148624730,17,16.827320347322512,15.166934798573328,0.9761305105435292,0.0037287973169917834
5327,2489551724,15,16.22538899063501,16.937252132527526,0.9761305105435292,0.0037287973169917834
5328,522922786,15,14.220823122699334,17.13808531228498,0.9761305105435292,0.0037287973169917834
5329,773709506,17,16.513654591242027,15.308708166097773,0.9761305105435292,0.0037287973169917834
5330,4067534130,16,16.26434107510571,18.44262444137184,0.9761305105435292,0.0037287973169917834
5331,3157250151,18,17.26885837358117,15.94477111725799,0.9761305105435292,0.0037287973169917834
5332,651910526,20,19.351516351359002,16.53828797468219,0.9761305105435292,0.0037287973169917834
5333,3399780185,15,14.925603304989446,16.248539014154396,0.9761305105435292,0.0037287973169917834
5334,2000257486,17,18.43872720034535,16.355558572630372,0.9761305105435292,0.0037287973169917834
5335,224881420,15,15.009669999070846,16.185631941703146,0.9761305105435292,0.0037287973169917834
5336,3141427177,22,21.51503741824673,17.35111928327499,0.9761305105435292,0.0037287973169917834
5337,196154018,12,12.499024145749715,15.666531738902274,0.9761305105435292,0.0037287973169917834
5338,697470325,15,13.965440533339182,16.866945283525332,0.9761305105435292,0.0037287973169917834
5339,4282086285,22,22.169940967798286,15.446761404636115,0.9761305105435292,0.0037287973169917834
5340,4111409714,15,14.242644385689905,16.56727999749832,0.9761305105435292,0.0037287973169917834
5341,3699569977,17,15.254113648201786,15.209318388608569,0.9761305105435292,0.0037287973169917834
5342,2822307404,16,15.38572013243469,16.913397159075593,0.9761305105435292,0.0037287973169917834
5343,1934878957,19,18.1715277397769,16.111695670588187,0.9761305105435292,0.0037287973169917834
5344,2216862792,9,9.88483677942429,15.254075768991598,0.9761305105435292,0.0037287973169917834
5345,2633377829,15,15.517923138594568,16.31772422256187,0.9761305105435292,0.0037287973169917834
5346,2275512387,12,11.957756726338742,15.919327240332816,0.9761305105435292,0.0037287973169917834
5347,4194093099,19,20.174513207140077,17.698446567488553,0.9761305105435292,0.0037287973169917834
5348,3637935276,18,17.62227300441461,15.349059548226318,0.9761305105435292,0.0037287973169917834
5349,2621903534,15,15.117751131322157,14.858423956590105,0.9761305105435292,0.0037287973169917834
5350,1799062466,16,17.394794140238808,16.41237636274598,0.9761305105435292,0.0037287973169917834
5351,436702483,13,13.013357666946584,16.766415474446188,0.9761305105435292,0.0037287973169917834
5352,111042430,19,20.396734475921733,16.044564835113274,0.9761305105435292,0.0037287973169917834
5353,2759924823,13,13.025210861142332,15.873464087210465,0.9761305105435292,0.0037287973169917834
5354,1651624475,15,14.53643048537501,16.385616113208876,0.9761305105435292,0.0037287973169917834
5355,112973524,17,17.192649632685736,16.15386940150734,0.9761305105435292,0.0037287973169917834
5356,3870777627,18,17.440616433782658,16.660189579584156,0.9761305105435292,0.0037287973169917834
5357,1569264737,13,13.126515510262896,16.358522008818188,0.9761305105435292,0.0037287973169917834
5358,1280069831,13,11.797069191063445,15.154001978516169,0.9761305105435292,0.0037287973169917834
5359,2092512497,18,17.234818318062054,17.523915219122596,0.9761305105435292,0.0037287973169917834
5360,3966953393,19,18.592062632244613,17.24941615541559,0.9761305105435292,0.0037287973169917834
5361,658070372,16,16.003885892281748,13.99684471457079,0.9761305105435292,0.0037287973169917834
5362,648644331,16,16.601286302781016,16.05975114042391,0.9761305105435292,0.0037287973169917834
5363,2322492498,15,14.812519947405608,15.741568502882211,0.9761305105435292,0.0037287973169917834
5364,1713763591,16,15.824861047478006,17.586452823365804,0.9761305105435292,0.0037287973169917834
5365,3633650249,14,14.330106147804576,15.499407561917403,0.9761305105435292,0.0037287973169917834
5366,3775873184,11,11.36884025651661,16.028798917911548,0.9761305105435292,0.0037287973169917834
5367,1830780398,22,21.377543793189737,14.808484831255328,0.9761305105435292,0.0037287973169917834
5368,1133987191,17,16.62178158028696,17.419897862515903,0.9761305105435292,0.0037287973169917834
5369,2061960020,16,16.068677818173555,17.327598015038493,0.9761305105435292,0.0037287973169917834
5370,1346190282,16,16.710538596872816,16.053884156133478,0.9761305105435292,0.0037287973169917834
5371,1920841826,17,17.557305690485187,16.332353369877055,0.9761305105435292,0.0037287973169917834
5372,2252474778,11,10.602461628856563,15.940913590983559,0.9761305105435292,0.0037287973169917834
5373,837081381,15,15.932801951624864,13.431026605147675,0.9761305105435292,0.0037287973169917834
5374,1555595736,14,13.330318777224827,18.466786799210244,0.9761305105435292,0.0037287973169917834
5375,2545040360,18,18.440612397072737,16.508818076827264,0.9761305105435292,0.0037287973169917834
5376,3942546212,20,19.374453401817746,17.392021279506018,0.9761305105435292,0.0037287973169917834
5377,959458258,14,14.793407884010412,15.58455322946601,0.9761305105435292,0.0037287973169917834
5378,4182894241,17,16.863166169329865,16.16695424429643,0.9761305105435292,0.0037287973169917834
5379,3876574062,20,21.54862827799841,16.12296051449821,0.9761305105435292,0.0037287973169917834
5380,3611484578,15,14.733460145400368,13.944741705543516,0.9761305105435292,0.0037287973169917834
5381,908101804,11,11.589999167207507,16.78984203078742,0.9761305105435292,0.0037287973169917834
5382,1459467553,18,16.58385207988688,16.753454367024993,0.9761305105435292,0.0037287973169917834
5383,1372842333,18,19.420207294143772,16.87789509569885,0.9761305105435292,0.0037287973169917834
5384,974486340,15,15.19758758474992,15.983130809357451,0.9761305105435292,0.0037287973169917834
5385,962394749,20,20.12138507631615,15.268221169302127,0.9761305105435292,0.0037287973169917834
5386,730597243,16,18.09452439625266,15.185232891295442,0.9761305105435292,0.0037287973169917834
5387,2135043503,19,19.041398644486453,15.46396882331006,0.9761305105435292,0.0037287973169917834
5388,1669673813,15,14.78521876937233,17.31534122705692,0.9761305105435292,0.0037287973169917834
5389,1794557148,18,18.53742884205837,18.023445177708147,0.9761305105435292,0.0037287973169917834
5390,1150304968,9,8.576756532681566,16.65001082338013,0.9761305105435292,0.0037287973169917834
5391,2814268113,18,18.083459119376844,14.85755376789705,0.9761305105435292,0.0037287973169917834
5392,2074512157,18,16.39791987425118,16.276571927697137,0.9761305105435292,0.0037287973169917834
5393,1034889911,20,19.76067983632833,16.27299294205826,0.9761305105435292,0.0037287973169917834
5394,3633981273,16,15.181720198191323,15.843435813916964,0.9761305105435292,0.0037287973169917834
5395,203003917,11,11.026854452117984,15.669496010629803,0.9761305105435292,0.0037287973169917834
5396,1390637935,19,18.29946942486876,16.065166793742755,0.9761305105435292,0.0037287973169917834
5397,3914993612,17,17.314931530538754,17.646902164102617,0.9761305105435292,0.0037287973169917834
5398,817172301,15,15.8971771800642,15.712749210382148,0.9761305105435292,0.0037287973169917834
5399,3157694823,18,19.069604897766382,15.5589756414925,0.9761305105435292,0.0037287973169917834
5400,221997456,14,12.971507163836241,16.360392621062818,0.9761305105435292,0.0037287973169917834
5401,789689682,15,14.463018861324647,15.245270311501045,0.9761305105435292,0.0037287973169917834
5402,268650516,7,6.471671546228764,16.685720010434366,0.9761305105435292,0.0037287973169917834
5403,2488174077,17,17.30385000939203,15.41820996380289,0.9761305105435292,0.0037287973169917834
5404,2628266,9,8.453643881469384,14.108411793689621,0.9761305105435292,0.0037287973169917834
5405,21518566,11,11.025697061945419,16.88703009254538,0.9761305105435292,0.0037287973169917834
5406,3684925441,12,12.25431237457273,14.497757732139092,0.9761305105435292,0.0037287973169917834
5407,179305938,19,19.009460793794975,16.954238619684755,0.9761305105435292,0.0037287973169917834
5408,3376649988,13,13.243395020825195,15.80850504138284,0.9761305105435292,0.0037287973169917834
5409,3941228368,18,18.071190135468257,15.508734009751496,0.9761305105435292,0.0037287973169917834
5410,854909470,16,16.435522821130995,15.22153429486041,0.9761305105435292,0.0037287973169917834
5411,4158129611,18,18.097815685226603,15.88875129058269,0.9761305105435292,0.0037287973169917834
5412,3566519167,18,19.41198425406674,17.643236668460823,0.9761305105435292,0.0037287973169917834
5413,1402170578,16,16.73668205115485,15.204582403807981,0.9761305105435292,0.0037287973169917834
5414,3757040939,23,22.045748160145013,16.180253606346675,0.9761305105435292,0.0037287973169917834
5415,3487892418,16,17.16518440445867,15.843554849295334,0.9761305105435292,0.0037287973169917834
5416,2092994700,12,12.346298841100023,17.46915451522661,0.9761305105435292,0.0037287973169917834
5417,3810600379,16,16.507082382626844,17.305335877216756,0.9761305105435292,0.0037287973169917834
5418,4152577067,17,16.963197793021816,15.939327638465803,0.9761305105435292,0.0037287973169917834
5419,3401404721,16,15.484515359643572,15.387592976705298,0.9761305105435292,0.0037287973169917834
5420,4199383468,16,15.907321773533535,13.930611328074878,0.9761305105435292,0.0037287973169917834
5421,1969693424,16,14.68493942464263,18.446057838984512,0.9761305105435292,0.0037287973169917834
5422,1058919147,20,19.87883330442422,15.813240288794962,0.9761305105435292,0.0037287973169917834
5423,1008193881,16,16.02182378960373,15.204180670162833,0.9761305105435292,0.0037287973169917834
5424,3635664374,20,19.67813694582651,15.182432538227314,0.9761305105435292,0.0037287973169917834
5425,195974961,16,16.792339418335935,17.236825678249268,0.9761305105435292,0.0037287973169917834
5426,964980515,15,14.859181646863163,14.205004994934352,0.9761305105435292,0.0037287973169917834
5427,641513370,17,16.857541734611107,16.72937659009371,0.9761305105435292,0.0037287973169917834
5428,684019037,15,15.73322166354826,16.35821815098691,0.9761305105435292,0.0037287973169917834
5429,2225893172,15,14.607748313776932,13.561597474051656,0.9761305105435292,0.0037287973169917834
5430,1243710598,10,9.768940571426906,15.660390491983005,0.9761305105435292,0.0037287973169917834
5431,3505989545,17,17.62403663123252,15.787369284877887,0.9761305105435292,0.0037287973169917834
5432,3999285052,18,18.90327846254599,16.787093413720413,0.9761305105435292,0.0037287973169917834
5433,1640294854,15,15.628000614780237,16.443667352207036,0.9761305105435292,0.0037287973169917834
5434,3719590089,17,16.286146317207546,16.863220435051055,0.9761305105435292,0.0037287973169917834
5435,2799536605,19,19.990041666161417,15.11036004393522,0.9761305105435292,0.0037287973169917834
5436,3114524410,21,21.16803481449894,15.688117586099182,0.9761305105435292,0.0037287973169917834
5437,2457376459,16,15.54303402239328,15.779962251251192,0.9761305105435292,0.0037287973169917834
5438,2962336487,16,15.236156189128952,16.24460000561799,0.9761305105435292,0.0037287973169917834
5439,1497372301,12,11.386364817967104,16.677070173030614,0.9761305105435292,0.0037287973169917834
5440,791973206,16,16.82461679361487,15.910531191361628,0.9761305105435292,0.0037287973169917834
5441,4134776809,22,23.31526052814134,14.692000690085631,0.9761305105435292,0.0037287973169917834
5442,2868577844,16,15.398920663822263,15.181157686899798,0.9761305105435292,0.0037287973169917834
5443,1248372343,16,15.716855857456517,17.24893309971058,0.9761305105435292,0.0037287973169917834
5444,3751594601,19,18.804313720417817,16.961099821131434,0.9761305105435292,0.0037287973169917834
5445,134860895,12,12.149288887804914,16.073960745301704,0.9761305105435292,0.0037287973169917834
5446,1571930176,12,11.567316085438478,17.08478787730635,0.9761305105435292,0.0037287973169917834
5447,1312984987,16,16.387608522616063,18.45010342802518,0.9761305105435292,0.0037287973169917834
5448,865056631,21,21.555411420349618,16.611193059966997,0.9761305105435292,0.0037287973169917834
5449,3809032916,15,16.060922008438904,18.28417630961079,0.9761305105435292,0.0037287973169917834
5450,762734718,18,17.80473180757557,17.53434634544446,0.9761305105435292,0.0037287973169917834
5451,2799050367,20,20.06734972359777,15.03485088137117,0.9761305105435292,0.0037287973169917834
5452,3888645194,13,11.871256972615308,16.6305848101892,0.9761305105435292,0.0037287973169917834
5453,1637862098,17,17.089310619650128,15.305880297357442,0.9761305105435292,0.0037287973169917834
5454,1667018476,18,18.68155988866406,15.889701083077174,0.9761305105435292,0.0037287973169917834
5455,4127839662,18,17.583262403925527,17.109262868581585,0.9761305105435292,0.0037287973169917834
5456,3211389744,19,18.14501311196895,15.465775738036308,0.9761305105435292,0.0037287973169917834
5457,2613362863,16,14.89415436392838,18.60265156400435,0.9761305105435292,0.0037287973169917834
5458,2608293526,19,19.83670223142746,18.642767407454038,0.9761305105435292,0.0037287973169917834
5459,3741230323,22,22.662544075530587,14.318590401272195,0.9761305105435292,0.0037287973169917834
5460,94925272,13,12.844064938050739,16.581273758979926,0.9761305105435292,0.0037287973169917834
5461,1920293004,15,14.814026753059341,15.889130458340436,0.9761305105435292,0.0037287973169917834
5462,3223814134,19,20.20434219305409,14.42295491268601,0.9761305105435292,0.0037287973169917834
5463,733362069,18,17.802553177362448,15.032699174666103,0.9761305105435292,0.0037287973169917834
5464,1403847375,16,16.119729122456242,15.406485470729654,0.9761305105435292,0.0037287973169917834
5465,460325391,12,12.207233621812692,18.288746608134037,0.9761305105435292,0.0037287973169917834
5466,4069392492,13,13.566871160247388,15.25009995953647,0.9761305105435292,0.0037287973169917834
5467,3073913432,15,14.937066577203689,17.725735212507534,0.9761305105435292,0.0037287973169917834
5468,3562087826,13,12.96779856990965,17.009293734301792,0.9761305105435292,0.0037287973169917834
5469,215977273,17,17.04203533963588,14.757590603295693,0.9761305105435292,0.0037287973169917834
5470,1983582939,18,18.45168938832547,15.781383648791769,0.9761305105435292,0.0037287973169917834
5471,2991864432,14,13.516391255262866,16.539737183793115,0.9761305105435292,0.0037287973169917834
5472,2198400209,13,13.661929381350157,18.340218248652924,0.9761305105435292,0.0037287973169917834
5473,699258221,18,17.146456894152898,17.220926987826303,0.9761305105435292,0.0037287973169917834
5474,2435477088,13,12.924655375350156,15.45637022315292,0.9761305105435292,0.0037287973169917834
5475,2137923479,22,22.237152766842932,18.697933796126645,0.9761305105435292,0.0037287973169917834
5476,927158166,17,16.138000736121846,14.83412053030851,0.9761305105435292,0.0037287973169917834
5477,4267564986,24,24.04356236956143,15.70960551854417,0.9761305105435292,0.0037287973169917834
5478,2421168277,10,10.250445331943121,15.336535853944167,0.9761305105435292,0.0037287973169917834
5479,3460250452,19,18.794050647770987,17.023419880143543,0.9761305105435292,0.0037287973169917834
5480,4011048167,21,20.894452873336384,15.702726398467401,0.9761305105435292,0.0037287973169917834
5481,118883766,13,12.525730401608504,16.733823814837013,0.9761305105435292,0.0037287973169917834
5482,1284623904,12,12.708349965037796,16.28418182784673,0.9761305105435292,0.0037287973169917834
5483,73954165,14,13.818323930203189,16.39958818982336,0.9761305105435292,0.0037287973169917834
5484,11452199,16,16.084030722467865,16.030224229132195,0.9761305105435292,0.0037287973169917834
5485,614505934,14,13.931303597390201,13.776044374439437,0.9761305105435292,0.0037287973169917834
5486,1980149136,14,14.682803168389938,15.516100862736963,0.9761305105435292,0.0037287973169917834
5487,530954701,19,18.694077243884,16.04445069072482,0.9761305105435292,0.0037287973169917834
5488,3988097272,18,18.177653676828978,14.991850396329662,0.9761305105435292,0.0037287973169917834
5489,2228247184,11,11.100052618771699,14.831177098187055,0.9761305105435292,0.0037287973169917834
5490,2978725818,20,20.599369722905575,14.104193757052872,0.9761305105435292,0.0037287973169917834
5491,84378213,11,11.64097613666868,15.717320736162156,0.9761305105435292,0.0037287973169917834
5492,2755440499,18,17.310386820248528,17.36114010201861,0.9761305105435292,0.0037287973169917834
5493,1435472663,17,16.252149121933453,14.568306443656104,0.9761305105435292,0.0037287973169917834
5494,4239426981,16,16.235671044888626,14.912411101664725,0.9761305105435292,0.0037287973169917834
5495,4015987483,21,20.807417121771728,14.301319419275165,0.9761305105435292,0.0037287973169917834
5496,420978731,13,13.209034561207364,15.924544301875892,0.9761305105435292,0.0037287973169917834
5497,976364953,14,13.822023966569464,16.46952892185139,0.9761305105435292,0.0037287973169917834
5498,1831174033,18,18.47133007836245,16.35199657285376,0.9761305105435292,0.0037287973169917834
5499,4037149251,11,11.904456475829386,15.217670444557523,0.9761305105435292,0.0037287973169917834
5500,3313675461,14,13.944256735657214,17.174976745700363,0.9761305105435292,0.0037287973169917834
5501,4227732034,18,17.176295500407516,14.940406059744356,0.9761305105435292,0.0037287973169917834
5502,2228311111,13,13.35970794598806,18.592236612212403,0.9761305105435292,0.0037287973169917834
5503,2604336581,16,17.246058005103,15.65632954537208,0.9761305105435292,0.0037287973169917834
5504,4018739059,19,17.872737652149404,15.579881516316636,0.9761305105435292,0.0037287973169917834
5505,1880608899,13,13.080175362593613,15.886994448866478,0.9761305105435292,0.0037287973169917834
5506,2997028895,14,14.838990210818105,13.880274038518952,0.9761305105435292,0.0037287973169917834
5507,3202576613,19,18.209784658188944,17.200950829572395,0.9761305105435292,0.0037287973169917834
5508,3867487744,12,12.068383637271918,17.21684156559224,0.9761305105435292,0.0037287973169917834
5509,2429571665,11,10.041999396153432,16.867266512077407,0.9761305105435292,0.0037287973169917834
5510,3076041061,17,15.906680530643218,16.332682503064138,0.9761305105435292,0.0037287973169917834
5511,301766354,16,15.57894084204265,15.874173486309948,0.9761305105435292,0.0037287973169917834
5512,1790438434,17,17.267233842463888,14.887138400375704,0.9761305105435292,0.0037287973169917834
5513,861400290,18,18.17897164492563,15.968358445238739,0.9761305105435292,0.0037287973169917834
5514,1461403204,16,15.870040409458557,15.627805008650366,0.9761305105435292,0.0037287973169917834
5515,536921308,9,9.636095148998342,13.640118727417308,0.9761305105435292,0.0037287973169917834
5516,2824541934,17,16.251643722703164,15.049488979745169,0.9761305105435292,0.0037287973169917834
5517,381342086,15,14.04788106118832,15.781614054867273,0.9761305105435292,0.0037287973169917834
5518,629736613,11,11.704716298923582,15.234171965860511,0.9761305105435292,0.0037287973169917834
5519,3231845226,12,12.289025500483332,14.463034989625779,0.9761305105435292,0.0037287973169917834
5520,2038488895,19,19.449578072234505,15.804091480694979,0.9761305105435292,0.0037287973169917834
5521,3420417938,21,20.413738681655804,14.904636674825118,0.9761305105435292,0.0037287973169917834
5522,968828681,17,16.787790719654758,16.655592682207846,0.9761305105435292,0.0037287973169917834
5523,3966430306,17,16.090872240137518,16.738629507529787,0.9761305105435292,0.0037287973169917834
5524,2395830673,17,16.485485619329815,17.639539710264422,0.9761305105435292,0.0037287973169917834
5525,3332608814,16,15.259367740896826,17.680982550381593,0.9761305105435292,0.0037287973169917834
5526,3875517789,23,22.999671563944247,14.74490127225358,0.9761305105435292,0.0037287973169917834
5527,2919198353,21,20.219382043941614,16.905884361525942,0.9761305105435292,0.0037287973169917834
5528,518984723,16,16.18159891268805,13.782620551586813,0.9761305105435292,0.0037287973169917834
5529,3113888080,14,13.667929960633327,16.04138528075013,0.9761305105435292,0.0037287973169917834
5530,4190597641,17,17.782683192720786,16.82450828834778,0.9761305105435292,0.0037287973169917834
5531,2950522158,20,19.88670171475415,16.079128818287444,0.9761305105435292,0.0037287973169917834
5532,605369788,14,14.434706842670954,19.34613544599479,0.9761305105435292,0.0037287973169917834
5533,2287406100,11,11.902336493941567,15.641221187996512,0.9761305105435292,0.0037287973169917834
5534,3505440941,15,15.156821198004684,14.450181657111818,0.9761305105435292,0.0037287973169917834
5535,974011088,14,14.593512603488557,19.530162900190245,0.9761305105435292,0.0037287973169917834
5536,2547636040,18,17.968517701728594,13.896623688979371,0.9761305105435292,0.0037287973169917834
5537,692380091,15,14.152493331321242,15.89089189217896,0.9761305105435292,0.0037287973169917834
5538,3789398513,18,17.14958232899459,16.414606240651942,0.9761305105435292,0.0037287973169917834
5539,3417259365,20,20.372926433832543,16.207273928107117,0.9761305105435292,0.0037287973169917834
5540,562190185,13,13.720545830694908,14.44689218975912,0.9761305105435292,0.0037287973169917834
5541,1523776777,17,17.672267343503513,16.94521750754781,0.9761305105435292,0.0037287973169917834
5542,1190438381,18,18.63143780825352,15.74473710235275,0.9761305105435292,0.0037287973169917834
5543,3627034415,15,14.608469921518019,15.50440786167773,0.9761305105435292,0.0037287973169917834
5544,1827899976,15,15.851083225376843,15.098604549127344,0.9761305105435292,0.0037287973169917834
5545,253074505,14,12.53215299397564,14.725490563655807,0.9761305105435292,0.0037287973169917834
5546,3310897084,16,15.270293800919836,14.245350317705453,0.9761305105435292,0.0037287973169917834
5547,1109638154,12,12.287306718620886,15.482992921474992,0.9761305105435292,0.0037287973169917834
5548,3243605588,16,15.835273858094093,18.076617477542854,0.9761305105435292,0.0037287973169917834
5549,2377118115,19,18.972653126788295,16.860752916336246,0.9761305105435292,0.0037287973169917834
5550,2558684643,15,14.290357014970317,14.650093077224636,0.9761305105435292,0.0037287973169917834
5551,1696769809,13,12.90395030160658,16.25910461295996,0.9761305105435292,0.0037287973169917834
5552,2999371731,18,18.265831834052893,16.462960718803355,0.9761305105435292,0.0037287973169917834
5553,641426893,17,16.717039072231277,16.34305004158896,0.9761305105435292,0.0037287973169917834
5554,3497222758,15,14.564693228418875,15.630777359431395,0.9761305105435292,0.0037287973169917834
5555,3170670942,20,19.7964497012381,16.842461080415333,0.9761305105435292,0.0037287973169917834
5556,811436148,13,13.443157889142805,15.645886103362262,0.9761305105435292,0.0037287973169917834
5557,2651604284,14,14.16524853640548,16.08557016683866,0.9761305105435292,0.0037287973169917834
5558,1116927829,16,16.069234494641034,15.650037912917409,0.9761305105435292,0.0037287973169917834
5559,1265065763,18,18.318155907133367,15.135704582860615,0.9761305105435292,0.0037287973169917834
5560,932163601,15,15.394511225378196,17.056037581194662,0.9761305105435292,0.0037287973169917834
5561,1478700012,15,15.668800889103087,17.30679274827856,0.9761305105435292,0.0037287973169917834
5562,728587689,18,17.651099865205772,15.668977615284465,0.9761305105435292,0.0037287973169917834
5563,353400696,14,13.888821129047773,17.402569110666565,0.9761305105435292,0.0037287973169917834
5564,782091759,20,20.173232015643375,17.756325548426705,0.9761305105435292,0.0037287973169917834
5565,3574386001,15,14.414432901023536,15.919420357350504,0.9761305105435292,0.0037287973169917834
5566,1569186623,20,19.27761628918504,16.63104339027575,0.9761305105435292,0.0037287973169917834
5567,3146432063,21,21.20587206627805,14.61622799172521,0.9761305105435292,0.0037287973169917834
5568,4113683815,19,17.97589345692336,16.218074284705654,0.9761305105435292,0.0037287973169917834
5569,3070511068,16,16.016444972739745,15.929894894433215,0.9761305105435292,0.0037287973169917834
5570,853588476,17,15.707950303842747,15.569582478884442,0.9761305105435292,0.0037287973169917834
5571,3276593306,15,15.190689484641627,15.942998903382463,0.9761305105435292,0.0037287973169917834
5572,1073867541,11,12.148646296591608,17.531178055189372,0.9761305105435292,0.0037287973169917834
5573,193995205,11,10.586762171050342,15.574000085307897,0.9761305105435292,0.0037287973169917834
5574,21864000,11,11.48054310177305,16.8305672015943,0.9761305105435292,0.0037287973169917834
5575,1057728796,16,16.477174343292877,15.640126020392717,0.9761305105435292,0.0037287973169917834
5576,1249745728,15,13.555546942210324,16.616682929529475,0.9761305105435292,0.0037287973169917834
5577,3827865451,16,16.224528518345615,15.160235369634156,0.9761305105435292,0.0037287973169917834
5578,3179917437,18,18.811383008242014,16.557099555914085,0.9761305105435292,0.0037287973169917834
5579,792686657,16,16.40193821534117,16.354414590493754,0.9761305105435292,0.0037287973169917834
5580,3467427770,21,20.829782239898694,17.08944007817255,0.9761305105435292,0.0037287973169917834
5581,2929219945,16,16.653514321663,14.275666905794727,0.9761305105435292,0.0037287973169917834
5582,3780371483,16,15.627412844154355,18.448141147282676,0.9761305105435292,0.0037287973169917834
5583,304794613,16,15.054678391286895,14.433441784628055,0.9761305105435292,0.0037287973169917834
5584,2465164349,19,18.88520746593248,13.263503542765346,0.9761305105435292,0.0037287973169917834
5585,2197897039,15,14.410081875551324,15.657710682681858,0.9761305105435292,0.0037287973169917834
5586,777464019,16,15.717505150783769,15.482095746352087,0.9761305105435292,0.0037287973169917834
5587,4112824241,18,18.86956654176775,16.083816054031697,0.9761305105435292,0.0037287973169917834
5588,3280817594,17,17.936862593761774,16.526363843633753,0.9761305105435292,0.0037287973169917834
5589,4275210763,17,16.440147154983293,15.856470115365346,0.9761305105435292,0.0037287973169917834
5590,1624349113,15,14.109652576409946,18.092321696191394,0.9761305105435292,0.0037287973169917834
5591,1919612025,18,17.606162817401696,13.979261715627128,0.9761305105435292,0.0037287973169917834
5592,3118555681,14,13.294866528520771,15.370645359084113,0.9761305105435292,0.0037287973169917834
5593,2921083535,16,16.087772220204265,16.95202537727477,0.9761305105435292,0.0037287973169917834
5594,2074540014,23,22.60322895731076,15.12542632128753,0.9761305105435292,0.0037287973169917834
5595,3056788065,15,14.554134051371587,15.963847230214373,0.9761305105435292,0.0037287973169917834
5596,2025491864,16,15.474290853136997,16.915926334538135,0.9761305105435292,0.0037287973169917834
5597,2233354910,15,14.793711140165675,14.951030023533644,0.9761305105435292,0.0037287973169917834
5598,4001051043,19,19.17602511528425,16.475013946904568,0.9761305105435292,0.0037287973169917834
5599,518646047,19,18.59805237209278,14.723875264796177,0.9761305105435292,0.0037287973169917834
5600,2103828792,17,17.684855402726928,18.033374863952364,0.9761305105435292,0.0037287973169917834
5601,2675309489,22,22.431392991605644,15.211859501674212,0.9761305105435292,0.0037287973169917834
5602,3265144329,13,12.963081997919852,15.134205448682042,0.9761305105435292,0.0037287973169917834
5603,3272326822,17,16.798427940802846,16.025327273734597,0.9761305105435292,0.0037287973169917834
5604,3994593364,14,13.613754454846823,16.308271763382596,0.9761305105435292,0.0037287973169917834
5605,3091706472,15,14.5608962627234,15.427615164382797,0.9761305105435292,0.0037287973169917834
5606,385238394,17,16.42681315731982,16.54647193114716,0.9761305105435292,0.0037287973169917834
5607,2237019781,14,14.13548528305532,17.417827210928483,0.9761305105435292,0.0037287973169917834
5608,1257942440,17,17.35512219750526,16.299931528909017,0.9761305105435292,0.0037287973169917834
5609,2578866882,15,15.82352331140205,15.828259197086576,0.9761305105435292,0.0037287973169917834
5610,258252969,13,12.750045115881532,14.519187663037076,0.9761305105435292,0.0037287973169917834
5611,2829425583,18,18.20565909299906,14.99449130890999,0.9761305105435292,0.0037287973169917834
5612,3968434920,14,13.112657486489606,16.637725765580264,0.9761305105435292,0.0037287973169917834
5613,1812181201,13,12.364911805028576,17.25977286852993,0.9761305105435292,0.0037287973169917834
5614,3719610552,16,15.656132484741821,15.05190167748825,0.9761305105435292,0.0037287973169917834
5615,2156578991,13,13.295553845773103,16.747551054692064,0.9761305105435292,0.0037287973169917834
5616,2271576312,14,14.330998519800369,14.94022418683797,0.9761305105435292,0.0037287973169917834
5617,741042700,13,13.923036327458803,14.79101259943371,0.9761305105435292,0.0037287973169917834
5618,914216060,19,17.89405086221036,15.5207529810011,0.9761305105435292,0.0037287973169917834
5619,2078513686,18,17.258918164967437,16.398012978763305,0.9761305105435292,0.0037287973169917834
5620,3981693976,16,16.73986475700018,17.053302648852032,0.9761305105435292,0.0037287973169917834
5621,713230122,12,12.431158790106858,18.078424727143634,0.9761305105435292,0.0037287973169917834
5622,3485119825,19,18.880919312233562,16.252686052239234,0.9761305105435292,0.0037287973169917834
5623,3319637166,18,18.25860245994478,16.947003070021196,0.9761305105435292,0.0037287973169917834
5624,3190950983,15,14.932157413066005,16.2696664271942,0.9761305105435292,0.0037287973169917834
5625,1235624582,12,11.659380714822557,16.442890098721072,0.9761305105435292,0.0037287973169917834
5626,4024711036,21,21.69298545187908,17.666396258796535,0.9761305105435292,0.0037287973169917834
5627,1236435983,13,12.870749311243722,14.311461873707117,0.9761305105435292,0.0037287973169917834
5628,4136476897,16,16.401417288406513,17.06556958397781,0.9761305105435292,0.0037287973169917834
5629,714703819,15,15.67974487154729,16.891770460879933,0.9761305105435292,0.0037287973169917834
5630,3735734504,17,16.770729063332148,15.213371500231062,0.9761305105435292,0.0037287973169917834
5631,2439274448,15,15.797883380169576,18.46926052060398,0.9761305105435292,0.0037287973169917834
5632,3675455394,19,19.694892651758035,15.821732457974647,0.9761305105435292,0.0037287973169917834
5633,2270160426,17,18.362711305022284,17.24378858023025,0.9761305105435292,0.0037287973169917834
5634,542039840,13,14.35579144256052,16.126721280811516,0.9761305105435292,0.0037287973169917834
5635,762882405,16,16.668101053866348,15.287120457254678,0.9761305105435292,0.0037287973169917834
5636,2614414720,15,16.001393424951605,14.76400549570009,0.9761305105435292,0.0037287973169917834
5637,3063654872,18,18.03244271922903,17.579241932250063,0.9761305105435292,0.0037287973169917834
5638,2134123831,18,16.786241192412632,15.362494709886397,0.9761305105435292,0.0037287973169917834
5639,2853064964,11,11.645162998956186,16.16868660076929,0.9761305105435292,0.0037287973169917834
5640,678488891,16,14.965906586971846,15.709750889310016,0.9761305105435292,0.0037287973169917834
5641,3732739768,19,17.921256563980315,15.213762583910901,0.9761305105435292,0.0037287973169917834
5642,1874269417,19,18.534254917532557,16.455799815323864,0.9761305105435292,0.0037287973169917834
5643,2045616464,16,16.27239384875987,17.288534976855892,0.9761305105435292,0.0037287973169917834
5644,4249978210,16,16.359687344250553,14.590888928051674,0.9761305105435292,0.0037287973169917834
5645,1573254833,19,19.660881171954696,14.712543247726455,0.9761305105435292,0.0037287973169917834
5646,3200958563,16,16.076232387988128,15.849474463963725,0.9761305105435292,0.0037287973169917834
5647,2938305668,16,16.390023947916045,13.829066542429535,0.9761305105435292,0.0037287973169917834
5648,4261380920,21,21.106710777291248,16.558255056147384,0.9761305105435292,0.0037287973169917834
5649,3942659691,15,13.677778410372856,17.133959468300322,0.9761305105435292,0.0037287973169917834
5650,197734463,15,14.647135923083942,15.775597075901908,0.9761305105435292,0.0037287973169917834
5651,3925430011,22,22.213477925832564,16.8653310346735,0.9761305105435292,0.0037287973169917834
5652,4129217493,21,20.96213039691483,15.575752104487288,0.9761305105435292,0.0037287973169917834
5653,719374008,14,14.071452329558735,16.410621652120234,0.9761305105435292,0.0037287973169917834
5654,1425966624,14,14.640628977073373,16.917607251300545,0.9761305105435292,0.0037287973169917834
5655,1087380063,13,12.838946178017252,14.970063798996659,0.9761305105435292,0.0037287973169917834
5656,3681659683,18,18.808154315700335,15.490698748726237,0.9761305105435292,0.0037287973169917834
5657,3247124793,14,13.052169955434517,16.15455861256269,0.9761305105435292,0.0037287973169917834
5658,3629704692,17,17.376363922708947,14.026713606669855,0.9761305105435292,0.0037287973169917834
5659,3275455220,19,19.18716844207501,17.330734140276498,0.9761305105435292,0.0037287973169917834
5660,1113906704,12,13.012102853101549,14.775815841844818,0.9761305105435292,0.0037287973169917834
5661,4224516557,18,18.21101583607055,16.27764077054178,0.9761305105435292,0.0037287973169917834
5662,2315181019,22,22.107628474354335,15.198663770187178,0.9761305105435292,0.0037287973169917834
5663,1190720184,17,17.14279288803025,15.98067085472348,0.9761305105435292,0.0037287973169917834
5664,1745852843,16,15.357923975323672,16.2499855879503,0.9761305105435292,0.0037287973169917834
5665,2207690212,16,16.878825699346052,13.834252156262622,0.9761305105435292,0.0037287973169917834
5666,1546757925,15,15.033939890031196,17.439682295125344,0.9761305105435292,0.0037287973169917834
5667,584258939,16,15.676074996198803,16.66464351577277,0.9761305105435292,0.0037287973169917834
5668,1425267127,20,20.414409268486327,15.006069378861008,0.9761305105435292,0.0037287973169917834
5669,1729498710,15,14.049143526851925,16.156528620841033,0.9761305105435292,0.0037287973169917834
5670,1736832231,19,18.67437813975734,16.57042176875867,0.9761305105435292,0.0037287973169917834
5671,184541034,21,19.438430183012265,17.123859015543076,0.9761305105435292,0.0037287973169917834
5672,3415744767,17,17.28261333095418,15.34790246855999,0.9761305105435292,0.0037287973169917834
5673,1330103755,18,18.521436859846787,15.21322904425387,0.9761305105435292,0.0037287973169917834
5674,3302894631,16,15.940086618849389,15.71830487403831,0.9761305105435292,0.0037287973169917834
5675,1103001708,16,16.604953372429435,17.03822446408595,0.9761305105435292,0.0037287973169917834
5676,799226430,18,18.927479232103835,16.870306993610875,0.9761305105435292,0.0037287973169917834
5677,512271210,14,13.958646859800766,15.69179954012743,0.9761305105435292,0.0037287973169917834
5678,4275603681,17,17.419456971412618,15.339122304260105,0.9761305105435292,0.0037287973169917834
5679,2624392090,16,16.493614434673148,13.82224068638143,0.9761305105435292,0.0037287973169917834
5680,1920766854,16,16.24378815352431,18.186162758558048,0.9761305105435292,0.0037287973169917834
5681,97479675,20,20.78824870959739,15.94085601943372,0.9761305105435292,0.0037287973169917834
5682,2107526173,18,18.261989978715327,16.606921263009742,0.9761305105435292,0.0037287973169917834
5683,831336248,15,14.568699832048086,14.721874597816598,0.9761305105435292,0.0037287973169917834
5684,3537436674,10,9.983719047089512,15.2322030198709,0.9761305105435292,0.0037287973169917834
5685,1028700340,15,14.495595260502906,16.947021806840446,0.9761305105435292,0.0037287973169917834
5686,2064107271,17,15.63135719062016,18.84689233843644,0.9761305105435292,0.0037287973169917834
5687,2304656235,16,16.048185139258006,16.16726384574107,0.9761305105435292,0.0037287973169917834
5688,2319652283,15,14.663452760020439,14.27943797331227,0.9761305105435292,0.0037287973169917834
5689,2789577093,13,12.10467751778919,15.197178839518733,0.9761305105435292,0.0037287973169917834
5690,2456179695,18,16.128552942362298,15.700000857037233,0.9761305105435292,0.0037287973169917834
5691,3139640038,17,17.796987530371815,16.854186903820175,0.9761305105435292,0.0037287973169917834
5692,738064203,22,21.011235597240404,15.659362204586824,0.9761305105435292,0.0037287973169917834
5693,3718153441,17,17.585341637076773,19.086423797583304,0.9761305105435292,0.0037287973169917834
5694,1083550908,14,13.353867785427358,15.86254323129486,0.9761305105435292,0.0037287973169917834
5695,2098235174,14,13.997744257260525,16.212092108233232,0.9761305105435292,0.0037287973169917834
5696,347046697,14,12.766329920284491,16.307868392270027,0.9761305105435292,0.0037287973169917834
5697,4137738468,15,14.244068521968648,15.56862762767783,0.9761305105435292,0.0037287973169917834
5698,271480667,16,16.183050959383195,15.550920568989635,0.9761305105435292,0.0037287973169917834
5699,1590781457,15,15.405737668951687,15.532774719246879,0.9761305105435292,0.0037287973169917834
5700,723060733,17,17.127755288082337,14.941428679724908,0.9761305105435292,0.0037287973169917834
5701,1604004934,17,16.541569507512808,15.412309746835685,0.9761305105435292,0.0037287973169917834
5702,2705386324,13,12.951618804920173,15.46850286339487,0.9761305105435292,0.0037287973169917834
5703,2015830656,11,10.739646960249292,16.81622834523378,0.9761305105435292,0.0037287973169917834
5704,523154279,19,20.801154328104793,15.300260711615413,0.9761305105435292,0.0037287973169917834
5705,2073640228,17,16.627139580420536,13.706757860869322,0.9761305105435292,0.0037287973169917834
5706,1222673464,10,10.30551253959562,14.733580140434839,0.9761305105435292,0.0037287973169917834
5707,1590703773,17,16.69645833025236,16.603950732586803,0.9761305105435292,0.0037287973169917834
5708,3547833187,19,19.778785630939655,17.19992834174987,0.9761305105435292,0.0037287973169917834
5709,3113261073,12,12.705466571060716,16.02302031865505,0.9761305105435292,0.0037287973169917834
5710,1737546149,16,15.518230445474263,14.193228452065075,0.9761305105435292,0.0037287973169917834
5711,288219530,13,12.709807721842619,15.750453198596578,0.9761305105435292,0.0037287973169917834
5712,1833412724,16,15.892266158999906,14.979524163676235,0.9761305105435292,0.0037287973169917834
5713,3826135383,15,16.350362914545062,15.375863197688568,0.9761305105435292,0.0037287973169917834
5714,2687270237,16,15.877812821143333,15.740647175971455,0.9761305105435292,0.0037287973169917834
5715,3235304203,15,15.63491918266937,16.061000549764607,0.9761305105435292,0.0037287973169917834
5716,889602006,17,17.27218986653356,17.960058355638413,0.9761305105435292,0.0037287973169917834
5717,2754394207,16,17.194295868564318,14.312952744561025,0.9761305105435292,0.0037287973169917834
5718,1866095285,19,18.803151077884824,15.809950698986736,0.9761305105435292,0.0037287973169917834
5719,1920853,13,12.832463302350552,17.203854814376815,0.9761305105435292,0.0037287973169917834
5720,4006794707,20,20.41284429862537,15.304279886047738,0.9761305105435292,0.0037287973169917834
5721,1480313816,17,16.94785617683396,15.907624311975287,0.9761305105435292,0.0037287973169917834
5722,2385531978,12,12.771314567659363,15.367566489929763,0.9761305105435292,0.0037287973169917834
5723,1062975724,20,19.343655544600463,15.00801347625573,0.9761305105435292,0.0037287973169917834
5724,1956665194,15,16.10256616146397,14.892356591034218,0.9761305105435292,0.0037287973169917834
5725,141608944,13,13.392207691557612,14.759394893058957,0.9761305105435292,0.0037287973169917834
5726,791179172,16,17.03516902163411,15.910213594446912,0.9761305105435292,0.0037287973169917834
5727,426440123,19,19.641132193004218,15.204997814295234,0.9761305105435292,0.0037287973169917834
5728,2763908878,18,18.116765499595676,15.852544831567403,0.9761305105435292,0.0037287973169917834
5729,3828439144,13,14.315820093370343,17.158273540450406,0.9761305105435292,0.0037287973169917834
5730,4002792166,18,18.30345926241748,15.648381233387278,0.9761305105435292,0.0037287973169917834
5731,1173402211,15,13.781054619785815,15.8430741780588,0.9761305105435292,0.0037287973169917834
5732,4206762103,20,19.77087438149543,16.662679718899078,0.9761305105435292,0.0037287973169917834
5733,3512715105,18,18.613933235867584,16.945761215366506,0.9761305105435292,0.0037287973169917834
5734,2961931151,18,17.654392920251574,15.860652794624517,0.9761305105435292,0.0037287973169917834
5735,2156794174,12,11.856891138304253,13.609124617949623,0.9761305105435292,0.0037287973169917834
5736,2940004076,20,20.036771209692613,16.34981303070815,0.9761305105435292,0.0037287973169917834
5737,3159168217,16,16.3513407543336,17.672802657147997,0.9761305105435292,0.0037287973169917834
5738,2225589350,15,15.350403525044678,15.486037547533792,0.9761305105435292,0.0037287973169917834
5739,1503672372,12,12.253861965316483,14.782190808185856,0.9761305105435292,0.0037287973169917834
5740,2975076576,11,12.23942002109454,16.244450409495773,0.9761305105435292,0.0037287973169917834
5741,2845008530,14,14.079944744229781,15.473995701584721,0.9761305105435292,0.0037287973169917834
5742,747012367,12,11.921389279723552,13.275347975733917,0.9761305105435292,0.0037287973169917834
5743,385467636,17,17.00999688038132,16.681962249574518,0.9761305105435292,0.0037287973169917834
5744,2237474622,17,16.350331098083693,16.551004961182347,0.9761305105435292,0.0037287973169917834
5745,578974468,10,10.266678973623451,17.096539869005674,0.9761305105435292,0.0037287973169917834
5746,2749348251,21,20.891748880025705,17.329787346924515,0.9761305105435292,0.0037287973169917834
5747,2258264405,14,14.570219249583555,13.943230895225534,0.9761305105435292,0.0037287973169917834
5748,1344645463,14,14.072864782765867,14.791054527156884,0.9761305105435292,0.0037287973169917834
5749,888798196,21,21.74933581675743,16.59581605088143,0.9761305105435292,0.0037287973169917834
5750,1393628950,13,13.029198468796713,16.53295407793421,0.9761305105435292,0.0037287973169917834
5751,1506411766,15,15.078036321468161,15.723492501329977,0.9761305105435292,0.0037287973169917834
5752,3892496568,12,12.135094729335787,15.191104905744268,0.9761305105435292,0.0037287973169917834
5753,214262092,12,12.436322303304792,17.086619959529436,0.9761305105435292,0.0037287973169917834
5754,2480054057,17,17.86347940924915,15.313744585747765,0.9761305105435292,0.0037287973169917834
5755,4201695723,19,19.519721911496497,15.380498596470034,0.9761305105435292,0.0037287973169917834
5756,3590526784,12,12.490317361265536,13.883024954996054,0.9761305105435292,0.0037287973169917834
5757,910133722,18,17.53206876740967,16.162502947293113,0.9761305105435292,0.0037287973169917834
5758,1882137906,14,14.638708667684346,15.279582388399206,0.9761305105435292,0.0037287973169917834
5759,770928481,19,18.879112608873882,15.049070794909719,0.9761305105435292,0.0037287973169917834
5760,3053442767,24,23.543942258281955,15.664563857322161,0.9761305105435292,0.0037287973169917834
5761,3651445281,13,12.793728909582928,14.599292098557598,0.9761305105435292,0.0037287973169917834
5762,2039103095,19,18.416528117356183,15.291485796421366,0.9761305105435292,0.0037287973169917834
5763,1308905832,11,11.228637857045182,16.523241197421815,0.9761305105435292,0.0037287973169917834
5764,753952451,15,15.7901867640655,16.033602658548954,0.9761305105435292,0.0037287973169917834
5765,1762382234,15,16.106078448870914,16.09990872042038,0.9761305105435292,0.0037287973169917834
5766,3433245091,15,14.671287155956659,13.605565517843596,0.9761305105435292,0.0037287973169917834
5767,2682792364,17,16.829929711650216,16.020068917070382,0.9761305105435292,0.0037287973169917834
5768,3694434929,16,15.305143218369498,14.25050497608556,0.9761305105435292,0.0037287973169917834
5769,3575509499,21,21.05002600583323,17.068142220967474,0.9761305105435292,0.0037287973169917834
5770,1042292083,15,16.270693895302134,13.918103189357975,0.9761305105435292,0.0037287973169917834
5771,3333896602,18,17.3411203300789,15.872125576330722,0.9761305105435292,0.0037287973169917834
5772,1202404047,19,18.921396193682618,16.628588689764932,0.9761305105435292,0.0037287973169917834
5773,1122428424,13,12.935076769307653,17.88332621472808,0.9761305105435292,0.0037287973169917834
5774,667576536,15,15.27764551706991,17.06372506170518,0.9761305105435292,0.0037287973169917834
5775,1419024401,11,11.690715127389694,15.259216747246564,0.9761305105435292,0.0037287973169917834
5776,144383785,14,13.391793943030203,16.126285777502446,0.9761305105435292,0.0037287973169917834
5777,889021755,19,19.782947475020507,17.47524888515664,0.9761305105435292,0.0037287973169917834
5778,4022895420,17,16.730776019971124,17.137281769582025,0.9761305105435292,0.0037287973169917834
5779,970937405,19,18.820508973431224,16.870174344113888,0.9761305105435292,0.0037287973169917834
5780,3876856307,16,16.60894298213206,14.91639691729352,0.9761305105435292,0.0037287973169917834
5781,497372488,14,13.644406863849488,16.86113577749982,0.9761305105435292,0.0037287973169917834
5782,330439766,14,14.168727164300076,16.067967639447026,0.9761305105435292,0.0037287973169917834
5783,1730550933,15,14.65767941849254,18.172564355763154,0.9761305105435292,0.0037287973169917834
5784,1830146623,18,18.597044306111485,14.989591081698757,0.9761305105435292,0.0037287973169917834
5785,2723774172,18,18.84274618585083,14.923301150813277,0.9761305105435292,0.0037287973169917834
5786,3093984651,17,17.801164783702266,13.436763284029434,0.9761305105435292,0.0037287973169917834
5787,2060400266,18,17.699648867288225,17.60408688658271,0.9761305105435292,0.0037287973169917834
5788,3661986668,18,18.62679779309786,16.152041364552087,0.9761305105435292,0.0037287973169917834
5789,1720067446,15,14.593455195123727,17.761350716136572,0.9761305105435292,0.0037287973169917834
5790,1311591630,16,16.035681015240414,17.580571915207152,0.9761305105435292,0.0037287973169917834
5791,1077197949,15,14.366269944896521,16.070663135894915,0.9761305105435292,0.0037287973169917834
5792,3946853842,15,15.644607190444765,18.17256364202764,0.9761305105435292,0.0037287973169917834
5793,3022661615,18,17.738166757626963,16.42120460328603,0.9761305105435292,0.0037287973169917834
5794,2845050241,11,11.101160968319968,17.463769391211645,0.9761305105435292,0.0037287973169917834
5795,3286833946,16,15.974547419726079,15.297650633757351,0.9761305105435292,0.0037287973169917834
5796,2106962162,18,16.87819230591812,16.275757659094445,0.9761305105435292,0.0037287973169917834
5797,1859604662,18,17.755793737705933,15.406782206630272,0.9761305105435292,0.0037287973169917834
5798,2881148488,17,18.047568520824903,16.300946055238036,0.9761305105435292,0.0037287973169917834
5799,3987452811,20,20.39395056693329,18.27097454921041,0.9761305105435292,0.0037287973169917834
5800,2742217351,17,16.3319658231393,15.275921499717299,0.9761305105435292,0.0037287973169917834
5801,657834792,14,13.895482922920499,16.509398791953064,0.9761305105435292,0.0037287973169917834
5802,792420869,15,14.35848028236552,16.79507928163397,0.9761305105435292,0.0037287973169917834
5803,2385756876,15,15.647041032923847,15.643785451198227,0.9761305105435292,0.0037287973169917834
5804,2554857700,10,9.810240361352099,18.175530832471537,0.9761305105435292,0.0037287973169917834
5805,885762327,16,16.256973822111462,17.710970246577965,0.9761305105435292,0.0037287973169917834
5806,1491396396,16,16.6646272239025,17.491904305570404,0.9761305105435292,0.0037287973169917834
5807,1853866972,21,19.830569935548475,16.30006950315706,0.9761305105435292,0.0037287973169917834
5808,35600068,13,12.664417142014436,17.346338684612807,0.9761305105435292,0.0037287973169917834
5809,289899029,11,10.536588029285301,14.89145818684465,0.9761305105435292,0.0037287973169917834
5810,3135159152,20,20.255422623958403,16.414675763217435,0.9761305105435292,0.0037287973169917834
5811,2832790234,17,17.60309749650981,15.135448783101918,0.9761305105435292,0.0037287973169917834
5812,792754022,16,15.617196470028983,15.756108089914502,0.9761305105435292,0.0037287973169917834
5813,1522254168,16,16.902642464040216,16.528239164940082,0.9761305105435292,0.0037287973169917834
5814,3045074310,12,12.222725672020378,15.84065488527086,0.9761305105435292,0.0037287973169917834
5815,3030832065,16,15.634046207335754,15.039601587138046,0.9761305105435292,0.0037287973169917834
5816,684388647,15,15.308801449025987,16.274945018579107,0.9761305105435292,0.0037287973169917834
5817,562669593,11,11.125008633327989,15.139439644029085,0.9761305105435292,0.0037287973169917834
5818,1162652589,16,15.223716274543444,14.929697494422992,0.9761305105435292,0.0037287973169917834
5819,4047582874,15,14.408654571436983,14.095819553397348,0.9761305105435292,0.0037287973169917834
5820,3977354737,18,18.077731053771686,15.697064713969194,0.9761305105435292,0.0037287973169917834
5821,1336002244,15,15.012518380249228,16.277833126570318,0.9761305105435292,0.0037287973169917834
5822,1393551052,17,16.778770769292404,17.279217309626674,0.9761305105435292,0.0037287973169917834
5823,3165496709,17,18.22260884569444,15.232722198377171,0.9761305105435292,0.0037287973169917834
5824,3173793097,17,16.836581569520177,16.275046107547855,0.9761305105435292,0.0037287973169917834
5825,3294213319,16,16.117497409141585,15.7908641615399,0.9761305105435292,0.0037287973169917834
5826,1196964738,14,13.40633713151876,14.536619450440288,0.9761305105435292,0.0037287973169917834
5827,3635243775,21,19.871370379353646,15.118326535758209,0.9761305105435292,0.0037287973169917834
5828,3084260490,16,15.49394590077633,15.871323577056916,0.9761305105435292,0.0037287973169917834
5829,4106578757,17,16.937825109778984,16.3388249364928,0.9761305105435292,0.0037287973169917834
5830,724368139,17,17.423316795801014,15.851603576705653,0.9761305105435292,0.0037287973169917834
5831,4241388630,19,18.306838330051246,15.37719905787902,0.9761305105435292,0.0037287973169917834
5832,2922652486,14,14.236460371579076,16.211561306236977,0.9761305105435292,0.0037287973169917834
5833,1714239298,15,15.117605184755462,16.016060286035486,0.9761305105435292,0.0037287973169917834
5834,1044512696,19,19.856209408909727,15.765280556994957,0.9761305105435292,0.0037287973169917834
5835,4017867935,23,23.77142904044037,16.589404949317746,0.9761305105435292,0.0037287973169917834
5836,2636122003,13,12.200201199441477,16.136739452840793,0.9761305105435292,0.0037287973169917834
5837,1560864695,18,18.6146447651931,15.668193887334002,0.9761305105435292,0.0037287973169917834
5838,4236292136,12,11.227585785357057,13.874712110001138,0.9761305105435292,0.0037287973169917834
5839,2299646349,13,12.11312403762482,16.03456297601688,0.9761305105435292,0.0037287973169917834
5840,3292224187,18,18.55330408109591,16.98350721751836,0.9761305105435292,0.0037287973169917834
5841,1128896345,15,15.581236344764164,16.89916948206014,0.9761305105435292,0.0037287973169917834
5842,4154049355,19,19.732591743444626,13.35621796297915,0.9761305105435292,0.0037287973169917834
5843,4280049317,20,20.340539439504273,15.67374746982629,0.9761305105435292,0.0037287973169917834
5844,915511877,14,14.068362276014332,16.23786048417484,0.9761305105435292,0.0037287973169917834
5845,2596955313,15,14.629573466809024,16.03697470876527,0.9761305105435292,0.0037287973169917834
5846,3311680887,18,17.73540977290293,14.847271129772073,0.9761305105435292,0.0037287973169917834
5847,2076939422,19,19.110201172583064,16.896408694808,0.9761305105435292,0.0037287973169917834
5848,3995575889,17,16.170379250141597,17.5598947428429,0.9761305105435292,0.0037287973169917834
5849,2152759985,9,8.458715645186695,14.62271831117205,0.9761305105435292,0.0037287973169917834
5850,2408980567,15,15.261735017761604,14.450435491151833,0.9761305105435292,0.0037287973169917834
5851,193838632,15,13.963097265337733,16.29248275006593,0.9761305105435292,0.0037287973169917834
5852,3228059692,10,9.022804957523359,15.099544715888547,0.9761305105435292,0.0037287973169917834
5853,2577514910,15,14.763286507330818,16.546934924492497,0.9761305105435292,0.0037287973169917834
5854,3396304996,14,13.519916357763694,16.404597117074445,0.9761305105435292,0.0037287973169917834
5855,1376285641,13,11.986107102306967,15.029356039652246,0.9761305105435292,0.0037287973169917834
5856,370984498,13,12.837691454379206,16.353363540009294,0.9761305105435292,0.0037287973169917834
5857,2541574679,19,18.169260576300722,15.199798159533847,0.9761305105435292,0.0037287973169917834
5858,1634416621,19,18.71163400476937,15.743738341812199,0.9761305105435292,0.0037287973169917834
5859,1952624732,14,14.983568599924201,16.540545548426856,0.9761305105435292,0.0037287973169917834
5860,209549801,18,18.180665691149272,17.129595090024655,0.9761305105435292,0.0037287973169917834
5861,2931057463,18,17.06549633939136,14.512368316397934,0.9761305105435292,0.0037287973169917834
5862,2639582713,19,18.158878644353145,18.832177035967035,0.9761305105435292,0.0037287973169917834
5863,2878995903,23,21.743900535686272,14.103287522370579,0.9761305105435292,0.0037287973169917834
5864,80971123,14,13.989772030997472,14.394003454198582,0.9761305105435292,0.0037287973169917834
5865,176043174,15,15.356419119515328,16.016650692620495,0.9761305105435292,0.0037287973169917834
5866,4219264129,19,18.82935870389962,16.335837040172667,0.9761305105435292,0.0037287973169917834
5867,2451046199,20,19.533555985092296,14.456976330908176,0.9761305105435292,0.0037287973169917834
5868,1498203660,13,13.393808059990679,14.831090715414883,0.9761305105435292,0.0037287973169917834
5869,3366109709,12,12.270767448735027,14.911537701111154,0.9761305105435292,0.0037287973169917834
5870,3603393075,18,18.356438613253914,16.15169920158692,0.9761305105435292,0.0037287973169917834
5871,852183220,14,13.78207680339051,16.190225039814287,0.9761305105435292,0.0037287973169917834
5872,1889876866,14,13.886612434595623,14.22388209579716,0.9761305105435292,0.0037287973169917834
5873,565965845,16,16.70733598397259,16.40405627656311,0.9761305105435292,0.0037287973169917834
5874,3356207237,12,11.526680573889248,16.1641189345347,0.9761305105435292,0.0037287973169917834
5875,2396801009,18,18.819840787485983,17.640465953183433,0.9761305105435292,0.0037287973169917834
5876,3957906183,19,18.775951278406982,16.942631358450875,0.9761305105435292,0.0037287973169917834
5877,1208661674,13,13.209415216479897,16.08791909001109,0.9761305105435292,0.0037287973169917834
5878,3654037453,19,18.970787190060776,14.933361240111063,0.9761305105435292,0.0037287973169917834
5879,3242736506,15,14.264862918970797,15.787263226837657,0.9761305105435292,0.0037287973169917834
5880,2201555584,10,9.775929578190961,16.029169505682585,0.9761305105435292,0.0037287973169917834
5881,2157275458,11,10.87959375717924,18.14097905098983,0.9761305105435292,0.0037287973169917834
5882,2568431514,16,16.008917239079842,15.9716691056281,0.9761305105435292,0.0037287973169917834
5883,4015600328,17,17.62049109328504,14.867107369078735,0.9761305105435292,0.0037287973169917834
5884,2353898475,17,16.728752565671375,16.670615896759852,0.9761305105435292,0.0037287973169917834
5885,1288876015,20,19.905390941849795,15.242201177557169,0.9761305105435292,0.0037287973169917834
5886,4023076761,20,18.910818840702127,14.07661854775831,0.9761305105435292,0.0037287973169917834
5887,1314773675,19,18.607129456982168,16.945029200033037,0.9761305105435292,0.0037287973169917834
5888,3620622329,22,22.71962357260609,16.30063245576905,0.9761305105435292,0.0037287973169917834
5889,3895133374,15,14.743145380173768,15.72188518657077,0.9761305105435292,0.0037287973169917834
5890,658327863,17,17.248089541613542,17.69969535831828,0.9761305105435292,0.0037287973169917834
5891,1317298057,15,14.28840957417562,16.006016509745766,0.9761305105435292,0.0037287973169917834
5892,1304468816,13,13.361810004417233,15.65844047778764,0.9761305105435292,0.0037287973169917834
5893,1258707502,14,14.107567142622196,17.38737122433196,0.9761305105435292,0.0037287973169917834
5894,3242598964,11,9.792845963710509,15.335785238962941,0.9761305105435292,0.0037287973169917834
5895,3555378195,16,16.554467321158576,16.461324424707747,0.9761305105435292,0.0037287973169917834
5896,3382226418,17,17.575559346651016,16.11540824390767,0.9761305105435292,0.0037287973169917834
5897,3068124071,23,23.158624383489684,16.73495461406565,0.9761305105435292,0.0037287973169917834
5898,1316148722,18,19.230323890026355,14.680751630576202,0.9761305105435292,0.0037287973169917834
5899,239121182,13,13.047386085450398,14.14373380492303,0.9761305105435292,0.0037287973169917834
5900,3750935580,18,17.531950714194984,15.506095730655948,0.9761305105435292,0.0037287973169917834
5901,2794515031,16,15.65894418154195,14.809062827092223,0.9761305105435292,0.0037287973169917834
5902,3784087169,13,11.554821391048716,17.00010746160976,0.9761305105435292,0.0037287973169917834
5903,35640891,16,16.825900360686678,15.692548151959741,0.9761305105435292,0.0037287973169917834
5904,2172041542,15,14.84188181175312,17.827949740525902,0.9761305105435292,0.0037287973169917834
5905,716294237,15,15.715682296421772,16.37140010619037,0.9761305105435292,0.0037287973169917834
5906,4208157588,18,17.83839462387906,15.05447275991438,0.9761305105435292,0.0037287973169917834
5907,1510672957,14,13.57082100076357,15.244784552961601,0.9761305105435292,0.0037287973169917834
5908,2701449101,14,14.093570283194708,15.03935213360063,0.9761305105435292,0.0037287973169917834
5909,1868620348,16,16.293954704816286,16.001544404663694,0.9761305105435292,0.0037287973169917834
5910,4232194379,15,14.950192956271597,15.236597203880933,0.9761305105435292,0.0037287973169917834
5911,2945318179,20,19.302277762919964,15.928221916794953,0.9761305105435292,0.0037287973169917834
5912,725606494,18,17.695870357079624,15.841213055344136,0.9761305105435292,0.0037287973169917834
5913,2443010242,13,12.76155852541792,17.127554100544124,0.9761305105435292,0.0037287973169917834
5914,3485104572,21,21.396085560152038,16.42950690053869,0.9761305105435292,0.0037287973169917834
5915,1040086013,24,23.73601030990852,17.068415645588424,0.9761305105435292,0.0037287973169917834
5916,2980931729,15,14.993984127218724,16.301454531955848,0.9761305105435292,0.0037287973169917834
5917,1241396376,16,15.62189373275685,13.437921061337102,0.9761305105435292,0.0037287973169917834
5918,3537103692,18,17.473129705650653,15.999989347882655,0.9761305105435292,0.0037287973169917834
5919,238017788,19,18.409381257670105,17.834495793828175,0.9761305105435292,0.0037287973169917834
5920,1455866660,14,14.63319306941086,16.728755511775404,0.9761305105435292,0.0037287973169917834
5921,3253781344,13,12.054795415726694,14.5783291566274,0.9761305105435292,0.0037287973169917834
5922,2868891194,21,20.554170243665215,15.462997235542389,0.9761305105435292,0.0037287973169917834
5923,3259123606,13,12.795115258467622,17.63424476109504,0.9761305105435292,0.0037287973169917834
5924,2642300424,16,16.11010700561655,16.438516726963762,0.9761305105435292,0.0037287973169917834
5925,318890918,13,13.350571301120741,15.804009221141973,0.9761305105435292,0.0037287973169917834
5926,607919991,17,18.12735252791152,15.816979669217039,0.9761305105435292,0.0037287973169917834
5927,1414331695,18,18.08307261578583,15.44856570781979,0.9761305105435292,0.0037287973169917834
5928,3442053684,14,14.60824420984992,16.010591387409857,0.9761305105435292,0.0037287973169917834
5929,1481153430,14,12.992865196524082,15.220980086299397,0.9761305105435292,0.0037287973169917834
5930,1805301731,20,18.938329768567034,15.680379537804829,0.9761305105435292,0.0037287973169917834
5931,2344903543,17,17.40809872253221,14.101386347510564,0.9761305105435292,0.0037287973169917834
5932,1599039880,17,15.697687501814181,15.012924587655112,0.9761305105435292,0.0037287973169917834
5933,3768622162,12,12.189025534576626,15.121666687461579,0.9761305105435292,0.0037287973169917834
5934,377482399,21,21.153672683466862,17.57336202023536,0.9761305105435292,0.0037287973169917834
5935,2868380681,12,12.534066651432145,15.82362225475622,0.9761305105435292,0.0037287973169917834
5936,2722671736,13,12.418902235024522,15.570664610442439,0.9761305105435292,0.0037287973169917834
5937,266983598,18,17.72081359708389,14.992460822632689,0.9761305105435292,0.0037287973169917834
5938,1672150977,19,17.79708006092152,16.293949974205013,0.9761305105435292,0.0037287973169917834
5939,2192520833,14,14.718918402188748,16.699915339369966,0.9761305105435292,0.0037287973169917834
5940,1214768989,18,18.79357611912647,15.141719141990771,0.9761305105435292,0.0037287973169917834
5941,2515143897,16,16.03775303677987,16.21639616452252,0.9761305105435292,0.0037287973169917834
5942,4128058884,14,13.3920050869179,16.38739497088143,0.9761305105435292,0.0037287973169917834
5943,4080496039,21,21.452479824322157,17.306809393599902,0.9761305105435292,0.0037287973169917834
5944,2227395871,16,15.878246180693878,13.900053736368122,0.9761305105435292,0.0037287973169917834
5945,1691392370,14,13.947988175647998,14.974319631131058,0.9761305105435292,0.0037287973169917834
5946,3648731349,19,18.67935790050833,16.991406099481473,0.9761305105435292,0.0037287973169917834
5947,1162325053,16,16.2251776420815,19.535557176494656,0.9761305105435292,0.0037287973169917834
5948,1641556782,15,14.80674763249652,16.127987857321052,0.9761305105435292,0.0037287973169917834
5949,2808341156,16,16.503499288310884,15.826097446818508,0.9761305105435292,0.0037287973169917834
5950,3653872443,19,18.427503221095918,15.276472173358986,0.9761305105435292,0.0037287973169917834
5951,2267270516,16,16.01741517784518,15.905405803331206,0.9761305105435292,0.0037287973169917834
5952,363677155,16,15.034619841206043,14.475221542921474,0.9761305105435292,0.0037287973169917834
5953,3097017982,19,20.132640135174007,14.717132197449086,0.9761305105435292,0.0037287973169917834
5954,3219194406,15,15.400569639960292,14.773865810340471,0.9761305105435292,0.0037287973169917834
5955,4180046902,17,17.86141383874587,17.400476185035252,0.9761305105435292,0.0037287973169917834
5956,4250765547,20,19.31717052513607,14.777163610163521,0.9761305105435292,0.0037287973169917834
5957,974018715,15,15.473836815109356,14.37263559357306,0.9761305105435292,0.0037287973169917834
5958,216860692,11,10.474514143739103,16.42086387239384,0.9761305105435292,0.0037287973169917834
5959,1668757559,18,17.092504274064492,14.937428408759416,0.9761305105435292,0.0037287973169917834
5960,631584772,11,11.133386146721888,16.232941772889824,0.9761305105435292,0.0037287973169917834
5961,3635231786,16,16.820496420591112,16.752269449609493,0.9761305105435292,0.0037287973169917834
5962,1706530854,16,15.354525307691096,16.82818020122835,0.9761305105435292,0.0037287973169917834
5963,3803781435,17,16.458652601163926,17.370734248517895,0.9761305105435292,0.0037287973169917834
5964,373388103,14,13.706415875059596,18.5716528321446,0.9761305105435292,0.0037287973169917834
5965,3461600344,16,16.548898615236645,14.488127738046538,0.9761305105435292,0.0037287973169917834
5966,947918197,12,12.215911743568508,15.47407957590228,0.9761305105435292,0.0037287973169917834
5967,556192175,15,14.096781239678766,14.432381356310472,0.9761305105435292,0.0037287973169917834
5968,3896463825,17,16.19079174733926,15.864420076016092,0.9761305105435292,0.0037287973169917834
5969,2258329760,12,12.00551244492278,15.899589552289617,0.9761305105435292,0.0037287973169917834
5970,3112463848,16,15.533365192699023,16.280685519256025,0.9761305105435292,0.0037287973169917834
5971,3440207615,20,20.20699169813947,15.50042222701831,0.9761305105435292,0.0037287973169917834
5972,824132954,15,15.505079591571914,16.166349130300066,0.9761305105435292,0.0037287973169917834
5973,2626913637,15,15.522265452474546,17.050929392016975,0.9761305105435292,0.0037287973169917834
5974,1347470311,14,14.331169355693223,18.497783094850774,0.9761305105435292,0.0037287973169917834
5975,2047845223,18,17.181390765177884,15.426709078514836,0.9761305105435292,0.0037287973169917834
5976,2238366699,17,16.657532030717086,16.22000519752247,0.9761305105435292,0.0037287973169917834
5977,3861224355,17,16.99244842897857,14.605917340276957,0.9761305105435292,0.0037287973169917834
5978,3522820720,19,19.146084912143586,17.18550303656149,0.9761305105435292,0.0037287973169917834
5979,1344593828,14,14.141290540580945,13.74801998051338,0.9761305105435292,0.0037287973169917834
5980,1598908430,16,16.19338736433969,16.781740202209466,0.9761305105435292,0.0037287973169917834
5981,4070877815,18,17.401276906896562,15.627104225231136,0.9761305105435292,0.0037287973169917834
5982,1519235762,16,16.3355838701182,15.804250812563916,0.9761305105435292,0.0037287973169917834
5983,2574204764,20,20.470013359598436,16.696339762134127,0.9761305105435292,0.0037287973169917834
5984,472182691,16,16.003170214818052,17.361743569151898,0.9761305105435292,0.0037287973169917834
5985,1923975187,14,14.718430616695155,15.744021368304194,0.9761305105435292,0.0037287973169917834
5986,676373972,12,11.686335004306475,16.725568987867188,0.9761305105435292,0.0037287973169917834
5987,1229769894,14,13.96825812595137,14.459427945084462,0.9761305105435292,0.0037287973169917834
5988,207883273,9,8.508548961119102,16.751129675987972,0.9761305105435292,0.0037287973169917834
5989,827356422,12,12.681206333425607,15.21145343746105,0.9761305105435292,0.0037287973169917834
5990,1886889732,15,14.97374971927997,15.238526876836167,0.9761305105435292,0.0037287973169917834
5991,1427492945,13,13.353022811327055,17.329538651524732,0.9761305105435292,0.0037287973169917834
5992,3008279939,17,16.874368143386718,17.49998270192154,0.9761305105435292,0.0037287973169917834
5993,2022003387,16,14.965661531552547,16.17903771174287,0.9761305105435292,0.0037287973169917834
5994,1902987963,18,16.711920615578123,17.472440443252953,0.9761305105435292,0.0037287973169917834
5995,3989578742,19,19.835698673497753,16.39004673638791,0.9761305105435292,0.0037287973169917834
5996,263972999,18,18.102225224973136,17.256888419791725,0.9761305105435292,0.0037287973169917834
5997,4242924875,20,19.871370720596456,16.665148261675995,0.9761305105435292,0.0037287973169917834
5998,1729999432,15,13.815928745010101,16.593362859555867,0.9761305105435292,0.0037287973169917834
5999,2235030821,17,17.99450750906846,16.117683385787352,0.9761305105435292,0.0037287973169917834
6000,256530094,16,16.087640396539463,15.28204458620391,0.9761305105435292,0.0037287973169917834
6001,2188979432,14,13.566986573346332,15.368076421345188,0.9761305105435292,0.0037287973169917834
6002,525076494,12,11.700524351635668,14.408060589189342,0.9761305105435292,0.0037287973169917834
6003,830862107,16,16.719540283549488,14.190730591752466,0.9761305105435292,0.0037287973169917834
6004,3891822390,22,22.071973714495503,15.410964709823796,0.9761305105435292,0.0037287973169917834
6005,1686387116,13,12.568133444214656,17.07629105869745,0.9761305105435292,0.0037287973169917834
6006,2083113472,12,12.248805379411397,14.58896750942966,0.9761305105435292,0.0037287973169917834
6007,1735564885,18,18.427036300660518,17.22459509915187,0.9761305105435292,0.0037287973169917834
6008,2192663953,13,12.875979929040914,16.413163414779238,0.9761305105435292,0.0037287973169917834
6009,2585176541,17,17.704744124681056,14.17142080195067,0.9761305105435292,0.0037287973169917834
6010,3643741741,17,17.352618686692963,14.935028200719646,0.9761305105435292,0.0037287973169917834
6011,3376866764,16,17.396386478709637,17.044371157953105,0.9761305105435292,0.0037287973169917834
6012,1480042744,16,15.661672784056432,16.651980856573758,0.9761305105435292,0.0037287973169917834
6013,2117316251,20,19.713612935065047,17.53604583682082,0.9761305105435292,0.0037287973169917834
6014,3402347409,17,15.981794449878606,15.379270309651607,0.9761305105435292,0.0037287973169917834
6015,1260210327,15,15.53967364456619,17.92432452768633,0.9761305105435292,0.0037287973169917834
6016,83080360,14,14.306150605102662,17.060109500067423,0.9761305105435292,0.0037287973169917834
6017,3768662020,10,10.000198615120228,15.530782565309062,0.9761305105435292,0.0037287973169917834
6018,1569240501,17,17.274892847234447,16.211654482418957,0.9761305105435292,0.0037287973169917834
6019,2354116812,14,15.021956110111782,16.788691711545333,0.9761305105435292,0.0037287973169917834
6020,3510262195,17,17.34047629433871,14.251724296711586,0.9761305105435292,0.0037287973169917834
6021,3509122086,14,13.490340957228065,14.338891903476556,0.9761305105435292,0.0037287973169917834
6022,1038566678,17,16.598726985155874,15.465336446240093,0.9761305105435292,0.0037287973169917834
6023,171674847,17,17.450563801017005,17.188327519616937,0.9761305105435292,0.0037287973169917834
6024,3742414926,16,15.799922692144676,16.779846059471986,0.9761305105435292,0.0037287973169917834
6025,1642487334,16,16.088362774965564,16.56346201811715,0.9761305105435292,0.0037287973169917834
6026,3965250018,17,17.875500775581884,15.72355774398611,0.9761305105435292,0.0037287973169917834
6027,1245985270,15,14.939445692028935,16.994487261783444,0.9761305105435292,0.0037287973169917834
6028,2402142709,19,19.178176962745155,16.56552148314539,0.9761305105435292,0.0037287973169917834
6029,3356499301,12,11.774113225440626,15.86227647259353,0.9761305105435292,0.0037287973169917834
6030,2996248257,16,16.65100967153785,15.792789870993582,0.9761305105435292,0.0037287973169917834
6031,3732280862,18,17.575268540736765,15.858723090630935,0.9761305105435292,0.0037287973169917834
6032,2018799431,17,17.306661074855153,15.62733015251548,0.9761305105435292,0.0037287973169917834
6033,474930475,17,17.36444668353596,15.785137596004095,0.9761305105435292,0.0037287973169917834
6034,2591156288,13,13.268854198725744,16.9479803885465,0.9761305105435292,0.0037287973169917834
6035,1251183711,16,16.639686660554666,15.691274159023129,0.9761305105435292,0.0037287973169917834
6036,4005035935,26,26.308424057326864,15.93391561834822,0.9761305105435292,0.0037287973169917834
6037,1081443058,13,12.280717151856999,15.54373626343993,0.9761305105435292,0.0037287973169917834
6038,3299371001,17,15.058996861260894,16.590732444168577,0.9761305105435292,0.0037287973169917834
6039,1106461157,15,14.427285628755897,16.980623050465056,0.9761305105435292,0.0037287973169917834
6040,3210661341,23,21.509369741932126,16.380203528152823,0.9761305105435292,0.0037287973169917834
6041,3589722523,20,20.071527441983683,14.089742340489087,0.9761305105435292,0.0037287973169917834
6042,2057930416,15,16.044640608041618,15.244693861295366,0.9761305105435292,0.0037287973169917834
6043,3035651129,16,14.716282779041544,14.752328673559967,0.9761305105435292,0.0037287973169917834
6044,2405271869,18,17.861167934072597,16.070657993532095,0.9761305105435292,0.0037287973169917834
6045,381664386,17,17.578118376293293,15.675619478473312,0.9761305105435292,0.0037287973169917834
6046,780225755,15,15.235519878792704,14.073069550574573,0.9761305105435292,0.0037287973169917834
6047,427683983,18,18.050895170569685,15.427588839632822,0.9761305105435292,0.0037287973169917834
6048,222083636,15,14.886367349674535,17.48385298417523,0.9761305105435292,0.0037287973169917834
6049,729721033,17,16.219934647283385,15.414002015216067,0.9761305105435292,0.0037287973169917834
6050,1381435284,14,13.224596032071599,16.585100239600173,0.9761305105435292,0.0037287973169917834
6051,1289858048,11,10.003271272156251,14.92838696303932,0.9761305105435292,0.0037287973169917834
6052,1340449982,19,19.517389088269987,15.005412323053324,0.9761305105435292,0.0037287973169917834
6053,1881290285,13,12.406816467607383,13.884894329178527,0.9761305105435292,0.0037287973169917834
6054,420044893,12,12.007488183702131,17.573143387842315,0.9761305105435292,0.0037287973169917834
6055,3488323623,19,19.206169421772934,14.481698726128858,0.9761305105435292,0.0037287973169917834
6056,1635014534,15,15.104331598102286,16.05136024683257,0.9761305105435292,0.0037287973169917834
6057,1075485154,12,11.746838946541938,15.815574155671154,0.9761305105435292,0.0037287973169917834
6058,1052225630,19,19.523073599126203,15.05733507848522,0.9761305105435292,0.0037287973169917834
6059,1233763350,14,14.563955037350354,16.58801209593096,0.9761305105435292,0.0037287973169917834
6060,3633670652,18,16.876613691902257,14.000193275781163,0.9761305105435292,0.0037287973169917834
6061,3125473819,17,16.795806479561342,15.4515586929773,0.9761305105435292,0.0037287973169917834
6062,2524222842,17,16.56817712799116,17.021403273882107,0.9761305105435292,0.0037287973169917834
6063,2863912895,22,21.753783441597797,14.990138397720383,0.9761305105435292,0.0037287973169917834
6064,3438955169,16,16.04224360331803,15.199759390513695,0.9761305105435292,0.0037287973169917834
6065,674879667,15,15.192008031121961,14.717794098363461,0.9761305105435292,0.0037287973169917834
6066,3677107728,14,14.353901669207573,18.402947846877225,0.9761305105435292,0.0037287973169917834
6067,2122947718,16,16.789984854355065,13.417466603818216,0.9761305105435292,0.0037287973169917834
6068,391937214,19,19.62240412313237,13.585456826902046,0.9761305105435292,0.0037287973169917834
6069,3861301001,15,16.008026970147036,16.857661398964755,0.9761305105435292,0.0037287973169917834
6070,1997042362,16,15.386938793817553,14.830786130137554,0.9761305105435292,0.0037287973169917834
6071,3555041755,19,18.18947166549383,16.325608490617277,0.9761305105435292,0.0037287973169917834
6072,2000815235,12,12.18640259871746,14.380177349392216,0.9761305105435292,0.0037287973169917834
6073,1001744334,20,20.42726416821304,16.04490881698803,0.9761305105435292,0.0037287973169917834
6074,2095850979,18,18.783835992495547,15.069486895834135,0.9761305105435292,0.0037287973169917834
6075,2452809663,19,18.43040930450937,14.441124122021833,0.9761305105435292,0.0037287973169917834
6076,1896274391,17,17.03021026797285,16.489473006255388,0.9761305105435292,0.0037287973169917834
6077,215696359,17,17.337196759759554,15.81195767033233,0.9761305105435292,0.0037287973169917834
6078,3980719667,18,19.132147932322045,16.242119378637973,0.9761305105435292,0.0037287973169917834
6079,3418395764,14,14.86992059440217,14.654516419129965,0.9761305105435292,0.0037287973169917834
6080,2111507266,17,16.739297694933647,13.423417594136145,0.9761305105435292,0.0037287973169917834
6081,3705474534,19,19.041461850843895,16.068286053207867,0.9761305105435292,0.0037287973169917834
6082,3735067768,16,16.21555601930985,15.7111190325048,0.9761305105435292,0.0037287973169917834
6083,120264903,14,14.370283692360397,18.76438227235491,0.9761305105435292,0.0037287973169917834
6084,992674150,14,14.564470828348885,15.363070496755114,0.9761305105435292,0.0037287973169917834
6085,3287386957,17,16.93083053111058,16.348645945333253,0.9761305105435292,0.0037287973169917834
6086,2791640527,17,16.460306539417054,15.611147185540418,0.9761305105435292,0.0037287973169917834
6087,2937370254,17,17.760496922620185,13.699408036088519,0.9761305105435292,0.0037287973169917834
6088,346593694,14,14.518402788516505,16.73566154438014,0.9761305105435292,0.0037287973169917834
6089,1675398154,14,13.281477619936776,15.733699386091335,0.9761305105435292,0.0037287973169917834
6090,3348115349,16,15.837577553509282,14.92955555448716,0.9761305105435292,0.0037287973169917834
6091,2735292807,12,11.88780645537538,15.269800590135336,0.9761305105435292,0.0037287973169917834
6092,2247397053,18,17.446946782290915,16.277168134852413,0.9761305105435292,0.0037287973169917834
6093,3524423376,14,13.250185838482611,16.17579753664734,0.9761305105435292,0.0037287973169917834
6094,1602203978,20,21.517514954825938,16.244758117277946,0.9761305105435292,0.0037287973169917834
6095,2571150117,12,12.460954866169391,15.047378770190079,0.9761305105435292,0.0037287973169917834
6096,846267541,12,12.124182485943958,17.391353822799864,0.9761305105435292,0.0037287973169917834
6097,126323171,15,15.422147349284476,14.99003307778423,0.9761305105435292,0.0037287973169917834
6098,1812538765,13,12.451940199059175,15.324132505452187,0.9761305105435292,0.0037287973169917834
6099,3109409170,16,16.175811801496216,14.764851588767726,0.9761305105435292,0.0037287973169917834
6100,3344895709,20,19.68697015548666,17.656930538223428,0.9761305105435292,0.0037287973169917834
6101,673434996,14,14.15044700592066,16.200526200153128,0.9761305105435292,0.0037287973169917834
6102,1225447369,15,15.32249651139079,18.56019127708676,0.9761305105435292,0.0037287973169917834
6103,954071252,18,17.532770138012324,16.601553920739754,0.9761305105435292,0.0037287973169917834
6104,3780336086,17,16.143186440142394,15.430023094982243,0.9761305105435292,0.0037287973169917834
6105,3093599168,13,13.644366078938043,17.18260653151085,0.9761305105435292,0.0037287973169917834
6106,3086148714,19,19.235255734110087,16.06782368646457,0.9761305105435292,0.0037287973169917834
6107,690568864,13,12.56138616280097,14.434988251433968,0.9761305105435292,0.0037287973169917834
6108,721429291,11,11.704118730677447,16.417477828272776,0.9761305105435292,0.0037287973169917834
6109,3087675914,11,10.77119216382081,15.8518227255997,0.9761305105435292,0.0037287973169917834
6110,730218141,17,18.1069618421489,17.93960436404199,0.9761305105435292,0.0037287973169917834
6111,925971641,16,16.052532077991003,15.05814172555398,0.9761305105435292,0.0037287973169917834
6112,743648961,14,14.361078953755115,16.289281954211084,0.9761305105435292,0.0037287973169917834
6113,3336817744,15,15.608038812279352,15.536436291235722,0.9761305105435292,0.0037287973169917834
6114,2131830878,16,16.34662579879967,14.836527899487141,0.9761305105435292,0.0037287973169917834
6115,4180609013,20,20.164707862760565,14.888285835098875,0.9761305105435292,0.0037287973169917834
6116,3374802465,14,12.310789469437886,15.20220572130076,0.9761305105435292,0.0037287973169917834
6117,3816458729,18,18.27994848869739,15.823296171190515,0.9761305105435292,0.0037287973169917834
6118,430566811,18,17.442516885758014,16.72634720601464,0.9761305105435292,0.0037287973169917834
6119,884898586,18,18.485330143033384,16.70339001729976,0.9761305105435292,0.0037287973169917834
6120,3186995993,20,18.948456279691378,16.719837244547893,0.9761305105435292,0.0037287973169917834
6121,269249365,12,11.746220842121701,16.336947971655174,0.9761305105435292,0.0037287973169917834
6122,3420933425,18,18.006548166837906,16.705006945588735,0.9761305105435292,0.0037287973169917834
6123,4011160210,17,16.69818660913593,15.852175606750436,0.9761305105435292,0.0037287973169917834
6124,3689969409,17,16.968524322682384,16.038640174519465,0.9761305105435292,0.0037287973169917834
6125,1252201494,12,12.173707714570835,15.92612065875269,0.9761305105435292,0.0037287973169917834
6126,1990738872,15,14.055250707894075,16.630363860818626,0.9761305105435292,0.0037287973169917834
6127,768857949,20,19.810676212226806,15.63922297088379,0.9761305105435292,0.0037287973169917834
6128,2581702328,16,15.550166822113118,15.854637110087761,0.9761305105435292,0.0037287973169917834
6129,3506487595,11,12.01383683164225,16.822641279094114,0.9761305105435292,0.0037287973169917834
6130,869440743,18,17.76554898215764,16.99854886014524,0.9761305105435292,0.0037287973169917834
6131,2552987922,11,11.969103459462545,14.444237351358211,0.9761305105435292,0.0037287973169917834
6132,2302740971,13,12.691332370094376,15.28252382672384,0.9761305105435292,0.0037287973169917834
6133,2731142941,18,18.340527867822168,16.705055143288796,0.9761305105435292,0.0037287973169917834
6134,3763982401,12,12.217830933903937,15.491857935872044,0.9761305105435292,0.0037287973169917834
6135,2190406050,14,14.151420378438988,16.367736574836258,0.9761305105435292,0.0037287973169917834
6136,1182507737,17,17.467974540976947,15.834376422015108,0.9761305105435292,0.0037287973169917834
6137,2007924073,21,19.895432673168635,14.44014759140509,0.9761305105435292,0.0037287973169917834
6138,2131209917,21,21.88862705735755,17.26810357647481,0.9761305105435292,0.0037287973169917834
6139,3659803443,15,15.778435787344648,16.871376889453252,0.9761305105435292,0.0037287973169917834
6140,3822095175,16,17.153384445521066,14.210201579888132,0.9761305105435292,0.0037287973169917834
6141,1256919051,13,12.407590499171913,15.483646820401551,0.9761305105435292,0.0037287973169917834
6142,3858807210,14,14.064690016124121,15.090009746683512,0.9761305105435292,0.0037287973169917834
6143,2905706332,17,17.62070927278835,16.68794997466191,0.9761305105435292,0.0037287973169917834
6144,2168450559,22,22.639199982542195,16.249466219606212,0.9761305105435292,0.0037287973169917834
6145,1153852731,15,14.305962337257323,17.028045432542893,0.9761305105435292,0.0037287973169917834
6146,3630974250,14,14.510169098653327,16.40070382598922,0.9761305105435292,0.0037287973169917834
6147,354856451,13,12.949033954736455,15.972563017886127,0.9761305105435292,0.0037287973169917834
6148,3988837882,19,18.504418154697085,15.54825134346891,0.9761305105435292,0.0037287973169917834
6149,2993831823,19,18.95053999747701,15.117671088788693,0.9761305105435292,0.0037287973169917834
6150,1576116149,21,21.166317309648957,15.544173391545296,0.9761305105435292,0.0037287973169917834
6151,797565157,16,16.098662088347318,14.81368497579697,0.9761305105435292,0.0037287973169917834
6152,2646257816,16,14.801023332013937,16.381475998521744,0.9761305105435292,0.0037287973169917834
6153,2236230919,13,13.275876820057155,16.46945639839524,0.9761305105435292,0.0037287973169917834
6154,609388365,13,13.784139001390406,17.49374221708977,0.9761305105435292,0.0037287973169917834
6155,1109064400,14,13.902757252023239,17.268173441191692,0.9761305105435292,0.0037287973169917834
6156,371173473,14,14.014094354987543,16.7610777681681,0.9761305105435292,0.0037287973169917834
6157,3213984043,16,16.918473622084576,17.47772115922266,0.9761305105435292,0.0037287973169917834
6158,1629410576,13,12.619794245940612,13.945416823285774,0.9761305105435292,0.0037287973169917834
6159,2904471290,20,20.084307320756867,14.55649854392728,0.9761305105435292,0.0037287973169917834
6160,3433666696,13,12.559662076066072,16.548156945583923,0.9761305105435292,0.0037287973169917834
6161,3794250666,17,16.79437324538238,14.085550508111762,0.9761305105435292,0.0037287973169917834
6162,2221371060,16,16.13288704944826,15.672113497355047,0.9761305105435292,0.0037287973169917834
6163,1953967726,19,19.459555982705652,16.367516047785525,0.9761305105435292,0.0037287973169917834
6164,746718927,13,15.250233111562872,16.60943275585308,0.9761305105435292,0.0037287973169917834
6165,2218260818,16,14.92404551556238,17.07100651584961,0.9761305105435292,0.0037287973169917834
6166,868982570,18,18.149493495263783,16.298574761727387,0.9761305105435292,0.0037287973169917834
6167,1444174260,14,13.42040659561636,15.276731157136325,0.9761305105435292,0.0037287973169917834
6168,484634665,14,13.748918048050243,15.592281213304716,0.9761305105435292,0.0037287973169917834
6169,2419748842,17,16.55828263620192,14.945536488338922,0.9761305105435292,0.0037287973169917834
6170,1197408246,23,23.86826668578957,14.689509477101755,0.9761305105435292,0.0037287973169917834
6171,3777706625,14,13.704913411994776,17.103848640753327,0.9761305105435292,0.0037287973169917834
6172,108999221,16,15.662015337135875,17.32865701082452,0.9761305105435292,0.0037287973169917834
6173,2279901804,15,14.140334676917906,15.715578747131485,0.9761305105435292,0.0037287973169917834
6174,3430987424,12,12.372752120374395,15.703406677470719,0.9761305105435292,0.0037287973169917834
6175,1605570690,14,14.188068353193959,15.94790658052717,0.9761305105435292,0.0037287973169917834
6176,150044219,17,17.19937117244124,16.412695657506617,0.9761305105435292,0.0037287973169917834
6177,1966161301,17,17.648578699706377,14.552285638004772,0.9761305105435292,0.0037287973169917834
6178,4168559533,20,19.411320218007457,16.681831948115764,0.9761305105435292,0.0037287973169917834
6179,19722127,16,16.520803307768126,15.572415166362807,0.9761305105435292,0.0037287973169917834
6180,2847087806,18,17.39931857265037,15.567839884455662,0.9761305105435292,0.0037287973169917834
6181,800681336,19,18.398530617310648,15.37541225025036,0.9761305105435292,0.0037287973169917834
6182,3611895552,13,12.92846783529526,15.350346527273022,0.9761305105435292,0.0037287973169917834
6183,1655592695,19,18.05070284482401,19.30539368258506,0.9761305105435292,0.0037287973169917834
6184,3196429306,19,17.866919599831192,15.154250123918562,0.9761305105435292,0.0037287973169917834
6185,1492156277,19,18.175034354392242,17.193500584925616,0.9761305105435292,0.0037287973169917834
6186,3497895728,16,16.76876899624586,15.385018401495088,0.9761305105435292,0.0037287973169917834
6187,1343634879,17,17.988731525750275,17.21488185162595,0.9761305105435292,0.0037287973169917834
6188,3789305749,18,18.359512739228457,14.239903390692367,0.9761305105435292,0.0037287973169917834
6189,1905036198,15,15.068418893111868,16.167313673200432,0.9761305105435292,0.0037287973169917834
6190,320605487,14,14.561329684219169,17.20248833599138,0.9761305105435292,0.0037287973169917834
6191,1503612809,18,19.372732270925844,14.977744172552054,0.9761305105435292,0.0037287973169917834
6192,1263656334,17,18.057001660249767,16.816223648343872,0.9761305105435292,0.0037287973169917834
6193,428704218,14,14.694842830670797,16.50161177974693,0.9761305105435292,0.0037287973169917834
6194,3781614969,19,18.849924394793504,16.214359836957506,0.9761305105435292,0.0037287973169917834
6195,3167747882,22,20.84218993878135,17.685840275301818,0.9761305105435292,0.0037287973169917834
6196,2037124586,17,18.457762517820296,15.853293487466336,0.9761305105435292,0.0037287973169917834
6197,2656977377,16,14.155542867554294,16.21848139512017,0.9761305105435292,0.0037287973169917834
6198,4088900934,20,19.72628887830242,14.689115125765813,0.9761305105435292,0.0037287973169917834
6199,2595290860,19,18.764968422249247,16.97833546545213,0.9761305105435292,0.0037287973169917834
6200,1281992266,14,14.591857446618684,16.32045199809088,0.9761305105435292,0.0037287973169917834
6201,402780691,11,9.792784271434568,17.21715424090121,0.9761305105435292,0.0037287973169917834
6202,263304800,15,15.760584879028027,17.601872296531774,0.9761305105435292,0.0037287973169917834
6203,352362285,13,12.28419182715983,16.16996091885816,0.9761305105435292,0.0037287973169917834
6204,987584318,20,20.220866619752268,15.10185928832478,0.9761305105435292,0.0037287973169917834
6205,17314255,11,10.652025969125773,16.764814555266803,0.9761305105435292,0.0037287973169917834
6206,3124467749,16,16.716477253991666,16.424871667648766,0.9761305105435292,0.0037287973169917834
6207,2361157897,14,14.135119275365224,14.469139922435389,0.9761305105435292,0.0037287973169917834
6208,3075204355,17,17.368934199225954,15.515098662919105,0.9761305105435292,0.0037287973169917834
6209,818079578,15,15.242836397502435,15.451687618964602,0.9761305105435292,0.0037287973169917834
6210,2351230678,16,15.643310654400471,16.76509535012841,0.9761305105435292,0.0037287973169917834
6211,464095019,16,15.5192688430779,15.299406784579508,0.9761305105435292,0.0037287973169917834
6212,1263699211,13,13.340397822303677,14.56229906948719,0.9761305105435292,0.0037287973169917834
6213,3029727053,19,18.37708071968748,17.580471790469865,0.9761305105435292,0.0037287973169917834
6214,2495098911,14,13.49245052824547,12.912926520375498,0.9761305105435292,0.0037287973169917834
6215,378916233,15,15.126626956547621,15.879788597256518,0.9761305105435292,0.0037287973169917834
6216,2377308597,18,19.54312580344734,16.474873713356537,0.9761305105435292,0.0037287973169917834
6217,3504460815,15,13.985846905283292,15.926760797573928,0.9761305105435292,0.0037287973169917834
6218,3056548574,20,19.59073859559313,18.502868914376574,0.9761305105435292,0.0037287973169917834
6219,605174799,12,11.129983716495195,15.602694647534852,0.9761305105435292,0.0037287973169917834
6220,1111148615,13,13.562680841817297,16.892634684967113,0.9761305105435292,0.0037287973169917834
6221,424502958,16,14.905774733427819,15.78121458241245,0.9761305105435292,0.0037287973169917834
6222,3453819566,19,18.856587954180462,13.246622002585289,0.9761305105435292,0.0037287973169917834
6223,1470772309,16,15.175079554505862,16.42461073711415,0.9761305105435292,0.0037287973169917834
6224,473399335,13,12.47847910205301,14.434658224434983,0.9761305105435292,0.0037287973169917834
6225,3166879830,14,14.206082494967479,16.399878835743827,0.9761305105435292,0.0037287973169917834
6226,2271734095,19,18.513849927986648,17.24082017841087,0.9761305105435292,0.0037287973169917834
6227,1061545064,16,16.361838037762666,13.81718171341051,0.9761305105435292,0.0037287973169917834
6228,741534884,14,13.971610355304659,15.415874936532342,0.9761305105435292,0.0037287973169917834
6229,3304829214,18,18.41802489779388,16.197294980171215,0.9761305105435292,0.0037287973169917834
6230,2563286383,16,15.701996834208956,15.559148833780418,0.9761305105435292,0.0037287973169917834
6231,2695335425,12,12.582799535800259,14.613112505760606,0.9761305105435292,0.0037287973169917834
6232,1737711111,17,16.44112694859257,15.550371329263294,0.9761305105435292,0.0037287973169917834
6233,2614194958,17,17.353071305393442,14.840348126303601,0.9761305105435292,0.0037287973169917834
6234,4092813570,16,16.509452586263826,14.627070253663828,0.9761305105435292,0.0037287973169917834
6235,2024812139,16,15.345324753005375,16.953170242855787,0.9761305105435292,0.0037287973169917834
6236,3991861001,21,20.628449800722443,14.684224447260073,0.9761305105435292,0.0037287973169917834
6237,2907879107,17,16.919636564507346,17.27236639227093,0.9761305105435292,0.0037287973169917834
6238,2107956310,18,18.359734699349364,15.474822069030987,0.9761305105435292,0.0037287973169917834
6239,2843430967,17,17.048517613490283,14.77207834289165,0.9761305105435292,0.0037287973169917834
6240,2892930912,17,16.732829136292004,17.0001922554992,0.9761305105435292,0.0037287973169917834
6241,3866611944,18,17.965646632683562,15.083091573305136,0.9761305105435292,0.0037287973169917834
6242,2184828171,14,13.084461982504816,18.381558529142637,0.9761305105435292,0.0037287973169917834
6243,3499328454,14,14.618100303503686,17.13743056950171,0.9761305105435292,0.0037287973169917834
6244,3367663447,19,18.77923471371644,15.8244152285322,0.9761305105435292,0.0037287973169917834
6245,2535159732,19,18.078761061142018,16.10093350580073,0.9761305105435292,0.0037287973169917834
6246,4201759672,18,17.598983723476074,15.638193156289512,0.9761305105435292,0.0037287973169917834
6247,414927254,15,14.390528012800607,16.397031150346283,0.9761305105435292,0.0037287973169917834
6248,3948618419,18,18.076171633018248,16.479389737782917,0.9761305105435292,0.0037287973169917834
6249,1214151863,18,16.653915532409535,16.525588137482934,0.9761305105435292,0.0037287973169917834
6250,3035920430,17,16.591017607878698,16.004403156209012,0.9761305105435292,0.0037287973169917834
6251,3698020351,23,22.048263448324022,15.004280642339879,0.9761305105435292,0.0037287973169917834
6252,1111387804,16,15.931362437906827,16.925973482383412,0.9761305105435292,0.0037287973169917834
6253,3917200017,19,18.961087464189387,15.797947870687105,0.9761305105435292,0.0037287973169917834
6254,1217507128,14,14.424050186224614,16.306603233888556,0.9761305105435292,0.0037287973169917834
6255,4263863489,16,16.20448374522602,16.180308103516136,0.9761305105435292,0.0037287973169917834
6256,707557491,15,14.933293238977825,16.637650434735267,0.9761305105435292,0.0037287973169917834
6257,1254537559,17,16.129703690426695,17.61224596531584,0.9761305105435292,0.0037287973169917834
6258,406887622,11,11.53901667291358,16.360512448054777,0.9761305105435292,0.0037287973169917834
6259,3057735768,13,13.181655907569654,18.118448342985424,0.9761305105435292,0.0037287973169917834
6260,3440550411,13,12.91038459177463,15.536129075671221,0.9761305105435292,0.0037287973169917834
6261,2751655660,15,15.000520557257019,15.653410087713791,0.9761305105435292,0.0037287973169917834
6262,163867628,15,15.416961869903997,16.40149419631164,0.9761305105435292,0.0037287973169917834
6263,3951226119,17,17.237219920003774,14.465908318240187,0.9761305105435292,0.0037287973169917834
6264,393455546,19,19.168491095153485,17.085230423227284,0.9761305105435292,0.0037287973169917834
6265,715140015,15,15.141814595970652,15.758602414331552,0.9761305105435292,0.0037287973169917834
6266,3979460241,18,18.975290568819,14.989014077499055,0.9761305105435292,0.0037287973169917834
6267,1382826251,12,11.232436578766908,13.615151647489872,0.9761305105435292,0.0037287973169917834
6268,3755581671,20,20.06242845819565,17.118648511474667,0.9761305105435292,0.0037287973169917834
6269,1916494997,16,15.52873672839363,15.018631747918892,0.9761305105435292,0.0037287973169917834
6270,1294566480,11,11.862396174798139,15.253320479778154,0.9761305105435292,0.0037287973169917834
6271,2502724839,16,16.369200359097857,13.813552043501417,0.9761305105435292,0.0037287973169917834
6272,2271425680,13,12.902730092729126,16.615643599582494,0.9761305105435292,0.0037287973169917834
6273,2408685850,14,14.862618392950054,16.555950762051744,0.9761305105435292,0.0037287973169917834
6274,22052199,14,13.840738230699278,14.41892696305228,0.9761305105435292,0.0037287973169917834
6275,3606509667,20,20.062114009954456,13.765430526632628,0.9761305105435292,0.0037287973169917834
6276,365274532,14,13.77034652315432,15.540623380728658,0.9761305105435292,0.0037287973169917834
6277,1239888660,15,15.342981178734794,14.22654013257177,0.9761305105435292,0.0037287973169917834
6278,1292802164,14,14.41364591699499,15.766877726036057,0.9761305105435292,0.0037287973169917834
6279,2737425183,17,18.30876155258962,15.816410427642277,0.9761305105435292,0.0037287973169917834
6280,2391244738,18,18.33170489157577,15.754581927765278,0.9761305105435292,0.0037287973169917834
6281,737622390,20,19.8948081620341,18.03080138607698,0.9761305105435292,0.0037287973169917834
6282,3260833243,18,18.04725886533999,17.85240521583656,0.9761305105435292,0.0037287973169917834
6283,2434621771,14,13.95681671028278,14.921331962651314,0.9761305105435292,0.0037287973169917834
6284,1961215507,16,16.375335478370847,14.221803998791833,0.9761305105435292,0.0037287973169917834
6285,3685705995,19,19.439986419793836,14.678045714560847,0.9761305105435292,0.0037287973169917834
6286,2027162496,12,11.516976976011529,13.765771535925865,0.9761305105435292,0.0037287973169917834
6287,1110027789,13,13.197592221365358,16.10087999711159,0.9761305105435292,0.0037287973169917834
6288,30440324,12,12.69687816312722,15.862094888239445,0.9761305105435292,0.0037287973169917834
6289,1364149384,12,12.03239091038566,16.440237836107176,0.9761305105435292,0.0037287973169917834
6290,3604334042,19,17.713862331317188,14.871668426567592,0.9761305105435292,0.0037287973169917834
6291,1964960056,17,16.577536989361985,18.104239403543943,0.9761305105435292,0.0037287973169917834
6292,4263623504,17,17.317158689779557,15.391391175388108,0.9761305105435292,0.0037287973169917834
6293,2685456261,12,12.126900298837622,13.65227052003453,0.9761305105435292,0.0037287973169917834
6294,682384621,16,15.549240251446651,15.38932717375584,0.9761305105435292,0.0037287973169917834
6295,795851296,17,16.509541127887463,15.984701503444873,0.9761305105435292,0.0037287973169917834
6296,3626663334,17,16.948693631875358,16.42834218237043,0.9761305105435292,0.0037287973169917834
6297,3753534650,20,19.453964920601628,15.598406313690745,0.9761305105435292,0.0037287973169917834
6298,251556631,19,19.79348061361031,17.000796072919755,0.9761305105435292,0.0037287973169917834
6299,2062468483,18,18.091758046537443,13.746739299463675,0.9761305105435292,0.0037287973169917834
6300,663214829,19,20.61086721237303,13.041748920201774,0.9761305105435292,0.0037287973169917834
6301,3665871531,14,13.23680669345309,16.31404485724914,0.9761305105435292,0.0037287973169917834
6302,2805226566,15,14.787126230420393,17.08766074855074,0.9761305105435292,0.0037287973169917834
6303,1861505867,18,17.632410792687242,14.259977157448418,0.9761305105435292,0.0037287973169917834
6304,3889377778,19,19.64284529822047,14.681294874391691,0.9761305105435292,0.0037287973169917834
6305,828774245,15,14.75527400557525,14.718544928707209,0.9761305105435292,0.0037287973169917834
6306,536546761,19,19.22309140546949,15.25579402454278,0.9761305105435292,0.0037287973169917834
6307,676559413,15,14.67481434765312,17.938981055039598,0.9761305105435292,0.0037287973169917834
6308,2169400604,14,13.966904101521072,15.264272552718845,0.9761305105435292,0.0037287973169917834
6309,3041004787,15,14.982056228677513,13.854019935190584,0.9761305105435292,0.0037287973169917834
6310,2931967451,17,17.15205090437925,14.814717887275467,0.9761305105435292,0.0037287973169917834
6311,44533373,15,15.484868122902563,16.826136084156694,0.9761305105435292,0.0037287973169917834
6312,4263736880,17,16.5861165373073,17.61055364571977,0.9761305105435292,0.0037287973169917834
6313,148369154,15,15.32944467423431,15.552391032446584,0.9761305105435292,0.0037287973169917834
6314,4101316724,15,14.454544941791312,15.90062700104637,0.9761305105435292,0.0037287973169917834
6315,456308505,16,16.557478479633488,16.711336356244892,0.9761305105435292,0.0037287973169917834
6316,3275173638,16,15.103453325792282,15.328082132658434,0.9761305105435292,0.0037287973169917834
6317,3343612520,17,16.327968812899222,15.249750493299786,0.9761305105435292,0.0037287973169917834
6318,845006179,16,15.796501824518026,14.043828571313274,0.9761305105435292,0.0037287973169917834
6319,3461391906,13,13.192089562805034,14.324231537122476,0.9761305105435292,0.0037287973169917834
6320,2048705238,16,16.422524709785762,15.705452145009138,0.9761305105435292,0.0037287973169917834
6321,3288329291,21,20.40329793139258,15.403819041871666,0.9761305105435292,0.0037287973169917834
6322,871641391,17,16.81860810276627,16.105774612068267,0.9761305105435292,0.0037287973169917834
6323,1703338463,18,17.245358555007556,16.507653455072845,0.9761305105435292,0.0037287973169917834
6324,285041423,16,16.02172780843346,15.622115683571096,0.9761305105435292,0.0037287973169917834
6325,2966692992,10,10.39331880879865,17.12245060126372,0.9761305105435292,0.0037287973169917834
6326,1354641539,13,11.721432574596133,16.403354504018708,0.9761305105435292,0.0037287973169917834
6327,4188104997,16,16.19095231928843,16.60501894609377,0.9761305105435292,0.0037287973169917834
6328,3551701290,16,15.036124990031215,13.908943367926799,0.9761305105435292,0.0037287973169917834
6329,524465366,16,15.879683711925969,15.27281949658861,0.9761305105435292,0.0037287973169917834
6330,1134213749,17,16.031870962119736,15.664417158427392,0.9761305105435292,0.0037287973169917834
6331,4289150420,22,22.612533236183403,16.482253981315186,0.9761305105435292,0.0037287973169917834
6332,2817145847,22,21.77526294335274,16.91378740529808,0.9761305105435292,0.0037287973169917834
6333,4067306164,17,15.866861230088237,17.423185821872174,0.9761305105435292,0.0037287973169917834
6334,2903456734,20,20.3497524073236,15.509237530494,0.9761305105435292,0.0037287973169917834
6335,2191778304,10,11.125128575512454,16.43149845840902,0.9761305105435292,0.0037287973169917834
6336,1418209553,10,10.198000978489395,16.607648596327667,0.9761305105435292,0.0037287973169917834
6337,1895005419,20,18.605205235212345,15.416615667120862,0.9761305105435292,0.0037287973169917834
6338,1629875370,15,15.188840753060685,17.69864153242379,0.9761305105435292,0.0037287973169917834
6339,791193011,16,16.00453683542881,16.793322348732126,0.9761305105435292,0.0037287973169917834
6340,2599588419,15,15.207911770720674,18.21215579094993,0.9761305105435292,0.0037287973169917834
6341,3631734016,16,15.835242146244363,15.899032158544127,0.9761305105435292,0.0037287973169917834
6342,2978306951,16,15.424152246183187,14.266516493444234,0.9761305105435292,0.0037287973169917834
6343,3251381544,12,13.45404522884569,16.605545433975895,0.9761305105435292,0.0037287973169917834
6344,1481578368,13,12.993880556371494,15.726645406063028,0.9761305105435292,0.0037287973169917834
6345,3913056889,16,17.04472316387994,15.847097392704669,0.9761305105435292,0.0037287973169917834
6346,2821813215,18,18.20587181526408,14.450134413933307,0.9761305105435292,0.0037287973169917834
6347,2849421274,20,20.102589188197367,17.654372582474757,0.9761305105435292,0.0037287973169917834
6348,735204847,19,19.01382643231128,15.44474739564221,0.9761305105435292,0.0037287973169917834
6349,489505344,11,12.703906133863075,17.719579334606212,0.9761305105435292,0.0037287973169917834
6350,4093585254,22,22.605592035171394,16.361601961823624,0.9761305105435292,0.0037287973169917834
6351,4061819553,15,16.16600416353196,14.566069216147913,0.9761305105435292,0.0037287973169917834
6352,2006033157,15,13.56123430937799,17.355045345713975,0.9761305105435292,0.0037287973169917834
6353,1261240870,12,11.942005388225777,15.510079024625151,0.9761305105435292,0.0037287973169917834
6354,3335300248,14,14.789209268960429,16.05670349947028,0.9761305105435292,0.0037287973169917834
6355,1924102310,18,18.28010420442745,16.04943870730274,0.9761305105435292,0.0037287973169917834
6356,748970274,11,10.88048932822981,14.98208537807949,0.9761305105435292,0.0037287973169917834
6357,2192626676,15,15.054027316678534,14.276803806939554,0.9761305105435292,0.0037287973169917834
6358,2230805861,17,17.4724679509551,17.04782472127913,0.9761305105435292,0.0037287973169917834
6359,3344375686,18,18.67201977570655,16.90785334415186,0.9761305105435292,0.0037287973169917834
6360,718394736,15,15.3913944962096,16.21817519582701,0.9761305105435292,0.0037287973169917834
6361,658146196,14,13.623694926256821,14.648997424558615,0.9761305105435292,0.0037287973169917834
6362,2867764846,20,19.203743792561816,17.154468273674635,0.9761305105435292,0.0037287973169917834
6363,3904987301,13,12.321953105142851,18.561202295591176,0.9761305105435292,0.0037287973169917834
6364,243731707,16,15.405697279157966,15.929631333889414,0.9761305105435292,0.0037287973169917834
6365,2487189559,15,14.85130570758621,15.636626539788532,0.9761305105435292,0.0037287973169917834
6366,2727019947,14,13.547081729747504,15.114861378348209,0.9761305105435292,0.0037287973169917834
6367,3546423685,13,13.244689741554478,15.123873991330607,0.9761305105435292,0.0037287973169917834
6368,2859151651,15,14.029176322845098,15.488681485695015,0.9761305105435292,0.0037287973169917834
6369,1128085430,18,18.43356976597593,14.9751572936716,0.9761305105435292,0.0037287973169917834
6370,3034547403,18,17.97664257751824,15.075970167666316,0.9761305105435292,0.0037287973169917834
6371,3423720918,16,16.701344177032677,15.45663821677871,0.9761305105435292,0.0037287973169917834
6372,2682881558,17,16.629706048512052,17.13999967375813,0.9761305105435292,0.0037287973169917834
6373,3953444005,16,15.354074855378121,15.08714998729494,0.9761305105435292,0.0037287973169917834
6374,4161707210,16,16.470734694055228,16.31968562097269,0.9761305105435292,0.0037287973169917834
6375,908805043,16,15.413226123750755,16.705343471794027,0.9761305105435292,0.0037287973169917834
6376,1226518420,15,14.88030725081767,15.877162709074005,0.9761305105435292,0.0037287973169917834
6377,2414645442,15,15.234013868666642,17.92801217418855,0.9761305105435292,0.0037287973169917834
6378,1945333030,19,19.712452139155772,17.1546822296368,0.9761305105435292,0.0037287973169917834
6379,824444040,8,8.019228485824085,15.140373903269937,0.9761305105435292,0.0037287973169917834
6380,2589584548,16,15.505209690116711,16.306991607872334,0.9761305105435292,0.0037287973169917834
6381,1275031519,25,26.292294522283377,17.24196419272105,0.9761305105435292,0.0037287973169917834
6382,2961388444,14,14.967442058885558,15.970966741318104,0.9761305105435292,0.0037287973169917834
6383,162682776,14,14.318414818931137,16.94368014961508,0.9761305105435292,0.0037287973169917834
6384,1477428365,14,13.33893177019059,15.367809563674063,0.9761305105435292,0.0037287973169917834
6385,2382744028,15,14.866854552695461,16.340246104912648,0.9761305105435292,0.0037287973169917834
6386,2015302960,14,14.044038752243836,15.4118277678019,0.9761305105435292,0.0037287973169917834
6387,1976174799,16,15.98979059189809,18.769708363951597,0.9761305105435292,0.0037287973169917834
6388,200456075,18,18.724535274723557,14.955420386705516,0.9761305105435292,0.0037287973169917834
6389,778322895,16,17.095732752991132,14.562923820101796,0.9761305105435292,0.0037287973169917834
6390,2195503090,18,17.244892390398768,15.538648286958601,0.9761305105435292,0.0037287973169917834
6391,3168097434,17,17.685552491513278,15.564060323551605,0.9761305105435292,0.0037287973169917834
6392,3164987784,15,14.927045352069095,17.58188165306948,0.9761305105435292,0.0037287973169917834
6393,2362322560,13,12.203312762161397,16.204713569480603,0.9761305105435292,0.0037287973169917834
6394,2856469858,12,12.419999228070195,15.705103021625234,0.9761305105435292,0.0037287973169917834
6395,2055300672,12,11.913207667847933,14.237970597601656,0.9761305105435292,0.0037287973169917834
6396,2484392985,12,12.630268799471684,15.764363535874699,0.9761305105435292,0.0037287973169917834
6397,1198231683,14,14.024593352528004,15.290417974180396,0.9761305105435292,0.0037287973169917834
6398,1222158540,13,13.478832010684036,16.280470327614108,0.9761305105435292,0.0037287973169917834
6399,1927261016,19,19.865098765723012,18.107104308515893,0.9761305105435292,0.0037287973169917834
6400,4217675582,21,20.659779164119875,17.327808210943147,0.9761305105435292,0.0037287973169917834
6401,1470089034,19,17.696621726332232,16.521234981865458,0.9761305105435292,0.0037287973169917834
6402,3161743958,16,16.7584140340148,16.262962620049052,0.9761305105435292,0.0037287973169917834
6403,752032659,16,14.73440399130546,17.374171338729568,0.9761305105435292,0.0037287973169917834
6404,255009756,16,16.72352304467373,14.85371755859567,0.9761305105435292,0.0037287973169917834
6405,3183089554,18,18.32350031197037,16.63644320186203,0.9761305105435292,0.0037287973169917834
6406,1013330468,13,12.735015107654487,15.27810568260531,0.9761305105435292,0.0037287973169917834
6407,24968278,16,16.072506276322127,17.494662784786964,0.9761305105435292,0.0037287973169917834
6408,3303599180,15,14.86593093377106,15.97260897756004,0.9761305105435292,0.0037287973169917834
6409,2177575479,15,14.878101556775055,17.10229899851857,0.9761305105435292,0.0037287973169917834
6410,3467952149,14,14.267774889976803,16.276263343015962,0.9761305105435292,0.0037287973169917834
6411,2137075861,16,16.595889455931122,15.257290756731411,0.9761305105435292,0.0037287973169917834
6412,3374847220,13,11.873142649617108,14.982707425142909,0.9761305105435292,0.0037287973169917834
6413,2791517267,15,15.647556016611702,14.891545662251541,0.9761305105435292,0.0037287973169917834
6414,534349660,18,19.31040042137543,15.887152338953518,0.9761305105435292,0.0037287973169917834
6415,3998121328,19,19.28147086401435,16.273620445462274,0.9761305105435292,0.0037287973169917834
6416,1391537684,14,15.050298297984,18.522117793665345,0.9761305105435292,0.0037287973169917834
6417,1746217940,14,14.766424347069764,14.41154881587481,0.9761305105435292,0.0037287973169917834
6418,2606371202,13,13.796124768444745,18.0033125934783,0.9761305105435292,0.0037287973169917834
6419,639154106,16,16.368970755820534,15.434518398479895,0.9761305105435292,0.0037287973169917834
6420,868895713,16,15.730773031889678,16.109731015172127,0.9761305105435292,0.0037287973169917834
6421,4238811258,17,17.395433753195597,17.157143162092062,0.9761305105435292,0.0037287973169917834
6422,2863044201,16,15.973880460879972,15.726141405130885,0.9761305105435292,0.0037287973169917834
6423,346678711,17,16.886114607830006,16.451548684334636,0.9761305105435292,0.0037287973169917834
6424,2838808890,15,14.807490630236577,15.890854143367182,0.9761305105435292,0.0037287973169917834
6425,1426012979,20,20.26885904775305,15.618803262329493,0.9761305105435292,0.0037287973169917834
6426,2222952860,16,16.51258819683211,16.866327854361177,0.9761305105435292,0.0037287973169917834
6427,107556388,12,11.712181944080998,17.47047060747487,0.9761305105435292,0.0037287973169917834
6428,4172681917,18,18.767723169163947,16.913263342795666,0.9761305105435292,0.0037287973169917834
6429,3095222626,17,15.862420663972056,17.68996418775781,0.9761305105435292,0.0037287973169917834
6430,3363330940,17,16.851952289111743,15.81917716558416,0.9761305105435292,0.0037287973169917834
6431,1580745709,17,16.98908367131094,16.7146909981689,0.9761305105435292,0.0037287973169917834
6432,1058103386,14,13.762536706802544,16.35743259043302,0.9761305105435292,0.0037287973169917834
6433,3658631856,13,12.706449561479399,15.166078180984869,0.9761305105435292,0.0037287973169917834
6434,79381545,12,11.348273487797174,15.250293516211348,0.9761305105435292,0.0037287973169917834
6435,1192184052,15,15.653525164832269,13.627730367301282,0.9761305105435292,0.0037287973169917834
6436,695048879,18,18.4939957099897,16.01041795816921,0.9761305105435292,0.0037287973169917834
6437,201291351,21,20.353676731510895,15.56365917644418,0.9761305105435292,0.0037287973169917834
6438,37436890,16,16.110073936696374,16.084596854241727,0.9761305105435292,0.0037287973169917834
6439,3948983431,16,17.136529133555662,14.012430047608145,0.9761305105435292,0.0037287973169917834
6440,653249751,20,19.479405605941672,16.29883828355155,0.9761305105435292,0.0037287973169917834
6441,3831158288,14,13.940289410026065,18.13242103963978,0.9761305105435292,0.0037287973169917834
6442,1226083068,14,13.991856900735353,15.25327037941054,0.9761305105435292,0.0037287973169917834
6443,2797576188,23,22.914821516988685,16.326575020075534,0.9761305105435292,0.0037287973169917834
6444,2811194758,18,17.910917271696846,13.64199317444004,0.9761305105435292,0.0037287973169917834
6445,3173003726,15,15.092948487883394,14.959802435325008,0.9761305105435292,0.0037287973169917834
6446,1073506123,21,20.88875379009489,17.5321605907944,0.9761305105435292,0.0037287973169917834
6447,4217257019,21,21.533369251894925,17.42943987965986,0.9761305105435292,0.0037287973169917834
6448,1109926826,11,11.74295176614839,16.211401567721232,0.9761305105435292,0.0037287973169917834
6449,493665555,17,17.189281324602625,17.003758216316534,0.9761305105435292,0.0037287973169917834
6450,2716767573,17,17.42589728757487,14.795276055709778,0.9761305105435292,0.0037287973169917834
6451,1185128781,14,14.011958080629096,16.26448796788875,0.9761305105435292,0.0037287973169917834
6452,752321792,12,11.90445028228645,16.47326160579187,0.9761305105435292,0.0037287973169917834
6453,1861579649,18,17.956417748743068,14.837022112973079,0.9761305105435292,0.0037287973169917834
6454,2581305598,20,18.67252080681896,14.370192704177743,0.9761305105435292,0.0037287973169917834
6455,3140863755,18,16.919873162549237,16.0401382248445,0.9761305105435292,0.0037287973169917834
6456,2616691230,19,20.131981059274626,15.118781293680609,0.9761305105435292,0.0037287973169917834
6457,2814894272,15,14.765042533172002,16.342212952983125,0.9761305105435292,0.0037287973169917834
6458,1842384620,17,17.26149488635084,14.73032012470882,0.9761305105435292,0.0037287973169917834
6459,2115334575,19,18.497322682648495,16.259520234170374,0.9761305105435292,0.0037287973169917834
6460,941200886,16,15.635299140234698,16.69603870425606,0.9761305105435292,0.0037287973169917834
6461,1161885826,11,10.447675755715844,16.054725358309856,0.9761305105435292,0.0037287973169917834
6462,2272477739,15,14.398709523957574,14.9544864878965,0.9761305105435292,0.0037287973169917834
6463,3859019499,19,19.40296843338117,16.3788444813422,0.9761305105435292,0.0037287973169917834
6464,1656300571,14,14.720252505071352,16.26090465346331,0.9761305105435292,0.0037287973169917834
6465,2965687294,18,17.682819479156052,16.23961538726568,0.9761305105435292,0.0037287973169917834
6466,850463087,15,14.683100395481398,16.31674815457116,0.9761305105435292,0.0037287973169917834
6467,2726765517,15,15.26944837255165,15.164515326208974,0.9761305105435292,0.0037287973169917834
6468,879771849,11,11.175824749380501,16.288830911100423,0.9761305105435292,0.0037287973169917834
6469,4002826084,17,17.92115790006364,16.93914674737197,0.9761305105435292,0.0037287973169917834
6470,1896687526,15,14.896170069598801,16.501237036070318,0.9761305105435292,0.0037287973169917834
6471,2307795411,15,15.173156341193797,17.235177751537595,0.9761305105435292,0.0037287973169917834
6472,297845463,13,12.033163994564386,16.295501887866422,0.9761305105435292,0.0037287973169917834
6473,2318572055,14,13.371691169222336,16.03462120196074,0.9761305105435292,0.0037287973169917834
6474,3763054094,14,13.964754412688823,16.24166982997469,0.9761305105435292,0.0037287973169917834
6475,3863482359,18,17.517212414588435,16.221541345189543,0.9761305105435292,0.0037287973169917834
6476,1303494790,13,13.907018525254884,17.303929143881234,0.9761305105435292,0.0037287973169917834
6477,1289975618,16,16.008888380148704,15.77850904791875,0.9761305105435292,0.0037287973169917834
6478,2025407492,12,13.230108071178396,17.37624385859158,0.9761305105435292,0.0037287973169917834
6479,384926593,13,12.588089927011978,15.622079227959224,0.9761305105435292,0.0037287973169917834
6480,3160067065,20,19.166701361621485,15.772845682789841,0.9761305105435292,0.0037287973169917834
6481,2903215450,16,16.70902050502703,17.277155564967394,0.9761305105435292,0.0037287973169917834
6482,2058958560,17,17.245656166179305,17.4144568717038,0.9761305105435292,0.0037287973169917834
6483,257508338,16,15.450456050727954,16.189475784911153,0.9761305105435292,0.0037287973169917834
6484,3580154173,17,17.372995286092866,16.478343381210816,0.9761305105435292,0.0037287973169917834
6485,3964041426,16,15.973101155405866,15.47242031446979,0.9761305105435292,0.0037287973169917834
6486,3203443784,16,14.81314047723501,15.943983601411508,0.9761305105435292,0.0037287973169917834
6487,3736269428,19,18.788701824023917,16.224626752299386,0.9761305105435292,0.0037287973169917834
6488,2687260370,13,12.762187458663206,15.43207257502569,0.9761305105435292,0.0037287973169917834
6489,362706888,17,16.72077844723238,16.290575431239994,0.9761305105435292,0.0037287973169917834
6490,479990928,11,11.140364607621272,14.802258705890571,0.9761305105435292,0.0037287973169917834
6491,11149709,10,9.81180628182027,15.961757806670665,0.9761305105435292,0.0037287973169917834
6492,4121479603,18,18.42840354771021,16.325676438687317,0.9761305105435292,0.0037287973169917834
6493,1863706762,16,14.88543772953065,17.317145352762882,0.9761305105435292,0.0037287973169917834
6494,3102553957,19,19.269313199750936,17.815563329540716,0.9761305105435292,0.0037287973169917834
6495,3188022214,17,17.229775745801536,16.41767312415472,0.9761305105435292,0.0037287973169917834
6496,1665624465,15,14.145491085928374,16.049063853124643,0.9761305105435292,0.0037287973169917834
6497,143101817,15,15.08148290641094,16.228404678822002,0.9761305105435292,0.0037287973169917834
6498,2592034536,19,18.286189074501152,15.570656740815355,0.9761305105435292,0.0037287973169917834
6499,165316793,14,13.345053647067747,14.759388696933636,0.9761305105435292,0.0037287973169917834
6500,3328029390,18,16.00125840394623,15.587728457982298,0.9761305105435292,0.0037287973169917834
6501,806821158,13,13.53578398625661,14.63681783717511,0.9761305105435292,0.0037287973169917834
6502,408760353,11,11.638228022179558,14.421286466610956,0.9761305105435292,0.0037287973169917834
6503,1281806486,14,14.231769293375383,15.740276398936805,0.9761305105435292,0.0037287973169917834
6504,2454195353,11,11.232617956396103,16.197607437360183,0.9761305105435292,0.0037287973169917834
6505,3369901823,21,21.260556795710528,14.636643886122613,0.9761305105435292,0.0037287973169917834
6506,2911575327,18,19.232416176937985,15.510861294782583,0.9761305105435292,0.0037287973169917834
6507,3585580519,22,21.647962673991742,14.055902020521781,0.9761305105435292,0.0037287973169917834
6508,3016774582,17,17.67957323486371,16.745485363468767,0.9761305105435292,0.0037287973169917834
6509,2926907254,19,18.840656806973364,15.034428843681278,0.9761305105435292,0.0037287973169917834
6510,1802607975,19,18.55367645909433,14.763766090313396,0.9761305105435292,0.0037287973169917834
6511,3148053368,20,19.591728980132938,13.900059022102417,0.9761305105435292,0.0037287973169917834
6512,1316840318,20,20.704608334431615,17.04227791066876,0.9761305105435292,0.0037287973169917834
6513,1764504076,12,11.606912742162422,15.939983930376656,0.9761305105435292,0.0037287973169917834
6514,221509876,17,17.30788792692461,16.378813243611717,0.9761305105435292,0.0037287973169917834
6515,3235460258,13,14.165179809407723,15.970461354856681,0.9761305105435292,0.0037287973169917834
6516,806288942,16,15.121407172628238,15.816084959817001,0.9761305105435292,0.0037287973169917834
6517,38124303,14,13.71220965307219,14.105683240309796,0.9761305105435292,0.0037287973169917834
6518,2292471040,9,8.006227806911141,16.450000527133156,0.9761305105435292,0.0037287973169917834
6519,407260157,16,15.750019689438549,15.671501009038604,0.9761305105435292,0.0037287973169917834
6520,2337520453,17,17.916045360478876,15.675925921255242,0.9761305105435292,0.0037287973169917834
6521,3972045860,13,13.188724160463014,14.703084629642078,0.9761305105435292,0.0037287973169917834
6522,3947981140,16,16.70188673243738,16.75881548953467,0.9761305105435292,0.0037287973169917834
6523,1833881065,19,19.256104348897153,15.918262866819735,0.9761305105435292,0.0037287973169917834
6524,3237552948,14,14.399069950703126,16.116415506344104,0.9761305105435292,0.0037287973169917834
6525,1462233271,19,19.719303695862926,17.15496225781518,0.9761305105435292,0.0037287973169917834
6526,3799505575,20,19.66321522883224,16.814279636969317,0.9761305105435292,0.0037287973169917834
6527,2786004417,14,13.70655536056625,15.307581695919305,0.9761305105435292,0.0037287973169917834
6528,3277025591,17,17.873827534366708,18.36148616635751,0.9761305105435292,0.0037287973169917834
6529,31954218,14,13.914661022343259,15.579054098946056,0.9761305105435292,0.0037287973169917834
6530,1417869779,16,16.09806121734246,15.502940424546754,0.9761305105435292,0.0037287973169917834
6531,2975938475,17,16.98319213416142,16.25191886050278,0.9761305105435292,0.0037287973169917834
6532,2827327325,16,16.46651727619669,17.077549333633065,0.9761305105435292,0.0037287973169917834
6533,336763891,15,15.04498193536267,16.270563740632284,0.9761305105435292,0.0037287973169917834
6534,3015561980,21,21.009473262765674,15.5237880608744,0.9761305105435292,0.0037287973169917834
6535,10388080,10,9.849360413722389,15.445293742381983,0.9761305105435292,0.0037287973169917834
6536,3387967586,13,13.137171508595918,14.66678398288133,0.9761305105435292,0.0037287973169917834
6537,3384942874,12,12.02160374550407,15.290954328306281,0.9761305105435292,0.0037287973169917834
6538,1295919643,16,15.867230275166737,16.188148609567854,0.9761305105435292,0.0037287973169917834
6539,2188657133,14,13.403497068666017,17.16365963409083,0.9761305105435292,0.0037287973169917834
6540,3014680441,19,18.436180493914872,14.893245931849417,0.9761305105435292,0.0037287973169917834
6541,2202947298,15,15.47794472952775,15.977750995452544,0.9761305105435292,0.0037287973169917834
6542,71821628,14,14.079410005595799,17.79874201289363,0.9761305105435292,0.0037287973169917834
6543,2258744105,14,13.700951028010945,15.77929259134809,0.9761305105435292,0.0037287973169917834
6544,99143253,15,14.983317871788348,16.07039348933569,0.9761305105435292,0.0037287973169917834
6545,195172364,10,9.843047137743362,14.785595023989325,0.9761305105435292,0.0037287973169917834
6546,3456985572,16,16.986497387340826,14.692131054442537,0.9761305105435292,0.0037287973169917834
6547,2385061995,14,13.612891212973045,16.799888270501413,0.9761305105435292,0.0037287973169917834
6548,704007897,18,18.131814227345604,16.629559474548035,0.9761305105435292,0.0037287973169917834
6549,2539498989,21,19.804915834912887,15.297152465141874,0.9761305105435292,0.0037287973169917834
6550,696945304,12,12.592602458565782,15.338200241239738,0.9761305105435292,0.0037287973169917834
6551,3475519968,15,14.242898697755995,16.284545439705077,0.9761305105435292,0.0037287973169917834
6552,3848685241,17,16.99481131023687,14.949670722342779,0.9761305105435292,0.0037287973169917834
6553,2292384904,9,10.050888657650408,15.529742537611678,0.9761305105435292,0.0037287973169917834
6554,1664733434,17,17.52844486801261,15.456197558764202,0.9761305105435292,0.0037287973169917834
6555,129405951,20,19.60817989336925,19.169777314193976,0.9761305105435292,0.0037287973169917834
6556,655491942,12,12.592097016195158,15.388691062775745,0.9761305105435292,0.0037287973169917834
6557,1362593363,15,15.03859366770978,16.126252509670948,0.9761305105435292,0.0037287973169917834
6558,3792413697,11,11.266538911764064,15.517428325358878,0.9761305105435292,0.0037287973169917834
6559,3406831808,9,8.75819920340275,15.14026779191973,0.9761305105435292,0.0037287973169917834
6560,2180358546,14,13.606501676254869,15.776060558484001,0.9761305105435292,0.0037287973169917834
6561,3123892974,18,18.893185094254626,17.51022699044049,0.9761305105435292,0.0037287973169917834
6562,3237968831,23,23.114000560503335,16.328732564145334,0.9761305105435292,0.0037287973169917834
6563,44378319,13,12.872898203927239,15.377831072282197,0.9761305105435292,0.0037287973169917834
6564,1439712165,14,13.644228234277296,16.221900734356513,0.9761305105435292,0.0037287973169917834
6565,3427411140,12,10.90499056202819,16.222632937798608,0.9761305105435292,0.0037287973169917834
6566,2444062594,16,16.80420990311837,17.165325899774817,0.9761305105435292,0.0037287973169917834
6567,2516213885,18,19.74886479735823,16.65797925046845,0.9761305105435292,0.0037287973169917834
6568,3631066621,21,21.0182536075936,16.47239831753193,0.9761305105435292,0.0037287973169917834
6569,638261219,15,15.707834104903418,16.768251402422205,0.9761305105435292,0.0037287973169917834
6570,2971275323,13,13.923447594167556,16.41348220682426,0.9761305105435292,0.0037287973169917834
6571,2489655181,16,16.42585306643507,17.326213562326448,0.9761305105435292,0.0037287973169917834
6572,463753723,17,17.13161964667236,16.45995285949745,0.9761305105435292,0.0037287973169917834
6573,714651223,16,15.855527106355325,14.654380983860563,0.9761305105435292,0.0037287973169917834
6574,3253822997,15,14.846383458757042,16.094717594580764,0.9761305105435292,0.0037287973169917834
6575,3930498000,15,14.481232450121666,16.84405400121943,0.9761305105435292,0.0037287973169917834
6576,897697105,13,13.249175021780228,15.42424072241592,0.9761305105435292,0.0037287973169917834
6577,3666227986,14,14.74843747876189,14.395470091312797,0.9761305105435292,0.0037287973169917834
6578,997757146,16,16.2642066027039,15.468682362221335,0.9761305105435292,0.0037287973169917834
6579,771258125,18,17.224383903637438,17.598254997991685,0.9761305105435292,0.0037287973169917834
6580,2260622406,16,16.117000232200184,16.45066186638415,0.9761305105435292,0.0037287973169917834
6581,2568352994,16,14.892044400816411,14.939819117420106,0.9761305105435292,0.0037287973169917834
6582,1138984781,16,15.544855532151695,14.419242514918798,0.9761305105435292,0.0037287973169917834
6583,1982876731,15,15.813644299361936,17.199099691115737,0.9761305105435292,0.0037287973169917834
6584,1217729428,12,12.057002918527209,16.360680412591915,0.9761305105435292,0.0037287973169917834
6585,3127043911,18,18.69951802664559,16.54480635534187,0.9761305105435292,0.0037287973169917834
6586,3132392820,16,15.73064449732207,15.698323231717719,0.9761305105435292,0.0037287973169917834
6587,4049806003,16,15.088538543732659,17.778827952029836,0.9761305105435292,0.0037287973169917834
6588,2789079480,19,18.209701508807306,16.216128572309206,0.9761305105435292,0.0037287973169917834
6589,1398627254,19,19.15732750511557,15.421246830753734,0.9761305105435292,0.0037287973169917834
6590,1075921520,8,8.022638483372702,15.058565585291149,0.9761305105435292,0.0037287973169917834
6591,3790145870,15,15.29109171728011,16.487651742084644,0.9761305105435292,0.0037287973169917834
6592,1526831110,11,10.534580755419626,17.052761511078693,0.9761305105435292,0.0037287973169917834
6593,2030903636,13,13.138954597411535,15.919859881233515,0.9761305105435292,0.0037287973169917834
6594,1567651312,17,16.91079488932466,16.735134316875623,0.9761305105435292,0.0037287973169917834
6595,2301112271,16,17.59285060492413,15.250493082588411,0.9761305105435292,0.0037287973169917834
6596,3096107906,15,15.188103367018106,12.19640165907899,0.9761305105435292,0.0037287973169917834
6597,1307824228,16,14.96131815046347,16.47036301120447,0.9761305105435292,0.0037287973169917834
6598,2708014539,14,13.764702510733594,16.53181439108218,0.9761305105435292,0.0037287973169917834
6599,2623324479,17,18.59786360876477,15.890911078108207,0.9761305105435292,0.0037287973169917834
6600,2846241232,14,13.759198717070285,14.726365347690258,0.9761305105435292,0.0037287973169917834
6601,803915106,17,16.95219259940161,16.672382149109136,0.9761305105435292,0.0037287973169917834
6602,4086074345,18,17.2390612788728,14.84331777968689,0.9761305105435292,0.0037287973169917834
6603,3725278753,16,17.403386564293335,16.616165646210458,0.9761305105435292,0.0037287973169917834
6604,2752388881,13,13.683374109559509,15.873026587125693,0.9761305105435292,0.0037287973169917834
6605,3317663399,19,18.70203713894315,15.726901415853925,0.9761305105435292,0.0037287973169917834
6606,2472026081,16,16.43016915157041,15.33447252875067,0.9761305105435292,0.0037287973169917834
6607,3888324580,19,18.365583949590217,17.334160333034596,0.9761305105435292,0.0037287973169917834
6608,1609552019,20,18.117640866541517,15.954275390633091,0.9761305105435292,0.0037287973169917834
6609,3114282484,16,15.520683046307465,16.725660986858866,0.9761305105435292,0.0037287973169917834
6610,1897338085,15,14.993652276618402,16.344274118131743,0.9761305105435292,0.0037287973169917834
6611,2873317292,17,16.814349301633683,16.69656567806845,0.9761305105435292,0.0037287973169917834
6612,1276637721,15,14.630819528552317,16.098905591229556,0.9761305105435292,0.0037287973169917834
6613,1928045599,18,18.236376452659425,14.880817118953832,0.9761305105435292,0.0037287973169917834
6614,822481306,11,11.24361521381362,16.703293625403766,0.9761305105435292,0.0037287973169917834
6615,688405767,12,12.08025666625793,18.54131771297781,0.9761305105435292,0.0037287973169917834
6616,2621778650,15,15.042696755430526,15.471522152468305,0.9761305105435292,0.0037287973169917834
6617,1390111095,19,17.958960772228075,16.130790678752113,0.9761305105435292,0.0037287973169917834
6618,924005706,15,14.706139478056794,18.456597153266944,0.9761305105435292,0.0037287973169917834
6619,3944127639,18,17.08351005173224,17.225088814314475,0.9761305105435292,0.0037287973169917834
6620,1856344672,14,13.93361864024941,16.573805222367604,0.9761305105435292,0.0037287973169917834
6621,1745288577,14,13.856946498401664,15.194381985689443,0.9761305105435292,0.0037287973169917834
6622,2465135386,19,19.40944967921289,16.99933405764532,0.9761305105435292,0.0037287973169917834
6623,3576722941,19,18.917717681901074,18.039281531818432,0.9761305105435292,0.0037287973169917834
6624,2496475423,16,16.63822943958216,15.903778332539124,0.9761305105435292,0.0037287973169917834
6625,1021281231,20,20.442381436313198,14.585982629682169,0.9761305105435292,0.0037287973169917834
6626,1926676517,14,13.467953823005507,15.196158962713241,0.9761305105435292,0.0037287973169917834
6627,827934571,16,15.438037623802353,14.651494599435882,0.9761305105435292,0.0037287973169917834
6628,844056623,15,14.566194176636051,15.672460242797698,0.9761305105435292,0.0037287973169917834
6629,2852917976,12,11.983849762842848,16.672453946392032,0.9761305105435292,0.0037287973169917834
6630,3218041314,21,21.688082364751196,17.549001166325517,0.9761305105435292,0.0037287973169917834
6631,1133378395,19,18.78327098311452,16.77283848615412,0.9761305105435292,0.0037287973169917834
6632,217382504,17,17.16326667614389,15.023396724411706,0.9761305105435292,0.0037287973169917834
6633,3541323121,15,15.415270126374859,15.685288880010091,0.9761305105435292,0.0037287973169917834
6634,2493242771,18,17.90844663330294,15.828433347563863,0.9761305105435292,0.0037287973169917834
6635,1703304982,16,16.398938211141697,16.427688711967953,0.9761305105435292,0.0037287973169917834
6636,4213184657,13,12.22156349908803,14.709053411267666,0.9761305105435292,0.0037287973169917834
6637,1306128175,21,20.45558109951321,17.418679638544056,0.9761305105435292,0.0037287973169917834
6638,1809887551,18,17.43372572834315,15.659740627905563,0.9761305105435292,0.0037287973169917834
6639,2523599205,15,15.185598266102957,15.532658739575378,0.9761305105435292,0.0037287973169917834
6640,4011706654,19,18.396911572430504,13.244424916697847,0.9761305105435292,0.0037287973169917834
6641,4119114444,16,15.619451025078831,15.476413493502122,0.9761305105435292,0.0037287973169917834
6642,1230356459,20,20.516998017153128,15.760399126909316,0.9761305105435292,0.0037287973169917834
6643,1498602050,14,13.540753192247319,15.143032420324872,0.9761305105435292,0.0037287973169917834
6644,769334603,18,18.242508485960133,16.784389768479105,0.9761305105435292,0.0037287973169917834
6645,1254706376,13,12.475584484360619,15.740733768272303,0.9761305105435292,0.0037287973169917834
6646,2616307927,19,18.546712002873797,16.55935265740525,0.9761305105435292,0.0037287973169917834
6647,1447806363,17,16.81737154204262,17.27466639908483,0.9761305105435292,0.0037287973169917834
6648,906683878,16,16.29476964428519,14.898592776465449,0.9761305105435292,0.0037287973169917834
6649,1940680415,21,20.613386213229717,15.771889737220999,0.9761305105435292,0.0037287973169917834
6650,1991571583,21,20.66805838801952,17.029037174003363,0.9761305105435292,0.0037287973169917834
6651,1723815021,19,19.269715121904376,15.438230620819718,0.9761305105435292,0.0037287973169917834
6652,1278086194,12,13.178889256107416,15.624454556085919,0.9761305105435292,0.0037287973169917834
6653,3780486635,18,18.554663612176018,13.739084670691302,0.9761305105435292,0.0037287973169917834
6654,2873055213,22,22.67095034710203,16.6340104110204,0.9761305105435292,0.0037287973169917834
6655,4010881199,17,16.87052095175486,16.728539092678325,0.9761305105435292,0.0037287973169917834
6656,1749179302,14,13.690799446589788,16.426104526768988,0.9761305105435292,0.0037287973169917834
6657,2845216621,18,17.517056632751128,15.246563695147973,0.9761305105435292,0.0037287973169917834
6658,2693797107,12,12.143112222686975,17.034182185472382,0.9761305105435292,0.0037287973169917834
6659,1336669316,17,16.895388308391986,17.348223874419197,0.9761305105435292,0.0037287973169917834
6660,1288730402,14,13.683046106454995,15.03009689540026,0.9761305105435292,0.0037287973169917834
6661,4224982982,20,20.80107281131865,17.124225725853723,0.9761305105435292,0.0037287973169917834
6662,1524659808,14,14.741882501031048,15.392558199879208,0.9761305105435292,0.0037287973169917834
6663,1823671422,16,15.919497572084603,15.387634378332873,0.9761305105435292,0.0037287973169917834
6664,4246377742,17,16.62598296159247,16.40496282263431,0.9761305105435292,0.0037287973169917834
6665,2143105764,20,20.194530878129815,14.883250659483355,0.9761305105435292,0.0037287973169917834
6666,1094507726,16,15.83392411850787,16.2318210856482,0.9761305105435292,0.0037287973169917834
6667,2698277041,13,13.455846930221066,15.828463334230516,0.9761305105435292,0.0037287973169917834
6668,1256888555,17,17.585334556868023,15.406484958506123,0.9761305105435292,0.0037287973169917834
6669,3061000385,15,15.112751313179933,16.105550204653696,0.9761305105435292,0.0037287973169917834
6670,1396801012,17,17.03170980793563,15.514198140821781,0.9761305105435292,0.0037287973169917834
6671,3665223814,16,15.080254065420252,15.869097791965572,0.9761305105435292,0.0037287973169917834
6672,2965488145,11,10.745485308344568,16.174686153934925,0.9761305105435292,0.0037287973169917834
6673,3743546375,18,17.862082403583504,13.502351488159672,0.9761305105435292,0.0037287973169917834
6674,199389386,14,14.232104622600309,15.487244370008364,0.9761305105435292,0.0037287973169917834
6675,2151106904,12,11.750312629565105,16.818776831452727,0.9761305105435292,0.0037287973169917834
6676,1429447582,17,15.921276535649048,17.687568159789734,0.9761305105435292,0.0037287973169917834
6677,1318382232,15,15.75251960025301,16.137492279627367,0.9761305105435292,0.0037287973169917834
6678,238469527,15,15.353151804538067,17.105268253652177,0.9761305105435292,0.0037287973169917834
6679,3148687429,16,16.482001913310448,17.21301015754632,0.9761305105435292,0.0037287973169917834
6680,1795234174,15,14.141340865770792,16.73863621556831,0.9761305105435292,0.0037287973169917834
6681,4253136367,21,21.95989314022318,17.348715515625713,0.9761305105435292,0.0037287973169917834
6682,1082513670,11,11.642557670907063,14.19098305023987,0.9761305105435292,0.0037287973169917834
6683,84363577,12,12.315089515117032,16.43647353885794,0.9761305105435292,0.0037287973169917834
6684,1314899076,15,15.066684632753681,16.989063038389983,0.9761305105435292,0.0037287973169917834
6685,2152266835,13,13.064329010463794,15.651899146770893,0.9761305105435292,0.0037287973169917834
6686,3174299586,20,20.316715175872634,16.072213273162387,0.9761305105435292,0.0037287973169917834
6687,807317666,12,11.788876918904984,16.536248113464328,0.9761305105435292,0.0037287973169917834
6688,1010731416,15,15.409118251097501,16.794850680033136,0.9761305105435292,0.0037287973169917834
6689,1107944087,13,12.521863546087719,16.103780189666917,0.9761305105435292,0.0037287973169917834
6690,1117511966,15,15.123647036838133,16.676361455888433,0.9761305105435292,0.0037287973169917834
6691,2119471114,13,13.182189147223545,14.536524487979554,0.9761305105435292,0.0037287973169917834
6692,984989480,18,18.491625845674005,16.500696513661783,0.9761305105435292,0.0037287973169917834
6693,3219897983,26,25.083905504230394,16.461022840766077,0.9761305105435292,0.0037287973169917834
6694,3431178773,13,13.712785121745444,15.538645387739844,0.9761305105435292,0.0037287973169917834
6695,3938609963,17,17.655211606862323,15.911755259468944,0.9761305105435292,0.0037287973169917834
6696,1251965395,19,18.377735125531732,14.491368863772726,0.9761305105435292,0.0037287973169917834
6697,1608450208,15,14.697169393707394,14.681674569041594,0.9761305105435292,0.0037287973169917834
6698,388120207,16,16.57676633907389,14.695185834643734,0.9761305105435292,0.0037287973169917834
6699,1143873901,13,13.027160567889998,18.64590522952883,0.9761305105435292,0.0037287973169917834
6700,4145615804,18,18.178418150525182,14.103598441838823,0.9761305105435292,0.0037287973169917834
6701,2546230346,14,14.1445332385483,14.874034829279406,0.9761305105435292,0.0037287973169917834
6702,339815740,12,12.145354726610863,15.345216012153452,0.9761305105435292,0.0037287973169917834
6703,4169441553,12,13.122858193686685,17.290963219450582,0.9761305105435292,0.0037287973169917834
6704,4040435776,11,11.577069081680792,16.262445581061275,0.9761305105435292,0.0037287973169917834
6705,662929490,11,12.111483577630695,17.38533067559236,0.9761305105435292,0.0037287973169917834
6706,3915633101,18,17.719513506762976,14.895635034852896,0.9761305105435292,0.0037287973169917834
6707,1533697973,20,20.44494849163595,18.365205740310135,0.9761305105435292,0.0037287973169917834
6708,2761042586,13,12.64458471367907,15.66970180035634,0.9761305105435292,0.0037287973169917834
6709,2501689362,11,10.384012026593357,16.55492759053292,0.9761305105435292,0.0037287973169917834
6710,2223314545,12,12.134441341044338,15.342970521723776,0.9761305105435292,0.0037287973169917834
6711,2065314284,17,16.390651844765394,18.537892912048665,0.9761305105435292,0.0037287973169917834
6712,1389609405,17,17.132617579879856,16.46870436404255,0.9761305105435292,0.0037287973169917834
6713,3183200041,20,20.08913751641621,16.029096880808357,0.9761305105435292,0.0037287973169917834
6714,4014142206,21,20.626177253029404,16.69470485686129,0.9761305105435292,0.0037287973169917834
6715,2878807942,18,18.333400205271396,14.68947612978521,0.9761305105435292,0.0037287973169917834
6716,2802668515,17,16.866219440159174,15.739130968378186,0.9761305105435292,0.0037287973169917834
6717,2076113570,21,21.155219734176455,16.98058493660964,0.9761305105435292,0.0037287973169917834
6718,1020785363,20,20.461255616066133,15.75519165387703,0.9761305105435292,0.0037287973169917834
6719,1784188453,14,13.684715321979562,16.77533070784794,0.9761305105435292,0.0037287973169917834
6720,2293532095,16,15.101967399776678,14.727515413613428,0.9761305105435292,0.0037287973169917834
6721,3896081357,19,19.01472118995243,13.820033662485363,0.9761305105435292,0.0037287973169917834
6722,3577813124,11,10.548849709779539,15.846547899991208,0.9761305105435292,0.0037287973169917834
6723,2318241083,16,15.608586310810448,13.665815457002092,0.9761305105435292,0.0037287973169917834
6724,1503862546,15,14.951973715344206,15.328945136709615,0.9761305105435292,0.0037287973169917834
6725,4076165660,18,18.243308093819508,15.48448897430229,0.9761305105435292,0.0037287973169917834
6726,3295054591,18,19.760162448377113,16.909149465841782,0.9761305105435292,0.0037287973169917834
6727,1289251121,14,13.98410361772353,14.513712750288088,0.9761305105435292,0.0037287973169917834
6728,1403869093,18,17.762560451823852,15.752843601805324,0.9761305105435292,0.0037287973169917834
6729,1674312594,19,19.49753129774063,17.484042605143106,0.9761305105435292,0.0037287973169917834
6730,1508777989,13,12.902239854540849,16.37770619285765,0.9761305105435292,0.0037287973169917834
6731,81834882,11,9.503045647516828,15.04621389700812,0.9761305105435292,0.0037287973169917834
6732,1585594604,13,12.161794411030678,14.434829755781701,0.9761305105435292,0.0037287973169917834
6733,250347129,21,22.05192022087197,16.885901683588752,0.9761305105435292,0.0037287973169917834
6734,2049262820,14,14.232454191817045,15.646462499238638,0.9761305105435292,0.0037287973169917834
6735,228827563,15,15.143045994098951,15.66855091440435,0.9761305105435292,0.0037287973169917834
6736,2552306930,13,13.323577924548974,15.56595317525758,0.9761305105435292,0.0037287973169917834
6737,592639839,19,19.502802444318583,15.824575870334296,0.9761305105435292,0.0037287973169917834
6738,1011289067,17,17.762945825468915,15.348848274946969,0.9761305105435292,0.0037287973169917834
6739,1078351638,12,12.129807507615087,16.17938897598156,0.9761305105435292,0.0037287973169917834
6740,2762215338,14,13.663303342694594,15.302825544499402,0.9761305105435292,0.0037287973169917834
6741,1695647610,15,15.671641831934085,15.643641835751831,0.9761305105435292,0.0037287973169917834
6742,2571295137,14,14.111678500430315,16.087353230477976,0.9761305105435292,0.0037287973169917834
6743,3815584636,19,19.54975048860504,15.35763950982602,0.9761305105435292,0.0037287973169917834
6744,3584925642,20,20.15158827180833,15.475440578026447,0.9761305105435292,0.0037287973169917834
6745,231552336,14,14.401794668191746,15.417693336133627,0.9761305105435292,0.0037287973169917834
6746,431565687,18,17.440781151243986,15.95143384025943,0.9761305105435292,0.0037287973169917834
6747,3389076601,13,13.1329702178757,14.840073586390579,0.9761305105435292,0.0037287973169917834
6748,2823607532,15,14.531437370148746,17.67503808216661,0.9761305105435292,0.0037287973169917834
6749,2416834051,13,13.041654442223244,16.040725317956063,0.9761305105435292,0.0037287973169917834
6750,3851864773,17,17.684020008770137,16.15064858979839,0.9761305105435292,0.0037287973169917834
6751,944728203,15,14.869581285461923,16.348878978242972,0.9761305105435292,0.0037287973169917834
6752,3157425713,17,16.875322605938237,16.78825332825805,0.9761305105435292,0.0037287973169917834
6753,2982016042,18,16.854244048100938,14.925826978863025,0.9761305105435292,0.0037287973169917834
6754,2457775337,18,18.878608073425,16.255592331289982,0.9761305105435292,0.0037287973169917834
6755,3545530952,12,10.88224260838859,15.762303025702366,0.9761305105435292,0.0037287973169917834
6756,3585900792,16,14.736069699658264,17.248491538485403,0.9761305105435292,0.0037287973169917834
6757,2130987501,17,16.539157677002052,15.293510208996551,0.9761305105435292,0.0037287973169917834
6758,3445352413,22,22.87569664699892,13.565508966726616,0.9761305105435292,0.0037287973169917834
6759,3103479116,18,16.913811351238657,18.810943592245533,0.9761305105435292,0.0037287973169917834
6760,4192285093,17,16.569314120957966,16.95349265584639,0.9761305105435292,0.0037287973169917834
6761,1765693209,17,16.580269071770044,14.441875949292557,0.9761305105435292,0.0037287973169917834
6762,2245049842,17,18.14133287419653,16.73649847883388,0.9761305105435292,0.0037287973169917834
6763,3488390786,18,17.020726929902597,13.762357638456617,0.9761305105435292,0.0037287973169917834
6764,4132062072,16,14.890128245419788,16.47830854255827,0.9761305105435292,0.0037287973169917834
6765,1536674142,19,19.595476563728628,15.544132105093738,0.9761305105435292,0.0037287973169917834
6766,128976070,11,11.38887657126775,13.367087945172788,0.9761305105435292,0.0037287973169917834
6767,13906941,15,14.822263628476515,15.720073279519928,0.9761305105435292,0.0037287973169917834
6768,2397680684,16,15.677233870982075,14.905295435736345,0.9761305105435292,0.0037287973169917834
6769,2836480432,11,11.231670795679017,16.834450124288942,0.9761305105435292,0.0037287973169917834
6770,3444654025,18,18.12516545326794,16.05697198499119,0.9761305105435292,0.0037287973169917834
6771,1872146164,20,20.54404694294326,16.30514980071369,0.9761305105435292,0.0037287973169917834
6772,3241074056,15,13.939314085933125,17.77469312246559,0.9761305105435292,0.0037287973169917834
6773,2119707223,17,16.607115382857312,16.68622949837201,0.9761305105435292,0.0037287973169917834
6774,3228771007,16,15.851774174635242,16.535870841400257,0.9761305105435292,0.0037287973169917834
6775,2050598214,16,16.045313899012793,14.523334791620888,0.9761305105435292,0.0037287973169917834
6776,863798314,14,13.483447387305578,17.519585163652398,0.9761305105435292,0.0037287973169917834
6777,589399607,13,11.913464652788239,15.898163984449273,0.9761305105435292,0.0037287973169917834
6778,1946376792,13,12.733025267709492,15.349509806930183,0.9761305105435292,0.0037287973169917834
6779,1626643898,17,17.307917297947807,16.006849487446424,0.9761305105435292,0.0037287973169917834
6780,1742361115,17,17.771544980346796,17.036715567221734,0.9761305105435292,0.0037287973169917834
6781,1206148119,16,15.559612910684095,16.13091255817745,0.9761305105435292,0.0037287973169917834
6782,3895615500,11,10.625729069590804,16.240996894504033,0.9761305105435292,0.0037287973169917834
6783,1573687241,18,18.25182065845796,16.925919967327797,0.9761305105435292,0.0037287973169917834
6784,3963962350,17,16.91006700440537,14.753451884675973,0.9761305105435292,0.0037287973169917834
6785,4260785173,20,20.18636792020702,14.262977659409092,0.9761305105435292,0.0037287973169917834
6786,3699454050,12,11.352735588851349,16.880241774588825,0.9761305105435292,0.0037287973169917834
6787,1385635223,17,17.594211812018937,15.322646543926533,0.9761305105435292,0.0037287973169917834
6788,1690096657,14,14.282648732773044,17.13563007517996,0.9761305105435292,0.0037287973169917834
6789,1182548100,11,11.484984603066577,16.547178603091407,0.9761305105435292,0.0037287973169917834
6790,3016682351,22,21.694111634243125,13.190284512339904,0.9761305105435292,0.0037287973169917834
6791,2779074802,15,13.459311071184555,17.59054210329675,0.9761305105435292,0.0037287973169917834
6792,2987305372,15,16.49030442828829,17.943560139420416,0.9761305105435292,0.0037287973169917834
6793,2705790655,17,16.596082288885942,16.342764681736973,0.9761305105435292,0.0037287973169917834
6794,2557922764,17,17.425227390987267,16.15223571778869,0.9761305105435292,0.0037287973169917834
6795,323279257,14,13.56920043600341,16.397805801019423,0.9761305105435292,0.0037287973169917834
6796,580519966,11,8.93430351938645,16.5256389874826,0.9761305105435292,0.0037287973169917834
6797,2844093498,15,15.585672442815568,17.645764551326803,0.9761305105435292,0.0037287973169917834
6798,3269613665,13,13.143547591302465,15.568708715366302,0.9761305105435292,0.0037287973169917834
6799,2619902978,10,10.693844268321266,16.03470975383336,0.9761305105435292,0.0037287973169917834
6800,2885340640,19,19.5316540766079,15.521309831352506,0.9761305105435292,0.0037287973169917834
6801,3461325194,16,15.609594730341914,15.004472954337945,0.9761305105435292,0.0037287973169917834
6802,285230070,11,11.534022484295194,15.244846350577669,0.9761305105435292,0.0037287973169917834
6803,4014374088,18,18.363357638282075,13.103312049747762,0.9761305105435292,0.0037287973169917834
6804,4144612837,18,17.2607312294518,16.51225108004318,0.9761305105435292,0.0037287973169917834
6805,2795509862,12,12.01235635468573,16.35500617924502,0.9761305105435292,0.0037287973169917834
6806,2800282763,17,17.198879761077233,16.07262179895518,0.9761305105435292,0.0037287973169917834
6807,969276193,17,16.808005146663596,16.649014971493955,0.9761305105435292,0.0037287973169917834
6808,3997560661,20,20.095383970609767,12.997379673040381,0.9761305105435292,0.0037287973169917834
6809,3846629811,18,17.502473429386633,15.49290794486311,0.9761305105435292,0.0037287973169917834
6810,996212044,17,16.85245282349213,14.591298859837451,0.9761305105435292,0.0037287973169917834
6811,2215081985,10,10.20101635102924,17.401732513440574,0.9761305105435292,0.0037287973169917834
6812,1290678348,14,12.831396484921802,16.77324425141274,0.9761305105435292,0.0037287973169917834
6813,588042042,15,15.143637587146491,17.687307479289114,0.9761305105435292,0.0037287973169917834
6814,1087109183,17,16.700661952622898,15.180696974423421,0.9761305105435292,0.0037287973169917834
6815,459522120,12,11.614942814324882,17.278996239864945,0.9761305105435292,0.0037287973169917834
6816,2119959402,16,15.171636130586716,15.251309147087174,0.9761305105435292,0.0037287973169917834
6817,2881605156,15,15.306846839142622,14.222482064269325,0.9761305105435292,0.0037287973169917834
6818,3686452836,19,19.142995637240382,17.133584777354866,0.9761305105435292,0.0037287973169917834
6819,2449853801,14,14.093099944233767,15.502037780011966,0.9761305105435292,0.0037287973169917834
6820,317859688,14,14.2408664360919,14.802886949665986,0.9761305105435292,0.0037287973169917834
6821,62256507,19,18.15970101259595,15.254394931738478,0.9761305105435292,0.0037287973169917834
6822,3857506057,19,19.994585325898665,14.755835476841275,0.9761305105435292,0.0037287973169917834
6823,3334785790,18,17.61491380634845,14.426337568257011,0.9761305105435292,0.0037287973169917834
6824,1701186057,12,11.322136352244799,14.838668655559156,0.9761305105435292,0.0037287973169917834
6825,1019981132,17,17.143742957364193,16.213741687970305,0.9761305105435292,0.0037287973169917834
6826,1678907362,13,13.251655539174228,16.09530520352748,0.9761305105435292,0.0037287973169917834
6827,856031388,10,10.061955349262167,17.047123315952163,0.9761305105435292,0.0037287973169917834
6828,1014556975,18,18.32819024808045,15.909304116686055,0.9761305105435292,0.0037287973169917834
6829,986442775,18,19.207205598463204,17.763088717972987,0.9761305105435292,0.0037287973169917834
6830,2535977867,19,19.310412151495722,15.70194033917374,0.9761305105435292,0.0037287973169917834
6831,1913755773,15,15.690955517244777,16.553500250418573,0.9761305105435292,0.0037287973169917834
6832,15472350,14,13.916120323327693,17.103309413708406,0.9761305105435292,0.0037287973169917834
6833,1877798191,22,22.18868501734446,14.903146451379644,0.9761305105435292,0.0037287973169917834
6834,1951509280,13,13.942359599612342,16.08711301193467,0.9761305105435292,0.0037287973169917834
6835,1982686484,15,16.117306874132872,13.723661113942404,0.9761305105435292,0.0037287973169917834
6836,734353938,14,13.760512155993528,17.24718960923422,0.9761305105435292,0.0037287973169917834
6837,1533328818,18,17.450096437774942,16.260988678699285,0.9761305105435292,0.0037287973169917834
6838,1035786265,17,16.20924432630854,16.025961154202054,0.9761305105435292,0.0037287973169917834
6839,2663139860,15,14.288603240553538,15.563379932550893,0.9761305105435292,0.0037287973169917834
6840,3796079553,14,14.141011591035214,15.489654415863455,0.9761305105435292,0.0037287973169917834
6841,3202322664,19,19.39406125593991,14.716618808040398,0.9761305105435292,0.0037287973169917834
6842,1473695920,16,15.219537026977772,17.6319257082959,0.9761305105435292,0.0037287973169917834
6843,4144976973,18,18.810245278945168,15.865546124668459,0.9761305105435292,0.0037287973169917834
6844,469775802,12,12.563561334234421,15.511902502549734,0.9761305105435292,0.0037287973169917834
6845,3967235740,19,19.133833439319798,15.510575320410279,0.9761305105435292,0.0037287973169917834
6846,3306694210,11,11.580461364044066,17.28515689332794,0.9761305105435292,0.0037287973169917834
6847,655484560,13,13.843883185807254,17.495383980424414,0.9761305105435292,0.0037287973169917834
6848,3210476233,22,21.5668576281528,15.283397100948466,0.9761305105435292,0.0037287973169917834
6849,115387062,14,12.690197733403402,16.42079775018359,0.9761305105435292,0.0037287973169917834
6850,253287222,16,16.194439889571196,15.630823517740708,0.9761305105435292,0.0037287973169917834
6851,1430593268,16,15.162243683429526,14.174388304538192,0.9761305105435292,0.0037287973169917834
6852,81419780,12,12.243597883545704,14.156295080727133,0.9761305105435292,0.0037287973169917834
6853,559862701,17,17.70831476744879,15.14619630840769,0.9761305105435292,0.0037287973169917834
6854,836273792,11,12.031934153445537,14.465814898865418,0.9761305105435292,0.0037287973169917834
6855,2950158266,23,23.240587745808572,15.75881568464759,0.9761305105435292,0.0037287973169917834
6856,4004138844,19,19.734306867005433,15.37271156360544,0.9761305105435292,0.0037287973169917834
6857,4051659318,20,19.648454108824076,17.0541139039832,0.9761305105435292,0.0037287973169917834
6858,1256111941,19,19.84843727573368,14.684550711692458,0.9761305105435292,0.0037287973169917834
6859,4238688155,21,21.459794818436432,17.20326067447862,0.9761305105435292,0.0037287973169917834
6860,280212060,14,13.951619247778286,15.273893898598903,0.9761305105435292,0.0037287973169917834
6861,1438771929,17,17.084441676875517,16.38497987744027,0.9761305105435292,0.0037287973169917834
6862,2444734050,17,16.486585342069183,16.746120392666384,0.9761305105435292,0.0037287973169917834
6863,3340456442,18,18.711769839272268,17.724125070573535,0.9761305105435292,0.0037287973169917834
6864,835660647,18,17.9238998828702,16.84322879626733,0.9761305105435292,0.0037287973169917834
6865,600118267,17,16.76637729072009,16.689311792822306,0.9761305105435292,0.0037287973169917834
6866,580637420,16,16.580445485765384,18.40420698739294,0.9761305105435292,0.0037287973169917834
6867,985568345,17,16.65984348223111,16.833292860302542,0.9761305105435292,0.0037287973169917834
6868,1819295514,16,15.242536272501649,15.21945416647211,0.9761305105435292,0.0037287973169917834
6869,1723151186,16,15.51705862871862,15.607894428932372,0.9761305105435292,0.0037287973169917834
6870,311786775,16,15.605427021908602,15.071727008382245,0.9761305105435292,0.0037287973169917834
6871,320561346,12,12.081944111386445,16.723503461452196,0.9761305105435292,0.0037287973169917834
6872,2860852319,15,14.88532950754068,16.839528020994347,0.9761305105435292,0.0037287973169917834
6873,2341947149,16,16.925397152713817,14.640758676030668,0.9761305105435292,0.0037287973169917834
6874,1586514235,15,13.774084820014002,15.296939578468022,0.9761305105435292,0.0037287973169917834
6875,3592135383,18,18.79908961250256,17.785106641679967,0.9761305105435292,0.0037287973169917834
6876,1167426016,12,12.508802759082297,15.658244261850758,0.9761305105435292,0.0037287973169917834
6877,1715566893,15,14.645397147314455,16.297726529350893,0.9761305105435292,0.0037287973169917834
6878,2273202889,17,17.36770305039689,17.6687289855986,0.9761305105435292,0.0037287973169917834
6879,3756619911,20,20.94519896585988,16.9752995260798,0.9761305105435292,0.0037287973169917834
6880,2007764244,15,15.580814464378388,15.885605025635659,0.9761305105435292,0.0037287973169917834
6881,3663002378,17,17.958312303555566,14.753751149090272,0.9761305105435292,0.0037287973169917834
6882,2137719635,18,18.128259325371243,14.034078027647443,0.9761305105435292,0.0037287973169917834
6883,3451060439,16,16.05171483048621,17.423341032654598,0.9761305105435292,0.0037287973169917834
6884,1697136678,10,8.572119463034117,14.684271034649317,0.9761305105435292,0.0037287973169917834
6885,4188360650,19,19.503697469261084,15.451493873418434,0.9761305105435292,0.0037287973169917834
6886,4005584199,17,18.115539558932138,17.61656119128896,0.9761305105435292,0.0037287973169917834
6887,4150522948,18,18.062089252318557,16.042240086002984,0.9761305105435292,0.0037287973169917834
6888,3055835608,15,15.206571891975898,15.488770538921006,0.9761305105435292,0.0037287973169917834
6889,3359697902,16,17.25622764279176,16.24436027102059,0.9761305105435292,0.0037287973169917834
6890,3994938077,21,20.715662744641968,15.104459549519783,0.9761305105435292,0.0037287973169917834
6891,424977115,15,14.446438393724865,16.02000120475961,0.9761305105435292,0.0037287973169917834
6892,2413048198,15,13.915933341924125,15.053499841772563,0.9761305105435292,0.0037287973169917834
6893,3970797177,19,18.453367807277022,14.661402813307447,0.9761305105435292,0.0037287973169917834
6894,477641739,14,14.575757706690561,16.336737302227448,0.9761305105435292,0.0037287973169917834
6895,1164222737,11,9.752234247556597,16.21104387147733,0.9761305105435292,0.0037287973169917834
6896,2558387301,17,16.65321344380302,15.082472575741189,0.9761305105435292,0.0037287973169917834
6897,650232373,13,12.762601727277413,17.46478173490111,0.9761305105435292,0.0037287973169917834
6898,3997570856,15,13.789646242433127,17.036591628179984,0.9761305105435292,0.0037287973169917834
6899,1364711507,16,15.848965652191714,15.77263429871339,0.9761305105435292,0.0037287973169917834
6900,1292885560,17,16.55931060744349,14.710547065647077,0.9761305105435292,0.0037287973169917834
6901,4258565851,21,20.293413751382126,14.7316009851608,0.9761305105435292,0.0037287973169917834
6902,1739620851,16,15.816444146967935,16.154875341942923,0.9761305105435292,0.0037287973169917834
6903,2617901554,12,11.694831833723047,16.690217814371056,0.9761305105435292,0.0037287973169917834
6904,698532908,12,11.173497362902587,15.87402680567909,0.9761305105435292,0.0037287973169917834
6905,976889040,13,12.683279037929667,15.593867606695065,0.9761305105435292,0.0037287973169917834
6906,2396531408,14,14.44065959633773,13.986773145400017,0.9761305105435292,0.0037287973169917834
6907,2288584683,15,14.664132512352026,15.881778036683437,0.9761305105435292,0.0037287973169917834
6908,2732030160,16,15.920324343650538,16.795105261539003,0.9761305105435292,0.0037287973169917834
6909,796217465,17,17.179752585059838,15.049342125007337,0.9761305105435292,0.0037287973169917834
6910,1324313911,21,21.505523762526558,16.721925560977684,0.9761305105435292,0.0037287973169917834
6911,621189613,15,14.22293499875641,16.729307756400527,0.9761305105435292,0.0037287973169917834
6912,1754796773,13,12.480368031356045,15.270324429156101,0.9761305105435292,0.0037287973169917834
6913,2236110178,12,12.299394150629919,15.875683045179562,0.9761305105435292,0.0037287973169917834
6914,3467466050,16,15.151418243017147,18.95148955690453,0.9761305105435292,0.0037287973169917834
6915,1347207189,10,9.16196711402947,15.160001384121617,0.9761305105435292,0.0037287973169917834
6916,4203382304,13,12.679413022921011,15.762700260866698,0.9761305105435292,0.0037287973169917834
6917,2334125921,19,19.001363012353174,17.34583759838547,0.9761305105435292,0.0037287973169917834
6918,3275130183,15,14.342707549623999,16.490853677324978,0.9761305105435292,0.0037287973169917834
6919,621170877,13,13.482197501940169,16.46249803177039,0.9761305105435292,0.0037287973169917834
6920,721402408,18,17.881054277991147,15.839667584083282,0.9761305105435292,0.0037287973169917834
6921,4133357223,18,18.193767171642328,14.52090739905521,0.9761305105435292,0.0037287973169917834
6922,1933265901,20,19.68463584829623,16.07948046063436,0.9761305105435292,0.0037287973169917834
6923,1242742642,16,16.177642340623773,17.202310647297264,0.9761305105435292,0.0037287973169917834
6924,1064345578,20,19.504723793895796,17.761480096288338,0.9761305105435292,0.0037287973169917834
6925,3437880690,18,18.10854670171137,16.088241713672353,0.9761305105435292,0.0037287973169917834
6926,1645776846,15,14.991843829229953,17.247018829099854,0.9761305105435292,0.0037287973169917834
6927,4145457363,18,18.490204256370333,15.804019889415079,0.9761305105435292,0.0037287973169917834
6928,525861820,15,14.359282470733735,16.875683582224916,0.9761305105435292,0.0037287973169917834
6929,1554640537,18,18.38760013796996,15.074289634699022,0.9761305105435292,0.0037287973169917834
6930,2781971364,14,14.745712886753987,16.646201126287085,0.9761305105435292,0.0037287973169917834
6931,3418260949,19,19.267923717302846,16.005724631884767,0.9761305105435292,0.0037287973169917834
6932,1407354760,14,13.739356374409397,15.329292492996695,0.9761305105435292,0.0037287973169917834
6933,979545312,14,14.904741504062176,16.212842051966447,0.9761305105435292,0.0037287973169917834
6934,1971658865,13,13.210372584104174,16.917229438318692,0.9761305105435292,0.0037287973169917834
6935,2010113871,23,23.47706200985916,15.58773776489232,0.9761305105435292,0.0037287973169917834
6936,2322781850,16,16.960528146416898,16.044855934855708,0.9761305105435292,0.0037287973169917834
6937,2601572423,14,14.22512591987485,16.51981668142251,0.9761305105435292,0.0037287973169917834
6938,1140023463,16,16.472528357341496,16.896312252218195,0.9761305105435292,0.0037287973169917834
6939,2808722649,18,18.051960886949814,14.77404865999155,0.9761305105435292,0.0037287973169917834
6940,1856245310,16,15.140860292332894,16.40557240514854,0.9761305105435292,0.0037287973169917834
6941,1962456638,19,19.5890153846727,16.808667418858022,0.9761305105435292,0.0037287973169917834
6942,3647932839,18,18.062404365220665,15.467312206885174,0.9761305105435292,0.0037287973169917834
6943,675763637,15,14.829512408093617,18.078660738640327,0.9761305105435292,0.0037287973169917834
6944,3165144790,16,15.570648484384865,18.300878746971662,0.9761305105435292,0.0037287973169917834
6945,1087734516,13,13.447152638247866,14.37223020261889,0.9761305105435292,0.0037287973169917834
6946,2726106544,15,14.66044463268192,16.85786613339108,0.9761305105435292,0.0037287973169917834
6947,1444042540,14,13.922273452839093,15.704212131078293,0.9761305105435292,0.0037287973169917834
6948,2682553712,16,15.332152774485706,15.497872924699669,0.9761305105435292,0.0037287973169917834
6949,1306159561,17,17.29057212365162,15.997274571291172,0.9761305105435292,0.0037287973169917834
6950,2807786236,20,19.35461599794559,17.273088397949543,0.9761305105435292,0.0037287973169917834
6951,787792754,17,16.757913119676168,16.228795186259,0.9761305105435292,0.0037287973169917834
6952,3755274488,20,19.839869192138558,16.04460203768476,0.9761305105435292,0.0037287973169917834
6953,2029764056,21,20.791668892251643,17.113940508097034,0.9761305105435292,0.0037287973169917834
6954,1653520713,15,14.811410838801175,14.366317725955685,0.9761305105435292,0.0037287973169917834
6955,364773989,14,14.008105799740568,14.19637467580939,0.9761305105435292,0.0037287973169917834
6956,1449151723,15,15.505689738722015,15.682332738738666,0.9761305105435292,0.0037287973169917834
6957,158624396,13,13.35732623828236,14.707692261534584,0.9761305105435292,0.0037287973169917834
6958,4038476028,16,17.27419556385347,14.233210860891205,0.9761305105435292,0.0037287973169917834
6959,489007638,14,15.313800852583947,16.185031562286554,0.9761305105435292,0.0037287973169917834
6960,1448408053,19,19.241071746120234,15.809478399438444,0.9761305105435292,0.0037287973169917834
6961,2030044677,9,8.970670619063394,15.988755368972637,0.9761305105435292,0.0037287973169917834
6962,2734763766,15,14.072922511210809,16.54838713299129,0.9761305105435292,0.0037287973169917834
6963,1810112157,18,18.908733496106418,14.778733951476735,0.9761305105435292,0.0037287973169917834
6964,3574069519,18,17.957774134520605,17.504102309051028,0.9761305105435292,0.0037287973169917834
6965,1410189442,11,11.354743321628877,15.375700705331791,0.9761305105435292,0.0037287973169917834
6966,3529826332,13,12.038485293783385,18.176694513612528,0.9761305105435292,0.0037287973169917834
6967,1577133371,14,13.870120872131054,15.373222662979988,0.9761305105435292,0.0037287973169917834
6968,364632500,18,17.939486179450366,15.509613277720828,0.9761305105435292,0.0037287973169917834
6969,3477349564,15,14.954660730472558,15.548269814214441,0.9761305105435292,0.0037287973169917834
6970,473794535,18,18.11600719368382,15.84795150242322,0.9761305105435292,0.0037287973169917834
6971,3397362175,22,21.660301467266223,15.13042476569603,0.9761305105435292,0.0037287973169917834
6972,1185724458,14,12.363542163519355,13.951381137227159,0.9761305105435292,0.0037287973169917834
6973,3626209488,12,12.266705008099047,16.00053159046933,0.9761305105435292,0.0037287973169917834
6974,3322310118,16,15.582884273925018,15.413835785760721,0.9761305105435292,0.0037287973169917834
6975,3681528681,21,20.907771714181735,18.192800319380318,0.9761305105435292,0.0037287973169917834
6976,1389083454,19,19.398989986977437,14.811694383031078,0.9761305105435292,0.0037287973169917834
6977,3253436746,14,15.464362264125672,16.408270698289147,0.9761305105435292,0.0037287973169917834
6978,3784818757,14,14.217110815217518,17.69283138644351,0.9761305105435292,0.0037287973169917834
6979,3086766575,22,22.528732093749603,16.11113005834311,0.9761305105435292,0.0037287973169917834
6980,2359544080,12,11.54113191357536,15.875664128604535,0.9761305105435292,0.0037287973169917834
6981,1866147822,21,20.945488170554917,15.113909230015537,0.9761305105435292,0.0037287973169917834
6982,495277796,15,15.43642646929979,15.6089391663389,0.9761305105435292,0.0037287973169917834
6983,3052949561,16,16.783306141415856,15.320339677198689,0.9761305105435292,0.0037287973169917834
6984,3728089029,19,19.51990919560084,15.420071268231785,0.9761305105435292,0.0037287973169917834
6985,2177626506,15,14.732933776386224,18.396976122686848,0.9761305105435292,0.0037287973169917834
6986,2695529531,13,13.283401949980961,17.84157641670931,0.9761305105435292,0.0037287973169917834
6987,1854237200,13,12.780370060854771,16.949485453941257,0.9761305105435292,0.0037287973169917834
6988,4184232867,18,18.772834847109245,15.780957570233443,0.9761305105435292,0.0037287973169917834
6989,3658296575,19,19.764315835981186,15.938274961024112,0.9761305105435292,0.0037287973169917834
6990,1581583790,16,16.326824526475278,12.618708692255606,0.9761305105435292,0.0037287973169917834
6991,2930386172,17,17.13218369786393,15.991699371834425,0.9761305105435292,0.0037287973169917834
6992,4016367994,20,20.60639046004052,15.433557850647631,0.9761305105435292,0.0037287973169917834
6993,695172376,17,17.623044701232146,17.15876103950469,0.9761305105435292,0.0037287973169917834
6994,2497251146,14,14.813124373088154,13.802392200046574,0.9761305105435292,0.0037287973169917834
6995,890822505,17,17.193620458050525,16.248767854755382,0.9761305105435292,0.0037287973169917834
6996,149930970,17,17.529256808809684,16.03870520905013,0.9761305105435292,0.0037287973169917834
6997,3683253079,21,21.051577978216525,16.64204806293756,0.9761305105435292,0.0037287973169917834
6998,1233143018,11,11.302136884238491,16.035468918431878,0.9761305105435292,0.0037287973169917834
6999,3571816719,17,17.155778698861297,17.312489765349774,0.9761305105435292,0.0037287973169917834
7000,3379616174,17,16.645507297304423,15.626252545690452,0.9761305105435292,0.0037287973169917834
7001,3005586073,16,15.915549662057401,16.775421496416378,0.9761305105435292,0.0037287973169917834
7002,2135051747,18,17.931871884118813,16.97291893908104,0.9761305105435292,0.0037287973169917834
7003,4234976774,17,17.70305468981531,16.10296759772422,0.9761305105435292,0.0037287973169917834
7004,1094603701,16,14.81795081907334,14.662185948680374,0.9761305105435292,0.0037287973169917834
7005,2976880188,18,17.80158693283768,15.85826260881601,0.9761305105435292,0.0037287973169917834
7006,1036509624,18,18.13030833692274,15.78086305920134,0.9761305105435292,0.0037287973169917834
7007,1659785495,16,15.928650286034976,16.871002660587685,0.9761305105435292,0.0037287973169917834
7008,2030800593,16,16.36323123262946,14.834338287240346,0.9761305105435292,0.0037287973169917834
7009,1760608644,12,12.380310527265493,15.663831129573987,0.9761305105435292,0.0037287973169917834
7010,1187874404,14,13.58613548507355,15.181690878229574,0.9761305105435292,0.0037287973169917834
7011,560775745,11,10.994951546354006,17.10683462498294,0.9761305105435292,0.0037287973169917834
7012,4251518045,17,15.869498822576915,15.088857096325508,0.9761305105435292,0.0037287973169917834
7013,3469721437,23,21.65998838555663,15.896241213652152,0.9761305105435292,0.0037287973169917834
7014,1935156199,17,15.99698185996482,16.75118243184953,0.9761305105435292,0.0037287973169917834
7015,3624809940,15,14.231537777854522,16.72067925980064,0.9761305105435292,0.0037287973169917834
7016,697861954,12,12.511119019673353,15.922370753482848,0.9761305105435292,0.0037287973169917834
7017,4056883024,18,17.723140171337928,17.340669882503782,0.9761305105435292,0.0037287973169917834
7018,1746496566,14,13.385166244463798,16.79764498395027,0.9761305105435292,0.0037287973169917834
7019,3563760738,15,14.82034789303432,15.657524208722975,0.9761305105435292,0.0037287973169917834
7020,1545976107,16,15.722950507084594,16.05097544373032,0.9761305105435292,0.0037287973169917834
7021,251883262,18,18.248573094571622,14.437215472168816,0.9761305105435292,0.0037287973169917834
7022,402249659,22,22.81579843591802,14.644378693368797,0.9761305105435292,0.0037287973169917834
7023,2784559021,22,22.799823882437256,16.035985314770848,0.9761305105435292,0.0037287973169917834
7024,3606610379,17,16.79294552323008,14.452843935464234,0.9761305105435292,0.0037287973169917834
7025,1678038080,9,8.88756369041615,15.306198384299638,0.9761305105435292,0.0037287973169917834
7026,1863830577,17,17.960278755063673,16.658417046218208,0.9761305105435292,0.0037287973169917834
7027,514773143,17,17.81011736872515,16.062765370025534,0.9761305105435292,0.0037287973169917834
7028,2968823307,15,14.354805246774736,16.45723376505787,0.9761305105435292,0.0037287973169917834
7029,4211764029,19,17.440174095563414,17.042769676782566,0.9761305105435292,0.0037287973169917834
7030,1815207091,17,16.712585614059478,15.894587395958194,0.9761305105435292,0.0037287973169917834
7031,3265824972,12,12.254326332260147,16.816021245916083,0.9761305105435292,0.0037287973169917834
7032,42351718,12,11.960680946302926,14.485941918607713,0.9761305105435292,0.0037287973169917834
7033,472131506,13,13.474350467238,17.82537417679074,0.9761305105435292,0.0037287973169917834
7034,3421348442,18,19.02135123078283,15.02916099580833,0.9761305105435292,0.0037287973169917834
7035,1874258519,21,20.528944153687384,15.32915040194371,0.9761305105435292,0.0037287973169917834
7036,694949648,12,11.25230907131229,15.55922621604941,0.9761305105435292,0.0037287973169917834
7037,1170524882,14,14.84651609688468,16.017813774148625,0.9761305105435292,0.0037287973169917834
7038,1533087856,12,11.629299700403061,15.354763143025034,0.9761305105435292,0.0037287973169917834
7039,3203180717,19,19.179400764022482,14.538291744617132,0.9761305105435292,0.0037287973169917834
7040,4021309560,16,16.781065089460554,14.962036523213822,0.9761305105435292,0.0037287973169917834
7041,2177222438,14,13.946406813428519,14.10222376950978,0.9761305105435292,0.0037287973169917834
7042,3797753988,12,12.380031285688155,18.158040615419257,0.9761305105435292,0.0037287973169917834
7043,2146547702,24,24.83431018794717,15.802681298891624,0.9761305105435292,0.0037287973169917834
7044,84730998,13,13.574424825951638,14.33014387535836,0.9761305105435292,0.0037287973169917834
7045,3109902302,21,21.664608236907586,16.349454056191124,0.9761305105435292,0.0037287973169917834
7046,2492354285,17,17.11552540589299,15.952414542688114,0.9761305105435292,0.0037287973169917834
7047,2582277215,19,19.49317483577901,15.9440234276877,0.9761305105435292,0.0037287973169917834
7048,1715267448,18,17.873207263393066,15.078633633202937,0.9761305105435292,0.0037287973169917834
7049,3514645907,19,19.956446049627235,15.36379927119853,0.9761305105435292,0.0037287973169917834
7050,2210905418,17,16.15859614581527,15.6241347151338,0.9761305105435292,0.0037287973169917834
7051,3044364300,14,13.362461429513061,14.511588771146085,0.9761305105435292,0.0037287973169917834
7052,629490070,12,11.555596711991237,19.024943003507907,0.9761305105435292,0.0037287973169917834
7053,2186721945,15,14.371230063849126,14.132251359537653,0.9761305105435292,0.0037287973169917834
7054,3949832244,17,17.798947873562923,16.447858182550142,0.9761305105435292,0.0037287973169917834
7055,1054672378,19,18.263004637528276,15.656581127372586,0.9761305105435292,0.0037287973169917834
7056,3296875660,11,10.306246124782248,14.331903252212621,0.9761305105435292,0.0037287973169917834
7057,3208301567,24,24.296168920996518,16.69713072948296,0.9761305105435292,0.0037287973169917834
7058,101911256,11,10.909670525639545,16.103823161288005,0.9761305105435292,0.0037287973169917834
7059,3744563617,15,14.575471763014999,17.155472159303848,0.9761305105435292,0.0037287973169917834
7060,3324112464,14,13.2588655512666,16.48930103728019,0.9761305105435292,0.0037287973169917834
7061,3034905843,20,20.586552865293374,17.24723116015152,0.9761305105435292,0.0037287973169917834
7062,1165120730,15,16.060060371340818,16.84708438327454,0.9761305105435292,0.0037287973169917834
7063,963465686,17,16.583557463729854,15.00322011285068,0.9761305105435292,0.0037287973169917834
7064,2202780974,15,14.526811018685624,17.43000136064658,0.9761305105435292,0.0037287973169917834
7065,4100290659,17,16.20036487860832,15.958351333142545,0.9761305105435292,0.0037287973169917834
7066,2461150897,15,15.899418260001795,14.094977661561478,0.9761305105435292,0.0037287973169917834
7067,664924851,17,17.072965514614538,15.952994479613727,0.9761305105435292,0.0037287973169917834
7068,3834620320,15,13.651113086670986,17.047489987108822,0.9761305105435292,0.0037287973169917834
7069,3170450764,19,17.729303479795927,17.15902457874073,0.9761305105435292,0.0037287973169917834
7070,2072548773,16,16.326190589761712,17.15484516338093,0.9761305105435292,0.0037287973169917834
7071,2783785012,15,14.65102440106513,15.722643783143221,0.9761305105435292,0.0037287973169917834
7072,3301720073,10,10.467284226697812,15.605491543903804,0.9761305105435292,0.0037287973169917834
7073,1958040393,16,15.656893532530507,17.097490497311238,0.9761305105435292,0.0037287973169917834
7074,4031033094,14,14.194013575596188,15.43230175580386,0.9761305105435292,0.0037287973169917834
7075,2014450117,12,12.102232516504653,16.48066532347645,0.9761305105435292,0.0037287973169917834
7076,796444652,19,19.159384553289556,16.18496183722805,0.9761305105435292,0.0037287973169917834
7077,3110954666,18,17.6115934786186,16.417554486155886,0.9761305105435292,0.0037287973169917834
7078,1584241817,18,18.422704295894732,16.460946857992457,0.9761305105435292,0.0037287973169917834
7079,3539626587,19,19.95158391199075,16.288254086329104,0.9761305105435292,0.0037287973169917834
7080,726964833,14,14.185321229648451,16.926442227606206,0.9761305105435292,0.0037287973169917834
7081,2394065960,13,13.326054908484972,15.706821097294565,0.9761305105435292,0.0037287973169917834
7082,3069192477,16,15.11369225732254,13.70894300608524,0.9761305105435292,0.0037287973169917834
7083,4275791433,20,21.210126682635952,15.280623962678622,0.9761305105435292,0.0037287973169917834
7084,1053070960,15,15.11491560337721,15.79543176403601,0.9761305105435292,0.0037287973169917834
7085,122365606,14,14.223016904013562,16.78739265107457,0.9761305105435292,0.0037287973169917834
7086,3689781736,20,20.399476417966905,14.549866024235289,0.9761305105435292,0.0037287973169917834
7087,2588149273,11,10.185564454021293,16.562138170372137,0.9761305105435292,0.0037287973169917834
7088,4090215678,23,22.973584816599228,15.016521918267395,0.9761305105435292,0.0037287973169917834
7089,1861235167,19,19.58774784666026,14.404339881994947,0.9761305105435292,0.0037287973169917834
7090,1029060291,17,17.308668720883833,16.280912325569084,0.9761305105435292,0.0037287973169917834
7091,643468691,15,15.61935357801583,16.981160852951,0.9761305105435292,0.0037287973169917834
7092,2148467449,12,11.868319830284289,13.913739121777132,0.9761305105435292,0.0037287973169917834
7093,1237539136,12,12.001355236235629,14.223833431332878,0.9761305105435292,0.0037287973169917834
7094,277915547,13,13.677950660056624,14.291912908573092,0.9761305105435292,0.0037287973169917834
7095,675341670,12,12.899482362378816,14.700231225389595,0.9761305105435292,0.0037287973169917834
7096,3244327797,13,13.198893111799393,15.097233387360257,0.9761305105435292,0.0037287973169917834
7097,824451595,10,9.049235959450035,14.863537371417209,0.9761305105435292,0.0037287973169917834
7098,3556095032,18,16.99002522497188,14.062781037586522,0.9761305105435292,0.0037287973169917834
7099,1490083924,12,12.525643496968245,14.028366235792305,0.9761305105435292,0.0037287973169917834
7100,4182303629,17,17.329411168360412,17.276030420884034,0.9761305105435292,0.0037287973169917834
7101,721772633,12,12.409585602063974,15.007198948257775,0.9761305105435292,0.0037287973169917834
7102,2313625848,15,15.723153636157974,17.064156994900678,0.9761305105435292,0.0037287973169917834
7103,1756106400,12,13.407970035523197,16.504315608056835,0.9761305105435292,0.0037287973169917834
7104,679287928,15,15.12848714358844,15.400170128239505,0.9761305105435292,0.0037287973169917834
7105,1696754077,15,15.360269053233775,16.302047088242507,0.9761305105435292,0.0037287973169917834
7106,3443759231,18,16.986739867582454,16.333650074140493,0.9761305105435292,0.0037287973169917834
7107,1903175724,12,10.968715209293112,13.89800928184143,0.9761305105435292,0.0037287973169917834
7108,1476908706,14,13.348596700466937,15.245437358567619,0.9761305105435292,0.0037287973169917834
7109,2628871560,14,14.061069808295901,15.962198937792593,0.9761305105435292,0.0037287973169917834
7110,2224658880,12,12.169244147322635,15.95346342567215,0.9761305105435292,0.0037287973169917834
7111,1461379038,21,21.188139223503022,14.655790139690572,0.9761305105435292,0.0037287973169917834
7112,2934467649,15,14.10600073625022,15.456699255723313,0.9761305105435292,0.0037287973169917834
7113,609618008,10,9.864695414563062,16.521978238339422,0.9761305105435292,0.0037287973169917834
7114,1792959017,16,15.751059082919435,16.75601366616873,0.9761305105435292,0.0037287973169917834
7115,2541967890,14,14.202496503111533,16.234376783645363,0.9761305105435292,0.0037287973169917834
7116,3555790134,17,15.796515659694666,17.237262942838207,0.9761305105435292,0.0037287973169917834
7117,1221153567,15,14.86672349516375,16.36518015228363,0.9761305105435292,0.0037287973169917834
7118,1485665298,13,13.204232238219134,14.128034874186136,0.9761305105435292,0.0037287973169917834
7119,449364261,12,12.192138323762597,14.530590881321979,0.9761305105435292,0.0037287973169917834
7120,3100084184,17,17.14605269581992,14.95385118712925,0.9761305105435292,0.0037287973169917834
7121,1423998441,17,17.31608389829926,15.285935457662475,0.9761305105435292,0.0037287973169917834
7122,645414032,13,12.809222343785677,16.416361420261758,0.9761305105435292,0.0037287973169917834
7123,2291757337,13,13.098665362277098,14.179422569796753,0.9761305105435292,0.0037287973169917834
7124,2505619904,14,14.910637042214887,16.180738401295535,0.9761305105435292,0.0037287973169917834
7125,1791340409,19,18.45451875628468,16.794718292312222,0.9761305105435292,0.0037287973169917834
7126,483495296,12,11.588837250933203,15.959867980234847,0.9761305105435292,0.0037287973169917834
7127,3717729042,14,13.41785942371589,14.494074911663153,0.9761305105435292,0.0037287973169917834
7128,3878345933,19,18.057542002249285,17.421377353031765,0.9761305105435292,0.0037287973169917834
7129,3086999354,25,25.425254111182195,16.26212412022229,0.9761305105435292,0.0037287973169917834
7130,1737523040,16,15.495980346113829,15.94251402228221,0.9761305105435292,0.0037287973169917834
7131,859826556,20,20.147328665639225,16.61845004716825,0.9761305105435292,0.0037287973169917834
7132,2021228357,19,18.701530785408657,13.801166190200803,0.9761305105435292,0.0037287973169917834
7133,3925531718,19,17.629564167701822,17.983495834112333,0.9761305105435292,0.0037287973169917834
7134,1377803482,17,16.26799757053744,16.081024224209468,0.9761305105435292,0.0037287973169917834
7135,2732545999,21,20.73315323613935,17.58532021308826,0.9761305105435292,0.0037287973169917834
7136,3324355029,15,15.37743679276176,16.81400966533185,0.9761305105435292,0.0037287973169917834
7137,2630786962,18,16.839352923880025,16.257617704462085,0.9761305105435292,0.0037287973169917834
7138,1862306307,11,11.231121282619684,16.83273962226136,0.9761305105435292,0.0037287973169917834
7139,2377729614,16,15.82890414609867,16.363427481488152,0.9761305105435292,0.0037287973169917834
7140,3157008150,16,16.727940880144338,15.167882189423716,0.9761305105435292,0.0037287973169917834
7141,2127307180,16,15.863990539427192,16.912941087582823,0.9761305105435292,0.0037287973169917834
7142,895145478,15,15.621936620663874,16.46467366181651,0.9761305105435292,0.0037287973169917834
7143,231871762,12,12.729572886541192,15.785689563516351,0.9761305105435292,0.0037287973169917834
7144,684210758,12,11.612452253557539,15.823520573930068,0.9761305105435292,0.0037287973169917834
7145,363444903,17,16.783271983247978,15.365468831307485,0.9761305105435292,0.0037287973169917834
7146,3549037794,13,13.52280335786424,16.219533489964455,0.9761305105435292,0.0037287973169917834
7147,3593209189,14,13.889573088027475,15.877055681358186,0.9761305105435292,0.0037287973169917834
7148,527443650,14,14.718157042521273,16.648147755342823,0.9761305105435292,0.0037287973169917834
7149,1517947477,15,14.94368603093223,16.952904583931435,0.9761305105435292,0.0037287973169917834
7150,605914404,11,10.494718663281313,16.41733445147871,0.9761305105435292,0.0037287973169917834
7151,2903132367,15,15.277531059793215,15.349957177947482,0.9761305105435292,0.0037287973169917834
7152,2957151678,15,14.508239929331456,14.16016625757563,0.9761305105435292,0.0037287973169917834
7153,3275372632,14,13.754256115697547,17.026296683055342,0.9761305105435292,0.0037287973169917834
7154,1433115619,19,18.149748664410662,15.187290606488833,0.9761305105435292,0.0037287973169917834
7155,4145731860,17,18.493509806667774,14.753830492147287,0.9761305105435292,0.0037287973169917834
7156,1774862645,14,13.712552217398173,15.333793994379949,0.9761305105435292,0.0037287973169917834
7157,930529160,19,18.716086289510848,16.732789647849984,0.9761305105435292,0.0037287973169917834
7158,2709920045,13,13.24408260523128,17.323034372953096,0.9761305105435292,0.0037287973169917834
7159,1928784748,20,19.47603373282673,15.204547693106509,0.9761305105435292,0.0037287973169917834
7160,1590724675,13,12.045440965108142,15.919052805759346,0.9761305105435292,0.0037287973169917834
7161,3353549085,17,18.169331807930543,15.719975550702856,0.9761305105435292,0.0037287973169917834
7162,373585588,14,14.076756886386644,17.0476417852027,0.9761305105435292,0.0037287973169917834
7163,1095685354,15,14.70659809482641,14.445975776972034,0.9761305105435292,0.0037287973169917834
7164,172427780,9,8.697045318964646,17.313992734011485,0.9761305105435292,0.0037287973169917834
7165,3381565913,17,16.69090516808102,15.176019497732222,0.9761305105435292,0.0037287973169917834
7166,96349289,15,14.807596157728474,16.787896453870427,0.9761305105435292,0.0037287973169917834
7167,658146681,16,16.658051853250107,15.165779230912273,0.9761305105435292,0.0037287973169917834
7168,1572930503,15,16.399668115094283,18.580168117366156,0.9761305105435292,0.0037287973169917834
7169,1225530541,13,13.009459851038287,16.864174650471114,0.9761305105435292,0.0037287973169917834
7170,2276241369,19,18.367209514570675,15.881291259449679,0.9761305105435292,0.0037287973169917834
7171,3456843515,20,19.44287573947057,14.47477233979863,0.9761305105435292,0.0037287973169917834
7172,1181634332,16,15.512066536001422,17.092556106633634,0.9761305105435292,0.0037287973169917834
7173,381856759,18,18.084003213424538,16.101575482351546,0.9761305105435292,0.0037287973169917834
7174,2743747263,16,15.303771866282878,15.74707364305325,0.9761305105435292,0.0037287973169917834
7175,1464227993,15,15.380158230636084,16.533490133840868,0.9761305105435292,0.0037287973169917834
7176,2064060409,19,18.824110314156236,15.68758754889835,0.9761305105435292,0.0037287973169917834
7177,2186459631,17,17.21889132002527,18.165609532518985,0.9761305105435292,0.0037287973169917834
7178,3220973198,20,20.38818519494795,14.433002098117495,0.9761305105435292,0.0037287973169917834
7179,2497582697,16,16.286086162337668,15.443333494047698,0.9761305105435292,0.0037287973169917834
7180,1947253012,12,12.519247028439297,15.250310851344215,0.9761305105435292,0.0037287973169917834
7181,2373266174,19,19.77031036651251,16.380048480703895,0.9761305105435292,0.0037287973169917834
7182,313618587,14,14.084855358639235,17.19670107542205,0.9761305105435292,0.0037287973169917834
7183,2661071185,17,17.119124707941115,16.702829087511898,0.9761305105435292,0.0037287973169917834
7184,1566119660,17,16.633745776845682,15.56137656041447,0.9761305105435292,0.0037287973169917834
7185,1126514361,16,15.727875437463519,15.924385774329949,0.9761305105435292,0.0037287973169917834
7186,36134758,15,14.636045677570712,16.00140369422668,0.9761305105435292,0.0037287973169917834
7187,3453789594,18,18.305043957283598,14.880940871616769,0.9761305105435292,0.0037287973169917834
7188,562613129,12,12.105520189096165,16.928850913299364,0.9761305105435292,0.0037287973169917834
7189,2694217238,15,15.129692733802198,17.114083852222727,0.9761305105435292,0.0037287973169917834
7190,859626558,18,18.727812357146924,15.083234411950093,0.9761305105435292,0.0037287973169917834
7191,3944239337,15,15.690255373371878,16.244495160185608,0.9761305105435292,0.0037287973169917834
7192,3709535492,13,13.480181463837578,18.061342393941818,0.9761305105435292,0.0037287973169917834
7193,1367806977,10,11.545514986718851,18.338344770160532,0.9761305105435292,0.0037287973169917834
7194,2026432915,16,15.943550070051344,15.486733802933282,0.9761305105435292,0.0037287973169917834
7195,4087685848,16,16.32028013824735,13.874086527196056,0.9761305105435292,0.0037287973169917834
7196,1820518179,15,15.114508264457996,16.81853540157605,0.9761305105435292,0.0037287973169917834
7197,3004645089,18,18.689637027578065,16.40959508180396,0.9761305105435292,0.0037287973169917834
7198,3220878022,21,20.55810095562383,15.847176717955865,0.9761305105435292,0.0037287973169917834
7199,604249851,14,14.812669275207648,15.585056510994425,0.9761305105435292,0.0037287973169917834
7200,3220669651,21,21.537611714433208,14.473665199929755,0.9761305105435292,0.0037287973169917834
7201,3731525928,15,14.887860909836448,16.71587183042287,0.9761305105435292,0.0037287973169917834
7202,2047803342,21,20.481719187156926,17.260378524422002,0.9761305105435292,0.0037287973169917834
7203,4055239495,17,16.667978655232123,16.154905291858583,0.9761305105435292,0.0037287973169917834
7204,3664601586,18,18.581274054811217,16.611164923887664,0.9761305105435292,0.0037287973169917834
7205,2002730874,23,24.021522312148942,15.348686632441616,0.9761305105435292,0.0037287973169917834
7206,2769145754,17,17.56587402017678,15.891434286607042,0.9761305105435292,0.0037287973169917834
7207,4011125261,17,16.966045931451823,16.758582640592223,0.9761305105435292,0.0037287973169917834
7208,2788772178,14,14.154857490928276,13.462648221180132,0.9761305105435292,0.0037287973169917834
7209,1551688267,17,16.77294177469774,15.66506002257375,0.9761305105435292,0.0037287973169917834
7210,3117656554,19,19.232368684335555,17.54870547107727,0.9761305105435292,0.0037287973169917834
7211,2215187205,9,9.069998457543708,16.096338094078543,0.9761305105435292,0.0037287973169917834
7212,3857014330,19,19.461922222615208,16.068404061888703,0.9761305105435292,0.0037287973169917834
7213,2600313343,22,22.22282324516428,16.14210073963233,0.9761305105435292,0.0037287973169917834
7214,1971039336,18,18.43927044164269,14.301496541233167,0.9761305105435292,0.0037287973169917834
7215,3176953222,18,17.48755387658,16.0575701920595,0.9761305105435292,0.0037287973169917834
7216,2302077075,15,14.18391741098535,16.947634894995133,0.9761305105435292,0.0037287973169917834
7217,3888712914,16,15.746112225834485,13.342871541271254,0.9761305105435292,0.0037287973169917834
7218,1672908930,13,12.541182897616027,16.48481658583126,0.9761305105435292,0.0037287973169917834
7219,1494774617,15,14.694847422237368,15.297210397684191,0.9761305105435292,0.0037287973169917834
7220,1069708713,18,17.168736513843957,15.871082493998838,0.9761305105435292,0.0037287973169917834
7221,1084884225,8,8.181286217692632,16.53391304585288,0.9761305105435292,0.0037287973169917834
7222,439579474,15,14.780748807583617,16.307915347863933,0.9761305105435292,0.0037287973169917834
7223,885662035,13,12.826988947799588,16.73700026306649,0.9761305105435292,0.0037287973169917834
7224,3480291631,17,17.54931677840173,17.009147721658934,0.9761305105435292,0.0037287973169917834
7225,3707105853,21,19.896265148612084,15.216803272409559,0.9761305105435292,0.0037287973169917834
7226,1618794942,18,19.015490707285245,15.530357675390553,0.9761305105435292,0.0037287973169917834
7227,1395300362,12,11.63154022137309,15.920786398487431,0.9761305105435292,0.0037287973169917834
7228,3082040014,18,17.082471942279557,16.68846234314517,0.9761305105435292,0.0037287973169917834
7229,670707911,17,16.77321613357571,16.272013707592727,0.9761305105435292,0.0037287973169917834
7230,49092890,13,12.232646821774242,17.08533700539029,0.9761305105435292,0.0037287973169917834
7231,3931610200,17,16.47002791415707,15.834942045602904,0.9761305105435292,0.0037287973169917834
7232,1404872864,14,13.79540591563055,18.1896774371277,0.9761305105435292,0.0037287973169917834
7233,3388202022,18,17.868507553896563,14.669393264675099,0.9761305105435292,0.0037287973169917834
7234,2461647273,15,15.135867420338869,16.051997365858824,0.9761305105435292,0.0037287973169917834
7235,2276188635,19,19.63211848872935,15.221734916690895,0.9761305105435292,0.0037287973169917834
7236,287931668,13,12.661802573465792,16.202959640855248,0.9761305105435292,0.0037287973169917834
7237,3507828826,14,13.965735090368492,15.22389923327168,0.9761305105435292,0.0037287973169917834
7238,2677565595,17,16.67638770825416,15.181115753657721,0.9761305105435292,0.0037287973169917834
7239,1426519349,16,16.347322753326857,14.486057821480852,0.9761305105435292,0.0037287973169917834
7240,1607978472,21,21.698060445805396,15.304753747411755,0.9761305105435292,0.0037287973169917834
7241,2312470865,13,13.411684462791792,16.47041056197516,0.9761305105435292,0.0037287973169917834
7242,1104305714,14,15.424650398136771,14.87419928760671,0.9761305105435292,0.0037287973169917834
7243,1501136949,15,14.154401497169198,17.980698100825197,0.9761305105435292,0.0037287973169917834
7244,2944941977,18,17.79878320487375,16.02448418499006,0.9761305105435292,0.0037287973169917834
7245,3231028874,13,12.723025982557377,16.615844895737144,0.9761305105435292,0.0037287973169917834
7246,257227424,15,16.221827339491426,13.830626565192043,0.9761305105435292,0.0037287973169917834
7247,2352548010,12,12.122876996495082,16.53644432791466,0.9761305105435292,0.0037287973169917834
7248,3277755035,17,17.367650231448707,15.60991763601387,0.9761305105435292,0.0037287973169917834
7249,4176797362,20,20.131351782901877,17.367849823075556,0.9761305105435292,0.0037287973169917834
7250,3125632915,19,18.87003095395945,17.661104344395987,0.9761305105435292,0.0037287973169917834
7251,2001806085,14,13.87912280261007,16.66481223913202,0.9761305105435292,0.0037287973169917834
7252,2032166953,12,11.489653791160345,17.662332177646682,0.9761305105435292,0.0037287973169917834
7253,2096545054,21,20.18066260722416,15.056200792459467,0.9761305105435292,0.0037287973169917834
7254,3546319355,17,17.57139604458444,16.10128880751079,0.9761305105435292,0.0037287973169917834
7255,1372051359,20,19.754420417731584,17.91823728267611,0.9761305105435292,0.0037287973169917834
7256,2903520532,12,11.852359325211575,15.201793300935588,0.9761305105435292,0.0037287973169917834
7257,4057489325,20,20.98481458205861,16.060671176509032,0.9761305105435292,0.0037287973169917834
7258,1053280882,18,17.7934020582916,15.62547177028371,0.9761305105435292,0.0037287973169917834
7259,434489718,17,18.445374605282048,15.50814389955182,0.9761305105435292,0.0037287973169917834
7260,2784056153,17,18.057060475961794,17.195018431179353,0.9761305105435292,0.0037287973169917834
7261,337541054,18,17.82781748281993,14.605218841417672,0.9761305105435292,0.0037287973169917834
7262,3836413619,16,16.38163045819172,16.616309187714858,0.9761305105435292,0.0037287973169917834
7263,1941406020,15,14.463244520952836,15.13705100109236,0.9761305105435292,0.0037287973169917834
7264,3390504421,19,19.534824435471034,15.890089265015268,0.9761305105435292,0.0037287973169917834
7265,1790721623,19,19.018184663467686,16.855521755066434,0.9761305105435292,0.0037287973169917834
7266,1596790585,18,17.069371748311315,16.982024605853166,0.9761305105435292,0.0037287973169917834
7267,3369161195,16,16.418064510246325,17.105406595838424,0.9761305105435292,0.0037287973169917834
7268,207395580,16,16.230351053823366,16.557933554977943,0.9761305105435292,0.0037287973169917834
7269,3572362102,21,19.972480655046887,18.070756965782902,0.9761305105435292,0.0037287973169917834
7270,736049603,19,18.874622538358235,15.474482209427993,0.9761305105435292,0.0037287973169917834
7271,3570539831,17,17.154261003118318,14.32454913135754,0.9761305105435292,0.0037287973169917834
7272,2730822100,13,12.767203790409848,17.47998295770973,0.9761305105435292,0.0037287973169917834
7273,4128789925,16,16.084487580887796,15.116496324559446,0.9761305105435292,0.0037287973169917834
7274,2562510138,17,16.48657658575929,15.633090936558006,0.9761305105435292,0.0037287973169917834
7275,2375933020,18,17.322964782217976,16.057968152035922,0.9761305105435292,0.0037287973169917834
7276,752950217,15,15.730711789317908,13.642033785779883,0.9761305105435292,0.0037287973169917834
7277,3986648094,20,19.803889327823583,15.815582919210147,0.9761305105435292,0.0037287973169917834
7278,1413025297,12,12.434853778222966,15.134214025482308,0.9761305105435292,0.0037287973169917834
7279,1360667175,12,12.317800274561325,16.383896913476157,0.9761305105435292,0.0037287973169917834
7280,3568451702,14,11.991452400677533,14.349598258040393,0.9761305105435292,0.0037287973169917834
7281,2677723147,16,16.07584048582432,16.45117144809226,0.9761305105435292,0.0037287973169917834
7282,3052881218,17,16.860874399271367,16.64738429747276,0.9761305105435292,0.0037287973169917834
7283,3899422264,16,16.662748565283632,14.937300706216439,0.9761305105435292,0.0037287973169917834
7284,1255457466,15,14.245701248311642,16.194616995678654,0.9761305105435292,0.0037287973169917834
7285,556315565,14,14.439222899704882,17.22301342922507,0.9761305105435292,0.0037287973169917834
7286,974976352,15,14.788364732831203,16.89282225774368,0.9761305105435292,0.0037287973169917834
7287,1952215872,14,13.849312149952798,15.065963138616837,0.9761305105435292,0.0037287973169917834
7288,4073668111,20,20.223388764423532,14.918963635362227,0.9761305105435292,0.0037287973169917834
7289,851836578,17,18.050866530146042,13.499016344837383,0.9761305105435292,0.0037287973169917834
7290,217542058,18,17.766710863920018,16.61779858548047,0.9761305105435292,0.0037287973169917834
7291,2770205517,19,19.29867279703119,17.68153469603906,0.9761305105435292,0.0037287973169917834
7292,757279027,14,13.269695126078762,17.451404678081303,0.9761305105435292,0.0037287973169917834
7293,3747196274,20,19.738150832513774,15.527743834783298,0.9761305105435292,0.0037287973169917834
7294,691590597,15,16.05107137717047,16.167340401616492,0.9761305105435292,0.0037287973169917834
7295,1538283888,15,15.663350063383755,14.79722637508858,0.9761305105435292,0.0037287973169917834
7296,2133939231,18,17.611951246496545,17.082738893449033,0.9761305105435292,0.0037287973169917834
7297,1781375554,13,13.088551695648167,16.736308884675587,0.9761305105435292,0.0037287973169917834
7298,760505415,14,14.638199397157345,17.108485363155253,0.9761305105435292,0.0037287973169917834
7299,1369573164,12,12.194235040382797,18.32025658012857,0.9761305105435292,0.0037287973169917834
7300,2666929420,17,16.81689270746745,14.894089037840967,0.9761305105435292,0.0037287973169917834
7301,3935231164,19,20.443023609938518,18.35650152309603,0.9761305105435292,0.0037287973169917834
7302,1140975517,14,14.007608580388842,17.623359897504997,0.9761305105435292,0.0037287973169917834
7303,1280019332,13,11.95670801350596,15.439533603260344,0.9761305105435292,0.0037287973169917834
7304,591275660,14,13.28557566433447,16.807030679143608,0.9761305105435292,0.0037287973169917834
7305,1985858872,18,18.81297723027767,16.33953272950934,0.9761305105435292,0.0037287973169917834
7306,4116138565,17,17.623300206141593,15.823100634722175,0.9761305105435292,0.0037287973169917834
7307,1544770453,15,14.513907888897316,14.630936161826224,0.9761305105435292,0.0037287973169917834
7308,3959819985,14,14.922744825569348,18.459398053921138,0.9761305105435292,0.0037287973169917834
7309,3222824338,11,10.658852709125046,16.14380271761883,0.9761305105435292,0.0037287973169917834
7310,4166936070,16,16.095659021697564,13.74433622506552,0.9761305105435292,0.0037287973169917834
7311,1169909021,17,16.147241182608187,16.733132568330085,0.9761305105435292,0.0037287973169917834
7312,250839806,18,18.05693057929625,15.8090664955735,0.9761305105435292,0.0037287973169917834
7313,175331277,17,17.406269772022615,14.181869571356216,0.9761305105435292,0.0037287973169917834
7314,1186585092,14,13.798272019097123,17.707343242760324,0.9761305105435292,0.0037287973169917834
7315,3933892812,17,16.88661054446957,17.9467272851961,0.9761305105435292,0.0037287973169917834
7316,2754715174,14,13.910051644619926,16.346580810579933,0.9761305105435292,0.0037287973169917834
7317,3334657719,18,17.83410180240279,15.841052581498033,0.9761305105435292,0.0037287973169917834
7318,1217630304,10,10.151037651617568,17.194655173705662,0.9761305105435292,0.0037287973169917834
7319,1458387291,19,19.572650066708942,17.258614183806124,0.9761305105435292,0.0037287973169917834
7320,3958777124,17,17.671742947789163,16.33807689773754,0.9761305105435292,0.0037287973169917834
7321,140667274,11,11.106258192530749,14.774917335312633,0.9761305105435292,0.0037287973169917834
7322,779702613,16,15.452534039175578,18.122118220098145,0.9761305105435292,0.0037287973169917834
7323,1564876963,13,12.955274695002492,16.756829957430078,0.9761305105435292,0.0037287973169917834
7324,2635047818,16,15.078683662873592,16.738357873781304,0.9761305105435292,0.0037287973169917834
7325,3555845475,19,18.361448789747314,17.08054703341734,0.9761305105435292,0.0037287973169917834
7326,2751595705,10,9.631740852975591,16.022504153942158,0.9761305105435292,0.0037287973169917834
7327,4264866375,18,18.036770179193077,16.980174702888128,0.9761305105435292,0.0037287973169917834
7328,379879838,13,13.4040068941377,15.653146313677814,0.9761305105435292,0.0037287973169917834
7329,1883452146,14,13.611673809182605,14.61488039486928,0.9761305105435292,0.0037287973169917834
7330,933840675,16,16.98627357684714,14.63778838097023,0.9761305105435292,0.0037287973169917834
7331,2822400079,15,15.115989043862308,15.957123457941842,0.9761305105435292,0.0037287973169917834
7332,2596616057,18,17.787579136859055,16.653427371127826,0.9761305105435292,0.0037287973169917834
7333,3840370165,20,21.08116516329995,16.627460797071702,0.9761305105435292,0.0037287973169917834
7334,1943779741,21,20.917154356069126,15.619025530313342,0.9761305105435292,0.0037287973169917834
7335,1084001495,14,14.592667329174114,15.297768392503361,0.9761305105435292,0.0037287973169917834
7336,745339809,17,16.846959575584627,17.495701683507416,0.9761305105435292,0.0037287973169917834
7337,3477079585,11,11.151027549597163,15.256361494474143,0.9761305105435292,0.0037287973169917834
7338,2315891151,15,14.167465003274486,15.877816784132886,0.9761305105435292,0.0037287973169917834
7339,1879151453,13,12.025106718025537,16.54249187254677,0.9761305105435292,0.0037287973169917834
7340,3294665692,15,14.536059599193772,15.814070974930615,0.9761305105435292,0.0037287973169917834
7341,1617808960,13,13.197835974751476,17.160633814720544,0.9761305105435292,0.0037287973169917834
7342,2376968377,17,16.082414925066143,15.432080170764971,0.9761305105435292,0.0037287973169917834
7343,1858502604,20,21.410071063749093,17.181471813374465,0.9761305105435292,0.0037287973169917834
7344,2522442832,14,14.312105959121734,17.37084041657127,0.9761305105435292,0.0037287973169917834
7345,4119461276,20,19.922970207899343,15.538224349168306,0.9761305105435292,0.0037287973169917834
7346,3522389097,17,17.248136672139644,17.585880674035984,0.9761305105435292,0.0037287973169917834
7347,3987168756,21,21.589924866606662,17.866079495861822,0.9761305105435292,0.0037287973169917834
7348,2186147810,17,16.527342461660258,17.13068781309212,0.9761305105435292,0.0037287973169917834
7349,1598953648,15,15.936425005989076,15.190671884676146,0.9761305105435292,0.0037287973169917834
7350,592748423,16,15.571304298399557,17.378027220912134,0.9761305105435292,0.0037287973169917834
7351,3600412019,20,19.40411822935797,15.848050005953677,0.9761305105435292,0.0037287973169917834
7352,2887051621,15,15.251899491873658,14.432038415104788,0.9761305105435292,0.0037287973169917834
7353,486130528,15,14.144381153374166,16.521898813954994,0.9761305105435292,0.0037287973169917834
7354,1871194754,13,12.615402762819638,16.02806474658155,0.9761305105435292,0.0037287973169917834
7355,3419081724,19,18.080463918472404,16.301978580182173,0.9761305105435292,0.0037287973169917834
7356,3341741596,18,17.812681993549962,17.007980995326648,0.9761305105435292,0.0037287973169917834
7357,2154937532,15,12.87790935044996,17.292898135835806,0.9761305105435292,0.0037287973169917834
7358,1885409449,11,10.162001560289179,14.28979148270244,0.9761305105435292,0.0037287973169917834
7359,3487381704,18,19.016654853736007,14.52355757043101,0.9761305105435292,0.0037287973169917834
7360,1855474284,15,15.204013438419356,19.1116105150739,0.9761305105435292,0.0037287973169917834
7361,3305883672,12,12.458088568052888,15.377882399788254,0.9761305105435292,0.0037287973169917834
7362,2644678171,16,16.741910963479445,16.470165814323607,0.9761305105435292,0.0037287973169917834
7363,3387076187,18,17.741807768934848,14.583623685786984,0.9761305105435292,0.0037287973169917834
7364,887416530,16,15.88124067014787,15.136028698180542,0.9761305105435292,0.0037287973169917834
7365,3239714784,14,14.897854845961877,15.354623180623724,0.9761305105435292,0.0037287973169917834
7366,2364965620,16,16.76860846507766,13.421387349839378,0.9761305105435292,0.0037287973169917834
7367,417733449,14,13.590532324283638,17.28240075419322,0.9761305105435292,0.0037287973169917834
7368,3696043039,16,14.656078210067282,16.638912736953152,0.9761305105435292,0.0037287973169917834
7369,2865833044,13,13.34222250678159,17.94891286989575,0.9761305105435292,0.0037287973169917834
7370,1660332757,18,18.22628622773218,15.286781278072812,0.9761305105435292,0.0037287973169917834
7371,861812455,19,19.402231869611867,14.667199942414324,0.9761305105435292,0.0037287973169917834
7372,53096860,12,12.330112976618523,15.47953330104644,0.9761305105435292,0.0037287973169917834
7373,2602637278,17,17.11736974235588,15.271379999011259,0.9761305105435292,0.0037287973169917834
7374,3483083051,18,18.117193902791517,17.99227049509127,0.9761305105435292,0.0037287973169917834
7375,181330166,16,15.9092365271643,16.630081867206094,0.9761305105435292,0.0037287973169917834
7376,2058143147,18,17.94903623678312,14.815440839609474,0.9761305105435292,0.0037287973169917834
7377,1488717859,12,10.805796316576899,14.444645105021639,0.9761305105435292,0.0037287973169917834
7378,2797466162,18,18.361434340936803,17.03304086721848,0.9761305105435292,0.0037287973169917834
7379,4176315883,20,19.788900421059157,13.69770448794026,0.9761305105435292,0.0037287973169917834
7380,580639581,18,17.75000250608742,15.862727741633558,0.9761305105435292,0.0037287973169917834
7381,4197686425,18,17.493837105457462,16.923880516885898,0.9761305105435292,0.0037287973169917834
7382,2863688416,14,14.511886271332576,15.90193749486665,0.9761305105435292,0.0037287973169917834
7383,775458028,15,15.04962221572534,15.338436394756968,0.9761305105435292,0.0037287973169917834
7384,3470606373,15,15.130537488859957,13.57968344771644,0.9761305105435292,0.0037287973169917834
7385,1550065916,14,14.200794560562315,16.672150306651968,0.9761305105435292,0.0037287973169917834
7386,1945232325,19,20.26239600208529,16.70141349707709,0.9761305105435292,0.0037287973169917834
7387,1104617846,15,15.859507609355811,15.677962685397585,0.9761305105435292,0.0037287973169917834
7388,4110833665,12,12.596427204649483,17.98010392862312,0.9761305105435292,0.0037287973169917834
7389,1483626204,17,17.643762757500625,15.638682738089141,0.9761305105435292,0.0037287973169917834
7390,301023899,14,14.236503748410101,16.192685412285595,0.9761305105435292,0.0037287973169917834
7391,3881792337,20,19.978347478694072,15.95451042314441,0.9761305105435292,0.0037287973169917834
7392,18334531,12,11.00781087809686,15.457578177493778,0.9761305105435292,0.0037287973169917834
7393,1252584676,15,14.21341456861435,16.774863221179334,0.9761305105435292,0.0037287973169917834
7394,1909820294,16,16.256909952306664,14.52369069642086,0.9761305105435292,0.0037287973169917834
7395,1573707629,21,19.24008291279524,17.9764120707178,0.9761305105435292,0.0037287973169917834
7396,558771174,15,15.352534539296126,16.75978826457465,0.9761305105435292,0.0037287973169917834
7397,3473742697,17,17.152893303099404,16.665999889867326,0.9761305105435292,0.0037287973169917834
7398,863280169,15,15.694954506657846,16.09319517458668,0.9761305105435292,0.0037287973169917834
7399,3565495422,15,14.592498029700517,14.923169662634493,0.9761305105435292,0.0037287973169917834
7400,3756986722,19,19.713903225341777,17.467946059024626,0.9761305105435292,0.0037287973169917834
7401,913751151,20,20.842743943258245,15.568488183316603,0.9761305105435292,0.0037287973169917834
7402,1709624024,17,16.92580711726911,14.255524649349576,0.9761305105435292,0.0037287973169917834
7403,1982026906,15,14.840913294272088,14.578800335292698,0.9761305105435292,0.0037287973169917834
7404,1218553034,12,10.857250828027695,15.17872138068031,0.9761305105435292,0.0037287973169917834
7405,1075747599,14,14.524483057923572,13.728028087424466,0.9761305105435292,0.0037287973169917834
7406,2125988380,14,14.287139411388399,16.45656074673817,0.9761305105435292,0.0037287973169917834
7407,1471843486,18,18.420571558729694,14.585786923624948,0.9761305105435292,0.0037287973169917834
7408,2588725920,13,12.642219668803094,15.819802350590143,0.9761305105435292,0.0037287973169917834
7409,4197062210,14,14.313513178422644,15.023403388568667,0.9761305105435292,0.0037287973169917834
7410,249083267,15,14.242492674360884,16.68485164919202,0.9761305105435292,0.0037287973169917834
7411,2629820282,23,24.540850798768275,16.46048513243003,0.9761305105435292,0.0037287973169917834
7412,2835150098,17,16.35209500952933,16.304007171463876,0.9761305105435292,0.0037287973169917834
7413,1417596796,20,20.97995955770189,17.085669307809155,0.9761305105435292,0.0037287973169917834
7414,1347584005,8,7.437055861590572,16.828177021294056,0.9761305105435292,0.0037287973169917834
7415,6533685,12,12.309306063190087,15.98967069701935,0.9761305105435292,0.0037287973169917834
7416,3901425205,14,12.86560155670602,17.109092586613123,0.9761305105435292,0.0037287973169917834
7417,3129970378,18,18.17399930757007,16.867845720829514,0.9761305105435292,0.0037287973169917834
7418,926259096,17,17.22720092396076,16.369746346827583,0.9761305105435292,0.0037287973169917834
7419,2881089435,22,22.841708172262663,14.941915068854595,0.9761305105435292,0.0037287973169917834
7420,1360256345,16,17.20761967151592,15.758813844224957,0.9761305105435292,0.0037287973169917834
7421,148635162,17,17.363492398326223,16.69269113484551,0.9761305105435292,0.0037287973169917834
7422,826726986,14,13.817150039491741,16.660825084684443,0.9761305105435292,0.0037287973169917834
7423,1951686069,17,17.206875355139964,15.187703967154079,0.9761305105435292,0.0037287973169917834
7424,852826808,15,14.436464727036732,15.506837133984785,0.9761305105435292,0.0037287973169917834
7425,821130171,18,18.333929078191886,16.209503886860723,0.9761305105435292,0.0037287973169917834
7426,771476811,20,18.632180723872967,15.275922636657029,0.9761305105435292,0.0037287973169917834
7427,3512985583,21,20.355567582319573,15.84804038296831,0.9761305105435292,0.0037287973169917834
7428,1391456353,17,15.682504497217877,16.58955913566297,0.9761305105435292,0.0037287973169917834
7429,3513243826,17,17.570719671430197,17.840815530717,0.9761305105435292,0.0037287973169917834
7430,1460793925,15,15.174579523438183,14.380245750874565,0.9761305105435292,0.0037287973169917834
7431,4005856450,14,14.393814491312034,17.360375421788536,0.9761305105435292,0.0037287973169917834
7432,3966672709,19,19.45933485542566,15.778675673310946,0.9761305105435292,0.0037287973169917834
7433,2670557736,17,16.551398510311568,16.247997875473615,0.9761305105435292,0.0037287973169917834
7434,1600848672,14,13.980199691592293,17.510503885672836,0.9761305105435292,0.0037287973169917834
7435,2552413796,14,14.647699606773779,17.615601059165662,0.9761305105435292,0.0037287973169917834
7436,589212124,16,15.231030987343663,15.951918985569463,0.9761305105435292,0.0037287973169917834
7437,3184778519,21,20.35420085024969,15.173547427803665,0.9761305105435292,0.0037287973169917834
7438,1505909878,16,16.329186517144635,18.279145748915926,0.9761305105435292,0.0037287973169917834
7439,4145695644,18,18.692408367301077,17.466761896682904,0.9761305105435292,0.0037287973169917834
7440,3749227755,21,20.391910960801845,15.894580338735773,0.9761305105435292,0.0037287973169917834
7441,3300453750,18,18.266935886230364,15.660181401539527,0.9761305105435292,0.0037287973169917834
7442,4028016454,15,15.400760583368182,16.577040208143362,0.9761305105435292,0.0037287973169917834
7443,2169964020,14,13.235688823710571,15.199883991625896,0.9761305105435292,0.0037287973169917834
7444,1284631904,14,13.595241889657009,15.450857343920372,0.9761305105435292,0.0037287973169917834
7445,3631327634,15,15.643858132205981,17.96094250604706,0.9761305105435292,0.0037287973169917834
7446,3968842414,20,19.9254628461529,17.04294716876786,0.9761305105435292,0.0037287973169917834
7447,2421577839,15,15.114694295247991,14.808438961244486,0.9761305105435292,0.0037287973169917834
7448,30249574,13,13.709265334491121,15.59620057520886,0.9761305105435292,0.0037287973169917834
7449,4033347085,19,19.970909808290934,16.59803937065069,0.9761305105435292,0.0037287973169917834
7450,4160480132,21,21.142610004586462,15.908381192961912,0.9761305105435292,0.0037287973169917834
7451,2290372651,10,10.051768617288975,15.77586301680625,0.9761305105435292,0.0037287973169917834
7452,1610664059,11,11.096237047608493,14.940664796666004,0.9761305105435292,0.0037287973169917834
7453,1284332576,12,12.955078076069807,15.025719311426462,0.9761305105435292,0.0037287973169917834
7454,964425907,20,20.47930349847717,15.34415567626518,0.9761305105435292,0.0037287973169917834
7455,2945216945,17,16.02388122559551,15.90504760079423,0.9761305105435292,0.0037287973169917834
7456,3343535255,16,16.622077245671065,16.575259999155737,0.9761305105435292,0.0037287973169917834
7457,1148347557,13,13.046051070311188,18.61642805209377,0.9761305105435292,0.0037287973169917834
7458,3145680717,21,21.439486457427588,15.43892480575806,0.9761305105435292,0.0037287973169917834
7459,3641390079,20,19.72951722504879,16.741062281302334,0.9761305105435292,0.0037287973169917834
7460,3637937406,18,18.23238663024535,14.681470659515861,0.9761305105435292,0.0037287973169917834
7461,649015235,18,18.612338969051002,18.023748271720425,0.9761305105435292,0.0037287973169917834
7462,3406847259,15,15.109645851927983,17.928163705282678,0.9761305105435292,0.0037287973169917834
7463,3836763667,15,15.061921984871976,16.11295148642314,0.9761305105435292,0.0037287973169917834
7464,2588941043,15,14.711475185364176,17.08395230698045,0.9761305105435292,0.0037287973169917834
7465,3253224482,11,10.003358178913675,15.38973926031451,0.9761305105435292,0.0037287973169917834
7466,318792146,10,9.509055527183573,14.258367558610676,0.9761305105435292,0.0037287973169917834
7467,1608732238,19,19.69503560509737,16.01874423681488,0.9761305105435292,0.0037287973169917834
7468,3889528277,22,22.67359645601349,13.815155615349763,0.9761305105435292,0.0037287973169917834
7469,1365957756,17,16.773321541226988,15.605264883460146,0.9761305105435292,0.0037287973169917834
7470,2596206848,16,15.722800173581428,16.90783596238487,0.9761305105435292,0.0037287973169917834
7471,1438969176,16,16.178628846137357,16.250866213380217,0.9761305105435292,0.0037287973169917834
7472,3084639257,20,20.649769222979824,15.0347968368143,0.9761305105435292,0.0037287973169917834
7473,3503535748,15,14.653724700016387,16.53059696177797,0.9761305105435292,0.0037287973169917834
7474,1768687936,11,10.264644316913154,14.656207074600857,0.9761305105435292,0.0037287973169917834
7475,4179604360,18,18.2418650984691,16.465652480604756,0.9761305105435292,0.0037287973169917834
7476,549733250,9,7.870691201252599,17.50848777379131,0.9761305105435292,0.0037287973169917834
7477,604032526,10,9.860912664674668,14.490313001526024,0.9761305105435292,0.0037287973169917834
7478,2513368890,20,19.27060784219235,17.266530648351367,0.9761305105435292,0.0037287973169917834
7479,1006130583,19,19.96280899552887,15.52918499273326,0.9761305105435292,0.0037287973169917834
7480,2055065659,19,19.541516252744863,15.052845492878543,0.9761305105435292,0.0037287973169917834
7481,383215785,16,15.736749143254798,18.147597654481096,0.9761305105435292,0.0037287973169917834
7482,3307520032,9,7.555834925573154,16.82504895606224,0.9761305105435292,0.0037287973169917834
7483,1758437445,14,14.368469156212928,16.8338215578524,0.9761305105435292,0.0037287973169917834
7484,4072907899,18,18.7966805743448,15.735755429301673,0.9761305105435292,0.0037287973169917834
7485,2678792134,20,19.89919292210891,16.634363114150617,0.9761305105435292,0.0037287973169917834
7486,1436508221,17,17.976513932714823,14.542687464398583,0.9761305105435292,0.0037287973169917834
7487,1083495257,13,12.74603192416249,13.74635590695687,0.9761305105435292,0.0037287973169917834
7488,1489971761,15,14.551451963793165,16.98054463552831,0.9761305105435292,0.0037287973169917834
7489,4186320371,19,19.302702731637336,15.521788944438464,0.9761305105435292,0.0037287973169917834
7490,2755404965,13,13.392127498314682,15.950414447384095,0.9761305105435292,0.0037287973169917834
7491,1609892450,16,16.69268445640902,15.423371905961059,0.9761305105435292,0.0037287973169917834
7492,819285835,16,16.546158545724175,15.857792539060696,0.9761305105435292,0.0037287973169917834
7493,3025840328,14,12.200379398126973,15.395039225122497,0.9761305105435292,0.0037287973169917834
7494,525052064,14,14.424270350189968,14.899422389861638,0.9761305105435292,0.0037287973169917834
7495,3545260160,10,9.714090805975697,15.240154449133112,0.9761305105435292,0.0037287973169917834
7496,1418518270,19,19.365743724092265,15.106444356652892,0.9761305105435292,0.0037287973169917834
7497,824171752,17,18.64215560414359,15.647004098296701,0.9761305105435292,0.0037287973169917834
7498,876839898,14,14.322121400103786,15.827381555150833,0.9761305105435292,0.0037287973169917834
7499,2506363649,11,10.924273222406809,15.938883659469402,0.9761305105435292,0.0037287973169917834
7500,3474960813,20,20.53098830408687,18.284048384140107,0.9761305105435292,0.0037287973169917834
7501,2724162372,16,16.242852296277402,15.954917203963822,0.9761305105435292,0.0037287973169917834
7502,2270829795,16,15.570842943905774,16.23873868860095,0.9761305105435292,0.0037287973169917834
7503,1897660068,18,18.102765364513424,16.631294075680724,0.9761305105435292,0.0037287973169917834
7504,237171891,15,14.537639776769272,15.512788194677963,0.9761305105435292,0.0037287973169917834
7505,206796772,16,15.65191181199233,14.848819389634503,0.9761305105435292,0.0037287973169917834
7506,3900296207,17,16.522320971656733,18.165297249046166,0.9761305105435292,0.0037287973169917834
7507,2936863774,18,18.471610814555593,16.0268449520373,0.9761305105435292,0.0037287973169917834
7508,3583381215,19,19.835080514440772,16.039383192548645,0.9761305105435292,0.0037287973169917834
7509,130404400,12,11.789319914929589,15.958333203541383,0.9761305105435292,0.0037287973169917834
7510,2922375184,15,14.947387299597759,17.288962452928416,0.9761305105435292,0.0037287973169917834
7511,1195831679,19,18.377672392040143,13.96305135103449,0.9761305105435292,0.0037287973169917834
7512,1875677509,16,16.80985132732305,17.618413937176143,0.9761305105435292,0.0037287973169917834
7513,2019253961,18,17.75577434774629,16.134176625388438,0.9761305105435292,0.0037287973169917834
7514,60183065,12,11.268008016221824,14.756388714568706,0.9761305105435292,0.0037287973169917834
7515,1997692518,17,17.750311493365707,16.917269032910852,0.9761305105435292,0.0037287973169917834
7516,4086871100,17,18.400374341751757,16.892864985747906,0.9761305105435292,0.0037287973169917834
7517,2939091893,22,22.36510126369951,16.29294151054383,0.9761305105435292,0.0037287973169917834
7518,1254590619,15,15.978126643066622,16.084081267593376,0.9761305105435292,0.0037287973169917834
7519,3385480332,14,13.883276788591052,14.561058454856484,0.9761305105435292,0.0037287973169917834
7520,981766105,16,15.470512368596626,14.556989322834331,0.9761305105435292,0.0037287973169917834
7521,2159099725,15,15.41967657335319,15.494662228795244,0.9761305105435292,0.0037287973169917834
7522,1066401455,24,23.434328657579904,14.674194832380124,0.9761305105435292,0.0037287973169917834
7523,1019119870,19,19.403241996051676,15.886974337899352,0.9761305105435292,0.0037287973169917834
7524,3416926153,17,16.543554352171743,16.228324896900293,0.9761305105435292,0.0037287973169917834
7525,190167538,17,18.365762916366073,15.650774973049476,0.9761305105435292,0.0037287973169917834
7526,2317893592,15,14.23009831600119,16.21458793089389,0.9761305105435292,0.0037287973169917834
7527,3052836320,18,17.438497704851454,17.30361360954005,0.9761305105435292,0.0037287973169917834
7528,534157915,19,19.3634270906125,17.667434417994844,0.9761305105435292,0.0037287973169917834
7529,2871468831,17,16.117716489883335,15.78980086020358,0.9761305105435292,0.0037287973169917834
7530,587689300,14,12.848832836223082,16.135358307561983,0.9761305105435292,0.0037287973169917834
7531,2418681711,15,15.366629939695665,16.8726356295057,0.9761305105435292,0.0037287973169917834
7532,3049411493,16,15.862849136737188,17.168598756831116,0.9761305105435292,0.0037287973169917834
7533,2520015366,12,13.19124383980074,15.809681343297111,0.9761305105435292,0.0037287973169917834
7534,1104832092,15,15.418574798094497,15.98077384145493,0.9761305105435292,0.0037287973169917834
7535,3463517622,17,17.35894263102775,16.692515806227707,0.9761305105435292,0.0037287973169917834
7536,2619581797,15,13.674862075842816,17.707441316280125,0.9761305105435292,0.0037287973169917834
7537,2377169072,14,13.873016046053834,15.931093803269462,0.9761305105435292,0.0037287973169917834
7538,2484510676,16,16.62579954270124,15.706417308726419,0.9761305105435292,0.0037287973169917834
7539,2305648458,16,16.367836909572006,16.210355240568123,0.9761305105435292,0.0037287973169917834
7540,1034129132,18,17.69196661747924,16.20443897027595,0.9761305105435292,0.0037287973169917834
7541,3423814372,13,12.143877615938433,17.762861397715685,0.9761305105435292,0.0037287973169917834
7542,2856260968,16,15.823158015294217,16.235420495746475,0.9761305105435292,0.0037287973169917834
7543,241031567,18,18.763179831430605,16.202542019743717,0.9761305105435292,0.0037287973169917834
7544,609929299,13,12.5337280814997,14.93068865107665,0.9761305105435292,0.0037287973169917834
7545,1665255189,14,14.151594719184962,16.76703119386115,0.9761305105435292,0.0037287973169917834
7546,1857646938,18,17.14979010362705,14.364748754789895,0.9761305105435292,0.0037287973169917834
7547,2732059446,19,19.362020004168226,16.13601305944167,0.9761305105435292,0.0037287973169917834
7548,846841552,15,15.079063988708745,17.264960124975676,0.9761305105435292,0.0037287973169917834
7549,1024754494,15,15.52651106240327,15.756726793344276,0.9761305105435292,0.0037287973169917834
7550,3256113275,14,15.575130687674337,13.606145506710613,0.9761305105435292,0.0037287973169917834
7551,3668326071,19,18.592681560123975,14.701596934818607,0.9761305105435292,0.0037287973169917834
7552,660844128,15,14.734618081338322,16.924698656425146,0.9761305105435292,0.0037287973169917834
7553,4032355164,17,16.41097937461881,15.783682107312694,0.9761305105435292,0.0037287973169917834
7554,1667807304,13,13.052827599694822,15.846912387092363,0.9761305105435292,0.0037287973169917834
7555,3417950042,19,18.804160408667038,15.618771973821818,0.9761305105435292,0.0037287973169917834
7556,205131849,10,9.977821261647835,16.589490381912363,0.9761305105435292,0.0037287973169917834
7557,1364281708,13,14.303832092442175,16.33310490701576,0.9761305105435292,0.0037287973169917834
7558,4058610156,20,20.049566768605377,15.79028231228865,0.9761305105435292,0.0037287973169917834
7559,3302629526,13,12.889176243751965,15.610921806830024,0.9761305105435292,0.0037287973169917834
7560,2140571569,19,19.328197268842995,15.206235214604817,0.9761305105435292,0.0037287973169917834
7561,975181380,10,10.051174084780133,16.156118600656463,0.9761305105435292,0.0037287973169917834
7562,3047693357,15,15.6535788029426,15.53172917579127,0.9761305105435292,0.0037287973169917834
7563,4186372127,19,19.011250139904032,13.858294538618097,0.9761305105435292,0.0037287973169917834
7564,1371164718,14,13.587658258071695,16.931324868090698,0.9761305105435292,0.0037287973169917834
7565,2796066642,15,14.924542655901751,16.362050585344583,0.9761305105435292,0.0037287973169917834
7566,1745587497,13,13.128884047276504,16.203630258453995,0.9761305105435292,0.0037287973169917834
7567,1947474588,13,12.332827722712302,15.857965437980445,0.9761305105435292,0.0037287973169917834
7568,2087383708,18,18.55395975248152,16.755786182261183,0.9761305105435292,0.0037287973169917834
7569,702693120,13,12.670975210210448,15.832843410327262,0.9761305105435292,0.0037287973169917834
7570,2795623548,16,16.695449499206862,16.271241119892156,0.9761305105435292,0.0037287973169917834
7571,2414967233,18,17.319836075937854,16.549831858602893,0.9761305105435292,0.0037287973169917834
7572,2417498776,10,9.343025093347439,16.310163170346204,0.9761305105435292,0.0037287973169917834
7573,1210222662,9,9.922131104321808,16.230717948676386,0.9761305105435292,0.0037287973169917834
7574,1984634227,18,18.464982954456516,16.147453137435463,0.9761305105435292,0.0037287973169917834
7575,2292941013,13,13.342159935888887,14.438596935739804,0.9761305105435292,0.0037287973169917834
7576,3283893057,16,15.704519937377906,18.23100304566471,0.9761305105435292,0.0037287973169917834
7577,1220715716,11,11.693320164742046,16.411647788030603,0.9761305105435292,0.0037287973169917834
7578,4110512970,15,14.007780499421404,15.099991745894105,0.9761305105435292,0.0037287973169917834
7579,2837918665,16,17.070319518894745,15.95324514600691,0.9761305105435292,0.0037287973169917834
7580,2558461772,16,15.72616508095884,16.868072375780624,0.9761305105435292,0.0037287973169917834
7581,2645541108,18,18.815109986738065,17.290026479501165,0.9761305105435292,0.0037287973169917834
7582,3504456668,16,15.847828210106325,16.526998325188767,0.9761305105435292,0.0037287973169917834
7583,3278796857,17,17.72622669150662,17.693900445150415,0.9761305105435292,0.0037287973169917834
7584,727515398,12,12.613790119956224,16.77688955936132,0.9761305105435292,0.0037287973169917834
7585,2284882063,11,9.886327638977129,17.815897646004057,0.9761305105435292,0.0037287973169917834
7586,1068136490,17,16.894475917036395,15.60089366428439,0.9761305105435292,0.0037287973169917834
7587,1226959449,14,13.772135928224078,17.808339241127534,0.9761305105435292,0.0037287973169917834
7588,1288545757,18,17.75544050780226,13.737450208232508,0.9761305105435292,0.0037287973169917834
7589,3521118355,11,12.125542685523467,14.045769797485045,0.9761305105435292,0.0037287973169917834
7590,3586598643,19,18.94040202503071,16.06671497264847,0.9761305105435292,0.0037287973169917834
7591,436241391,13,12.221009258196261,17.120095669719845,0.9761305105435292,0.0037287973169917834
7592,1989886293,16,15.478329390373693,16.264618286885817,0.9761305105435292,0.0037287973169917834
7593,1547796343,19,19.634490308804793,16.956246224201266,0.9761305105435292,0.0037287973169917834
7594,1967591872,13,13.732574716255929,15.616030194926372,0.9761305105435292,0.0037287973169917834
7595,962990307,14,13.652038129511178,17.45165592616796,0.9761305105435292,0.0037287973169917834
7596,1608278945,18,18.166757642576826,14.080049339480393,0.9761305105435292,0.0037287973169917834
7597,2638381214,13,12.910969010717603,15.3365864136509,0.9761305105435292,0.0037287973169917834
7598,2432913238,14,14.044778094634832,15.277102227991538,0.9761305105435292,0.0037287973169917834
7599,860546424,16,16.212993912736767,16.16005528030142,0.9761305105435292,0.0037287973169917834
7600,1456469443,20,19.697546177938488,13.540142645439593,0.9761305105435292,0.0037287973169917834
7601,2635959347,16,15.280631943454797,16.1004249753499,0.9761305105435292,0.0037287973169917834
7602,2476778020,11,11.388330806960067,14.89262210926338,0.9761305105435292,0.0037287973169917834
7603,3409371677,17,16.848506904555244,14.988322092265687,0.9761305105435292,0.0037287973169917834
7604,382639706,17,16.965194001206854,14.198468469204778,0.9761305105435292,0.0037287973169917834
7605,3273302245,14,14.6206511344229,15.952445257945561,0.9761305105435292,0.0037287973169917834
7606,2373499140,14,14.264586705626462,16.235128549236595,0.9761305105435292,0.0037287973169917834
7607,3392739612,14,13.816321478624365,16.856781960163588,0.9761305105435292,0.0037287973169917834
7608,3708575792,12,11.136872321027052,16.608357848895803,0.9761305105435292,0.0037287973169917834
7609,996250730,15,14.47969217220962,17.036048237742055,0.9761305105435292,0.0037287973169917834
7610,3684921700,17,16.846500996491695,17.59303864025342,0.9761305105435292,0.0037287973169917834
7611,2639412577,16,16.038006508182274,16.690580191445015,0.9761305105435292,0.0037287973169917834
7612,3794892834,13,12.982002565939677,16.049916019922257,0.9761305105435292,0.0037287973169917834
7613,3378884955,17,17.085037362944167,14.753478079087014,0.9761305105435292,0.0037287973169917834
7614,3993257150,15,14.641456718314936,16.258696773924836,0.9761305105435292,0.0037287973169917834
7615,1309790051,16,15.867193211393197,16.69345590750569,0.9761305105435292,0.0037287973169917834
7616,1472003099,20,20.348855590130803,15.641419386221992,0.9761305105435292,0.0037287973169917834
7617,3743622960,16,16.44245725189508,16.430749386358183,0.9761305105435292,0.0037287973169917834
7618,424529353,16,16.17503993054581,15.467440607510525,0.9761305105435292,0.0037287973169917834
7619,4125912340,18,18.243516694171433,15.94927989360979,0.9761305105435292,0.0037287973169917834
7620,3027792849,17,16.642221344341852,15.68592284167789,0.9761305105435292,0.0037287973169917834
7621,2234259560,11,10.636775033517264,16.494514336245437,0.9761305105435292,0.0037287973169917834
7622,3097671769,15,15.964397403910578,16.69602622200524,0.9761305105435292,0.0037287973169917834
7623,1245577104,18,17.47498685476494,15.21513137850332,0.9761305105435292,0.0037287973169917834
7624,4049577988,15,15.991965541066858,16.850925727705395,0.9761305105435292,0.0037287973169917834
7625,3117764775,17,16.85770237900553,14.664452465417508,0.9761305105435292,0.0037287973169917834
7626,40797579,13,13.432244547264238,15.73350975272146,0.9761305105435292,0.0037287973169917834
7627,1003320176,18,18.327594449166284,15.57804553337498,0.9761305105435292,0.0037287973169917834
7628,4259057109,20,19.625180267980948,16.134726120302965,0.9761305105435292,0.0037287973169917834
7629,1851983540,15,14.209843491753452,16.25798624868809,0.9761305105435292,0.0037287973169917834
7630,544145550,11,10.18556540071706,17.796486265507887,0.9761305105435292,0.0037287973169917834
7631,1135545774,17,17.825418142380133,17.313924047807696,0.9761305105435292,0.0037287973169917834
7632,2671716772,18,17.514659740952105,18.22632586859662,0.9761305105435292,0.0037287973169917834
7633,777458107,17,16.499443168493098,16.65127930717556,0.9761305105435292,0.0037287973169917834
7634,3773674683,19,18.722250854824026,18.0969267539536,0.9761305105435292,0.0037287973169917834
7635,3194144261,15,15.859418855505249,15.7573325772179,0.9761305105435292,0.0037287973169917834
7636,3126456123,21,21.640358942452703,14.721934762628678,0.9761305105435292,0.0037287973169917834
7637,1532118681,15,14.82998402824455,15.524289995834746,0.9761305105435292,0.0037287973169917834
7638,1749392138,13,12.261482543481993,15.693512895044716,0.9761305105435292,0.0037287973169917834
7639,3533885125,16,16.007787760339657,15.979216905167423,0.9761305105435292,0.0037287973169917834
7640,3813174353,14,13.788723507984063,14.558775981441247,0.9761305105435292,0.0037287973169917834
7641,2943162795,19,19.82064124354063,16.18758346772242,0.9761305105435292,0.0037287973169917834
7642,2609692695,14,13.839700802057582,16.548401590535757,0.9761305105435292,0.0037287973169917834
7643,3295961080,18,17.89667490139858,12.974556319844211,0.9761305105435292,0.0037287973169917834
7644,3394234788,17,16.884459689672987,14.394759854623041,0.9761305105435292,0.0037287973169917834
7645,379620338,14,13.860357635880291,13.372238472790519,0.9761305105435292,0.0037287973169917834
7646,2114877093,18,19.084131730434564,14.591771080538772,0.9761305105435292,0.0037287973169917834
7647,847057942,14,13.754568124634229,14.269215821640245,0.9761305105435292,0.0037287973169917834
7648,1025842183,14,14.784588358639311,15.94943947542954,0.9761305105435292,0.0037287973169917834
7649,2439251496,10,9.333499706159083,16.214993855687872,0.9761305105435292,0.0037287973169917834
7650,409572263,15,14.500232624203523,15.043480387850263,0.9761305105435292,0.0037287973169917834
7651,2044812947,18,18.339055739952723,16.423654467810955,0.9761305105435292,0.0037287973169917834
7652,500819793,18,17.945648250848286,15.78220890362179,0.9761305105435292,0.0037287973169917834
7653,1834360577,15,15.396614070221954,16.114420290389756,0.9761305105435292,0.0037287973169917834
7654,3375047200,11,10.61841441828606,16.185848172357332,0.9761305105435292,0.0037287973169917834
7655,3521016224,16,15.143605484823334,15.821982512702018,0.9761305105435292,0.0037287973169917834
7656,4260639433,19,19.92096205005671,16.314787396947576,0.9761305105435292,0.0037287973169917834
7657,167128394,15,14.170950553255896,13.838313418831309,0.9761305105435292,0.0037287973169917834
7658,1789819764,19,18.172207026200745,16.591442119078273,0.9761305105435292,0.0037287973169917834
7659,524461347,14,14.646400612220626,15.354721709282078,0.9761305105435292,0.0037287973169917834
7660,4092294834,21,21.177081448964646,17.122088644250006,0.9761305105435292,0.0037287973169917834
7661,1055048727,16,15.542666729543171,17.735432776424187,0.9761305105435292,0.0037287973169917834
7662,1228516068,15,14.70057705288336,14.348054074134884,0.9761305105435292,0.0037287973169917834
7663,3641903321,14,14.859131159482606,14.903795814398176,0.9761305105435292,0.0037287973169917834
7664,2450987018,11,10.681177324374675,17.761442633796158,0.9761305105435292,0.0037287973169917834
7665,1649741400,13,13.301579309518157,16.595426803445918,0.9761305105435292,0.0037287973169917834
7666,3244760113,14,13.400812341402773,15.041660794664367,0.9761305105435292,0.0037287973169917834
7667,361062281,15,14.25764155225411,16.618217787393917,0.9761305105435292,0.0037287973169917834
7668,928549568,13,13.030120197694298,15.434669907691116,0.9761305105435292,0.0037287973169917834
7669,2868948996,9,9.449499647809478,16.128647757855713,0.9761305105435292,0.0037287973169917834
7670,241303904,9,9.655689669010517,14.409191597691887,0.9761305105435292,0.0037287973169917834
7671,197606652,18,17.163945686382895,16.23398478036891,0.9761305105435292,0.0037287973169917834
7672,456781949,18,18.557205338180033,16.297907554915465,0.9761305105435292,0.0037287973169917834
7673,3999247669,21,21.444147314953778,15.824794964812918,0.9761305105435292,0.0037287973169917834
7674,2035904722,16,16.656602062917536,14.307592494676177,0.9761305105435292,0.0037287973169917834
7675,967285270,16,15.807671971156932,15.751081960567983,0.9761305105435292,0.0037287973169917834
7676,3060072270,20,20.069006833712493,16.04379404373316,0.9761305105435292,0.0037287973169917834
7677,2456156103,19,19.036595912922714,14.951951813653233,0.9761305105435292,0.0037287973169917834
7678,260936821,16,15.38630949198311,16.181221704875078,0.9761305105435292,0.0037287973169917834
7679,1409925909,12,11.515118433409263,17.099639087761172,0.9761305105435292,0.0037287973169917834
7680,830288116,16,15.828132543032126,13.783927403107839,0.9761305105435292,0.0037287973169917834
7681,2933651921,21,21.176568236053424,15.349774253944187,0.9761305105435292,0.0037287973169917834
7682,523527543,18,17.40523556401022,18.21612122865518,0.9761305105435292,0.0037287973169917834
7683,292628634,12,11.160878714152748,14.70821290277343,0.9761305105435292,0.0037287973169917834
7684,4265595949,21,21.159767791043162,18.610125345132438,0.9761305105435292,0.0037287973169917834
7685,4065361512,16,15.130120644016898,14.957986822724735,0.9761305105435292,0.0037287973169917834
7686,3902385033,16,15.918801416432405,16.79275228733577,0.9761305105435292,0.0037287973169917834
7687,2207222405,14,13.476791004233425,16.68254506042037,0.9761305105435292,0.0037287973169917834
7688,1739082831,16,16.105142938344727,17.035975424750127,0.9761305105435292,0.0037287973169917834
7689,3339249284,13,13.098911750239239,16.004054012784827,0.9761305105435292,0.0037287973169917834
7690,3517283047,19,18.356448124147683,15.288302427281085,0.9761305105435292,0.0037287973169917834
7691,2154032611,16,16.72709281194744,16.251390386503026,0.9761305105435292,0.0037287973169917834
7692,2195485380,14,15.862334611404682,16.43301256578988,0.9761305105435292,0.0037287973169917834
7693,2955168857,12,12.069673637994587,17.682043998333874,0.9761305105435292,0.0037287973169917834
7694,3389967390,15,15.312688395677336,14.407058103631153,0.9761305105435292,0.0037287973169917834
7695,2163053882,15,14.1411732846924,17.71543877978771,0.9761305105435292,0.0037287973169917834
7696,1066424066,14,14.147531476179708,16.102575747054754,0.9761305105435292,0.0037287973169917834
7697,3202536401,19,19.357781476769595,17.245079183896216,0.9761305105435292,0.0037287973169917834
7698,195339565,14,14.484632415130914,16.333486449186953,0.9761305105435292,0.0037287973169917834
7699,3004576825,15,13.933467846852466,16.949379693660486,0.9761305105435292,0.0037287973169917834
7700,2575956576,15,15.849191048312836,15.775592431378874,0.9761305105435292,0.0037287973169917834
7701,3480299945,17,17.31754638022618,15.779266424926465,0.9761305105435292,0.0037287973169917834
7702,3418855541,18,17.96910302973756,15.811405383321368,0.9761305105435292,0.0037287973169917834
7703,70894191,14,13.81226805486661,17.160605372850277,0.9761305105435292,0.0037287973169917834
7704,1605645020,18,18.247156546605385,15.76527574968502,0.9761305105435292,0.0037287973169917834
7705,1728289323,15,15.491735881346917,16.502548867086276,0.9761305105435292,0.0037287973169917834
7706,163234116,12,11.924279420801563,16.60033165224122,0.9761305105435292,0.0037287973169917834
7707,2555541797,14,13.712051598244301,17.70672247168526,0.9761305105435292,0.0037287973169917834
7708,832274311,19,18.041755063733653,15.507151422535895,0.9761305105435292,0.0037287973169917834
7709,3587313676,12,11.698028485187772,16.03234524652479,0.9761305105435292,0.0037287973169917834
7710,2657413452,16,16.40319042549472,15.155524474845711,0.9761305105435292,0.0037287973169917834
7711,4172800472,19,18.346714438952596,15.981206072298358,0.9761305105435292,0.0037287973169917834
7712,413867172,13,13.303281699648556,16.04714908640736,0.9761305105435292,0.0037287973169917834
7713,2979216153,16,15.012346474565863,17.34395309071161,0.9761305105435292,0.0037287973169917834
7714,2835553953,13,13.181557598153574,14.585467622049276,0.9761305105435292,0.0037287973169917834
7715,4136463192,18,18.379106803864882,14.556077982700163,0.9761305105435292,0.0037287973169917834
7716,1503128427,20,19.329324707746313,16.16006329528066,0.9761305105435292,0.0037287973169917834
7717,2177047538,15,14.579548923476114,15.573033743974497,0.9761305105435292,0.0037287973169917834
7718,2490141574,14,13.433241274423754,17.162930099097384,0.9761305105435292,0.0037287973169917834
7719,635312662,15,14.437247447471853,15.34204102707444,0.9761305105435292,0.0037287973169917834
7720,2260875070,16,15.591379047678434,17.847118566124927,0.9761305105435292,0.0037287973169917834
7721,1212186123,12,12.353729431057195,15.211551496271628,0.9761305105435292,0.0037287973169917834
7722,4185285833,18,18.287763075119997,17.67634961120335,0.9761305105435292,0.0037287973169917834
7723,4247408272,16,17.623021294857658,17.383782785395532,0.9761305105435292,0.0037287973169917834
7724,1732121974,18,18.499770283957677,15.039328569729298,0.9761305105435292,0.0037287973169917834
7725,3685061193,16,16.42869245016529,15.497424185162554,0.9761305105435292,0.0037287973169917834
7726,773012954,17,15.874185601506335,16.105419657175453,0.9761305105435292,0.0037287973169917834
7727,3369781155,17,16.990411576106105,13.842186507349032,0.9761305105435292,0.0037287973169917834
7728,3719844043,17,16.257436540624347,15.79255471689898,0.9761305105435292,0.0037287973169917834
7729,3095156029,18,18.398534852311663,13.728810112687029,0.9761305105435292,0.0037287973169917834
7730,3391261008,11,10.460767777329082,15.711992702197843,0.9761305105435292,0.0037287973169917834
7731,685780198,13,13.352217877639475,14.537033504537387,0.9761305105435292,0.0037287973169917834
7732,234472583,16,16.030343889872523,16.893907514822796,0.9761305105435292,0.0037287973169917834
7733,4240312015,20,19.188967172698945,14.966139131005937,0.9761305105435292,0.0037287973169917834
7734,343844235,16,15.664651169880774,15.456657586348275,0.9761305105435292,0.0037287973169917834
7735,2692193586,16,15.17283162497095,13.397727746813649,0.9761305105435292,0.0037287973169917834
7736,2861068267,18,17.428097822647423,16.00778451880787,0.9761305105435292,0.0037287973169917834
7737,3370631085,21,20.891296640353286,15.437201937900927,0.9761305105435292,0.0037287973169917834
7738,3643616928,15,13.769835234437604,16.098735921304296,0.9761305105435292,0.0037287973169917834
7739,2534590900,15,14.076096742990714,15.204601044954396,0.9761305105435292,0.0037287973169917834
7740,285051022,14,13.81681840406965,15.404947796882457,0.9761305105435292,0.0037287973169917834
7741,1978026951,19,18.012981709833532,15.597513377395908,0.9761305105435292,0.0037287973169917834
7742,429821273,16,16.114166251368307,17.00765112406209,0.9761305105435292,0.0037287973169917834
7743,2494125878,16,16.18645890436651,15.973068263285517,0.9761305105435292,0.0037287973169917834
7744,1833008707,16,16.74271940380627,16.26740951327446,0.9761305105435292,0.0037287973169917834
7745,3511174058,13,13.50452443071649,16.138591841053497,0.9761305105435292,0.0037287973169917834
7746,1715145828,14,14.259996317655853,15.994366727700491,0.9761305105435292,0.0037287973169917834
7747,3930082952,12,11.686192693479814,16.936396800837343,0.9761305105435292,0.0037287973169917834
7748,687400825,18,18.18580113142879,16.431826476006567,0.9761305105435292,0.0037287973169917834
7749,2657826213,18,17.211841892236045,16.874951590664708,0.9761305105435292,0.0037287973169917834
7750,3582775563,15,15.832110332840193,16.377733158342785,0.9761305105435292,0.0037287973169917834
7751,3153034864,22,23.40182547149454,14.400011064707453,0.9761305105435292,0.0037287973169917834
7752,2286362724,10,10.65483258694147,15.469824771903717,0.9761305105435292,0.0037287973169917834
7753,1286156126,17,17.799319084447234,14.528784266076283,0.9761305105435292,0.0037287973169917834
7754,818464580,12,11.715361936225099,16.067309667955534,0.9761305105435292,0.0037287973169917834
7755,3913809039,20,19.619137384540444,18.115720861771315,0.9761305105435292,0.0037287973169917834
7756,623227143,13,12.97025516586965,16.257958660562856,0.9761305105435292,0.0037287973169917834
7757,1933632637,16,16.39421493696934,14.720281216812316,0.9761305105435292,0.0037287973169917834
7758,2872750200,16,15.84613053389867,15.981703051952337,0.9761305105435292,0.0037287973169917834
7759,2733845138,15,13.977538463456066,17.560000672043266,0.9761305105435292,0.0037287973169917834
7760,2840487956,13,13.845380159128377,15.288925829512454,0.9761305105435292,0.0037287973169917834
7761,2226039618,14,14.292055960085847,15.465138546107772,0.9761305105435292,0.0037287973169917834
7762,3237977193,18,18.852742327707894,14.886775609862053,0.9761305105435292,0.0037287973169917834
7763,1577001627,20,19.71287824569106,15.206809807697889,0.9761305105435292,0.0037287973169917834
7764,3105311984,16,15.696498058189368,16.272056210423777,0.9761305105435292,0.0037287973169917834
7765,2934525354,18,18.572517399943283,16.431471665528626,0.9761305105435292,0.0037287973169917834
7766,1572073550,18,19.516874500230447,15.98448373099367,0.9761305105435292,0.0037287973169917834
7767,227824541,15,14.020398494830138,17.979612009170438,0.9761305105435292,0.0037287973169917834
7768,1437017530,17,17.03020673689255,14.7828359725958,0.9761305105435292,0.0037287973169917834
7769,2935591502,18,16.75810696773164,16.52292886733259,0.9761305105435292,0.0037287973169917834
7770,1105244785,13,12.597316987464286,17.26151178486736,0.9761305105435292,0.0037287973169917834
7771,1394944262,12,10.20108351054824,18.259840557272273,0.9761305105435292,0.0037287973169917834
7772,1581761162,15,14.092250568859004,16.91217620812269,0.9761305105435292,0.0037287973169917834
7773,1865461290,16,15.150501035198369,15.666653652918617,0.9761305105435292,0.0037287973169917834
7774,1028712836,14,14.15526796636836,15.63388013676131,0.9761305105435292,0.0037287973169917834
7775,3965813703,16,16.060581129690483,16.31667027130664,0.9761305105435292,0.0037287973169917834
7776,2379128363,18,18.05600385224215,16.19780423821796,0.9761305105435292,0.0037287973169917834
7777,4233969119,23,23.116077513638984,15.485947100097587,0.9761305105435292,0.0037287973169917834
7778,2680347436,18,17.09531491165254,15.869599695014449,0.9761305105435292,0.0037287973169917834
7779,2713551748,14,13.772200065117678,16.805466215634812,0.9761305105435292,0.0037287973169917834
7780,1640215355,17,18.071586517877805,16.214957100700023,0.9761305105435292,0.0037287973169917834
7781,1374133921,17,16.503073860443852,15.905416587201142,0.9761305105435292,0.0037287973169917834
7782,1655759069,15,14.071888999450092,14.646670087692215,0.9761305105435292,0.0037287973169917834
7783,2411982836,21,20.60575085419418,15.898261407914443,0.9761305105435292,0.0037287973169917834
7784,3057748420,13,12.143711765820289,15.4534991674363,0.9761305105435292,0.0037287973169917834
7785,664428617,13,13.718577670659073,14.824669887699107,0.9761305105435292,0.0037287973169917834
7786,1048946307,15,14.838228891559362,16.22853229315568,0.9761305105435292,0.0037287973169917834
7787,3124881571,15,14.725192274960307,17.830035311560852,0.9761305105435292,0.0037287973169917834
7788,2982725021,16,15.157898678050055,15.115529717852478,0.9761305105435292,0.0037287973169917834
7789,3461438236,16,15.646350451074374,15.70643246686555,0.9761305105435292,0.0037287973169917834
7790,959428272,17,17.811635935278552,16.361867586194734,0.9761305105435292,0.0037287973169917834
7791,411626738,14,14.419926822466007,14.9657598652796,0.9761305105435292,0.0037287973169917834
7792,2104653426,19,19.078454635487653,15.926312377151572,0.9761305105435292,0.0037287973169917834
7793,3530864850,16,17.135147457826985,13.903125576212366,0.9761305105435292,0.0037287973169917834
7794,3700418660,17,16.140229459272515,15.798946382857476,0.9761305105435292,0.0037287973169917834
7795,3992697798,23,23.70844933815345,17.308307601761506,0.9761305105435292,0.0037287973169917834
7796,1560076773,19,19.04604812801128,16.391310963524717,0.9761305105435292,0.0037287973169917834
7797,42369028,6,6.925292003306501,14.97519501094688,0.9761305105435292,0.0037287973169917834
7798,728654806,18,17.698556096561965,17.486806449306638,0.9761305105435292,0.0037287973169917834
7799,1699894585,15,14.557432658894806,16.748396446967742,0.9761305105435292,0.0037287973169917834
7800,3641175526,19,19.23081958234755,16.356624427072582,0.9761305105435292,0.0037287973169917834
7801,2177217095,14,14.573547197321826,16.48478737558283,0.9761305105435292,0.0037287973169917834
7802,4031140,10,10.410037550914709,15.145741501954708,0.9761305105435292,0.0037287973169917834
7803,87528757,15,14.699904779926262,17.491804292463076,0.9761305105435292,0.0037287973169917834
7804,1963375519,19,20.427163806563158,15.62959669699291,0.9761305105435292,0.0037287973169917834
7805,569059764,15,14.48022888824955,15.399412838238334,0.9761305105435292,0.0037287973169917834
7806,1836670164,18,17.650409370593856,14.952214014387133,0.9761305105435292,0.0037287973169917834
7807,2711926489,16,16.50754113546341,17.26540232297335,0.9761305105435292,0.0037287973169917834
7808,3304442151,17,17.01439657416103,19.449757666911335,0.9761305105435292,0.0037287973169917834
7809,3984240491,22,21.887720603948942,15.571123074491927,0.9761305105435292,0.0037287973169917834
7810,2969566392,21,20.690519549104664,16.82854292123892,0.9761305105435292,0.0037287973169917834
7811,3096044293,14,13.799697835530097,15.369034891738218,0.9761305105435292,0.0037287973169917834
7812,2385015832,12,11.470321855375134,16.854865929389007,0.9761305105435292,0.0037287973169917834
7813,3668129632,16,16.025076025099338,16.80203363646236,0.9761305105435292,0.0037287973169917834
7814,2336925278,16,14.844400936173708,15.215170240550842,0.9761305105435292,0.0037287973169917834
7815,1084909648,10,10.086380369995549,18.404195466678924,0.9761305105435292,0.0037287973169917834
7816,2572857801,16,15.219701978293324,15.948904187237275,0.9761305105435292,0.0037287973169917834
7817,2959359109,13,13.57473018510502,16.377385138575516,0.9761305105435292,0.0037287973169917834
7818,3952537813,19,18.85060933096875,16.971351182476944,0.9761305105435292,0.0037287973169917834
7819,1211666528,9,9.367884788811589,15.777024300635313,0.9761305105435292,0.0037287973169917834
7820,1497918321,15,14.374539927856471,15.874759819999102,0.9761305105435292,0.0037287973169917834
7821,612040640,17,17.493179094751923,16.29881745075448,0.9761305105435292,0.0037287973169917834
7822,1247334783,17,17.568761569027536,15.82994665784329,0.9761305105435292,0.0037287973169917834
7823,2475102736,11,11.259802824432246,14.745308610298299,0.9761305105435292,0.0037287973169917834
7824,1207432980,20,20.0766796905183,15.137250141083285,0.9761305105435292,0.0037287973169917834
7825,4004230774,21,22.242172062171328,16.224460830330617,0.9761305105435292,0.0037287973169917834
7826,992113910,17,16.91891428157443,15.920546616492453,0.9761305105435292,0.0037287973169917834
7827,2523504869,15,15.136235392159568,14.920239197418724,0.9761305105435292,0.0037287973169917834
7828,1465191784,15,14.686908330044142,13.471703726103021,0.9761305105435292,0.0037287973169917834
7829,4149181534,22,22.806069831790467,14.882443213096986,0.9761305105435292,0.0037287973169917834
7830,1383843013,16,15.787548638077649,16.007839406083313,0.9761305105435292,0.0037287973169917834
7831,4153445307,19,18.729051990061848,17.630967935982095,0.9761305105435292,0.0037287973169917834
7832,2738331419,19,19.70797040430464,16.359749491728913,0.9761305105435292,0.0037287973169917834
7833,3962195733,16,14.801111420121355,15.952980276341071,0.9761305105435292,0.0037287973169917834
7834,1075177584,11,11.763345134363552,16.350125254125988,0.9761305105435292,0.0037287973169917834
7835,1300390113,12,11.837143491909519,16.716439649386412,0.9761305105435292,0.0037287973169917834
7836,3382129773,17,17.36786543164197,16.209154398094498,0.9761305105435292,0.0037287973169917834
7837,140290799,16,14.831853517283033,14.085777720844543,0.9761305105435292,0.0037287973169917834
7838,624282579,17,15.987375009029071,17.537612253604085,0.9761305105435292,0.0037287973169917834
7839,1297830412,14,13.35927627960094,17.3933218697819,0.9761305105435292,0.0037287973169917834
7840,43359033,14,14.65186327325301,16.780166464096812,0.9761305105435292,0.0037287973169917834
7841,2242892490,17,17.528150861910298,17.63176515960512,0.9761305105435292,0.0037287973169917834
7842,603805674,20,20.852446466227782,15.967268504069901,0.9761305105435292,0.0037287973169917834
7843,2495551280,16,15.926894072489883,16.505786681610157,0.9761305105435292,0.0037287973169917834
7844,3049751825,15,14.933246241995116,16.2920977811208,0.9761305105435292,0.0037287973169917834
7845,331762551,17,16.48726703168786,14.925579621124376,0.9761305105435292,0.0037287973169917834
7846,2598600385,18,18.165034129725836,16.353500043620567,0.9761305105435292,0.0037287973169917834
7847,3678616576,13,13.031763874024886,17.329172416633607,0.9761305105435292,0.0037287973169917834
7848,2929189386,16,16.379989264835714,16.29681355914811,0.9761305105435292,0.0037287973169917834
7849,4180833945,18,19.074104043291566,16.186680003439996,0.9761305105435292,0.0037287973169917834
7850,1944714250,18,17.26054311867367,16.149893734033004,0.9761305105435292,0.0037287973169917834
7851,1302707440,17,17.84049332324735,17.36314039561183,0.9761305105435292,0.0037287973169917834
7852,435839992,18,17.950247938381008,16.1944871633249,0.9761305105435292,0.0037287973169917834
7853,2225976016,14,13.843216549499976,14.69236694082144,0.9761305105435292,0.0037287973169917834
7854,1909918216,13,12.167241895319236,18.031866351178273,0.9761305105435292,0.0037287973169917834
7855,2490106334,14,14.135686534779648,16.815492642389575,0.9761305105435292,0.0037287973169917834
7856,2740337506,16,16.539017141105667,16.486402202693476,0.9761305105435292,0.0037287973169917834
7857,1240191746,15,15.565875439729089,17.91969265779553,0.9761305105435292,0.0037287973169917834
7858,3102723618,18,18.352941247656275,15.700825758398802,0.9761305105435292,0.0037287973169917834
7859,4187841029,16,15.947038459744462,15.374898231808547,0.9761305105435292,0.0037287973169917834
7860,255270708,17,16.948564268620522,16.4594130002014,0.9761305105435292,0.0037287973169917834
7861,507814498,12,11.627075034268291,16.758879176464596,0.9761305105435292,0.0037287973169917834
7862,2869643155,16,16.568299702554132,15.942321668888392,0.9761305105435292,0.0037287973169917834
7863,1871712534,13,13.038376166009638,15.995907532729458,0.9761305105435292,0.0037287973169917834
7864,643353987,14,12.854535873047206,15.790348718203912,0.9761305105435292,0.0037287973169917834
7865,338440470,11,10.681619626445322,15.22096607569155,0.9761305105435292,0.0037287973169917834
7866,3170020475,20,20.028134221332504,15.872505461809933,0.9761305105435292,0.0037287973169917834
7867,1618250330,13,12.485058449818595,16.928224883257556,0.9761305105435292,0.0037287973169917834
7868,2912481976,17,16.596182025775892,17.24376985112352,0.9761305105435292,0.0037287973169917834
7869,2115459034,20,19.86279209979922,13.596881265919908,0.9761305105435292,0.0037287973169917834
7870,2981834391,19,19.409334054968276,14.336271980049318,0.9761305105435292,0.0037287973169917834
7871,4057728964,16,16.77704959238973,16.07175408651151,0.9761305105435292,0.0037287973169917834
7872,914777188,13,12.59273670903113,16.61415584663182,0.9761305105435292,0.0037287973169917834
7873,3902201169,17,16.736381973591538,15.326385654340447,0.9761305105435292,0.0037287973169917834
7874,1794758153,17,16.684890310340094,16.307091654525536,0.9761305105435292,0.0037287973169917834
7875,1294043779,12,11.543704851892425,14.675326814246754,0.9761305105435292,0.0037287973169917834
7876,605376149,13,13.754408002001076,16.38511765337792,0.9761305105435292,0.0037287973169917834
7877,3362941080,13,12.376358722501756,14.514268416514431,0.9761305105435292,0.0037287973169917834
7878,2424339696,12,12.11036783275971,15.934518379339863,0.9761305105435292,0.0037287973169917834
7879,1927747418,18,16.918870482487478,16.392153125686985,0.9761305105435292,0.0037287973169917834
7880,97313835,14,13.368487745398378,15.27413888478734,0.9761305105435292,0.0037287973169917834
7881,321092842,16,15.81703917001153,14.88276480695203,0.9761305105435292,0.0037287973169917834
7882,2900832333,16,14.901726777757855,16.355370129562736,0.9761305105435292,0.0037287973169917834
7883,4292164823,23,23.20385443790174,15.668657222643102,0.9761305105435292,0.0037287973169917834
7884,3453458111,22,23.311490536334414,15.416644868494151,0.9761305105435292,0.0037287973169917834
7885,2398808137,17,16.861310840377755,15.789076753468342,0.9761305105435292,0.0037287973169917834
7886,163530598,17,16.517563441434426,17.302070514160967,0.9761305105435292,0.0037287973169917834
7887,3152131490,18,17.92542685033743,17.905923005321227,0.9761305105435292,0.0037287973169917834
7888,267285598,19,18.574366946525178,17.52851253115726,0.9761305105435292,0.0037287973169917834
7889,183133584,13,11.730166226103181,16.074525099204457,0.9761305105435292,0.0037287973169917834
7890,2370835000,11,12.062290852638867,13.81780529785905,0.9761305105435292,0.0037287973169917834
7891,1459063023,20,20.18134829646414,15.422408332249537,0.9761305105435292,0.0037287973169917834
7892,3719864909,17,17.464718844181,15.56435247855519,0.9761305105435292,0.0037287973169917834
7893,784387565,17,17.664916211594722,17.23566231132431,0.9761305105435292,0.0037287973169917834
7894,3600986732,16,16.993338723585293,15.615742842121824,0.9761305105435292,0.0037287973169917834
7895,1261464458,14,14.453811369548054,16.332345008475908,0.9761305105435292,0.0037287973169917834
7896,2645798922,15,15.445764128071762,15.293333648975926,0.9761305105435292,0.0037287973169917834
7897,4154435735,21,20.075307283942813,15.988249865332298,0.9761305105435292,0.0037287973169917834
7898,3059910147,13,12.237759856901977,15.876918075519109,0.9761305105435292,0.0037287973169917834
7899,1960637506,16,17.117551572080934,17.052667065050635,0.9761305105435292,0.0037287973169917834
7900,150235134,18,17.055951073053812,14.9242775266016,0.9761305105435292,0.0037287973169917834
7901,2729341130,15,14.994604353817987,15.89448939291886,0.9761305105435292,0.0037287973169917834
7902,697056916,14,13.95132592554335,15.152564266180894,0.9761305105435292,0.0037287973169917834
7903,914042596,18,18.67121174366866,17.66029560215791,0.9761305105435292,0.0037287973169917834
7904,1750545227,16,16.68967818866262,16.70309052471786,0.9761305105435292,0.0037287973169917834
7905,2101114053,18,18.327136353475897,16.748811711317366,0.9761305105435292,0.0037287973169917834
7906,2997198058,17,18.257525090868036,15.28291038713861,0.9761305105435292,0.0037287973169917834
7907,4240773760,13,14.31372805436205,16.244250408568387,0.9761305105435292,0.0037287973169917834
7908,2640795826,17,17.886334015196596,18.262095043215623,0.9761305105435292,0.0037287973169917834
7909,2507971000,17,17.174228151505794,15.661612047501356,0.9761305105435292,0.0037287973169917834
7910,3183719502,18,18.318565246759388,16.126684901234842,0.9761305105435292,0.0037287973169917834
7911,571759552,11,10.38784394287444,16.133234684024,0.9761305105435292,0.0037287973169917834
7912,55597593,11,10.668343537897517,17.72501271886031,0.9761305105435292,0.0037287973169917834
7913,1485678593,11,11.010067284224643,15.466252973061007,0.9761305105435292,0.0037287973169917834
7914,1304278175,20,19.298045939984142,14.763090349352307,0.9761305105435292,0.0037287973169917834
7915,3651330650,16,16.414754854431543,16.551341836132686,0.9761305105435292,0.0037287973169917834
7916,228502605,16,16.1467614651399,16.050495061220083,0.9761305105435292,0.0037287973169917834
7917,724840988,13,13.619988079927547,14.110911451594145,0.9761305105435292,0.0037287973169917834
7918,3695728841,14,14.061681805330398,14.412076776771704,0.9761305105435292,0.0037287973169917834
7919,1383025374,18,17.88462148309467,14.526270238016306,0.9761305105435292,0.0037287973169917834
7920,770646429,18,18.95549551282088,17.308233188960806,0.9761305105435292,0.0037287973169917834
7921,2317065697,16,16.87840857041531,18.234844691677296,0.9761305105435292,0.0037287973169917834
7922,844906925,14,13.580395047777335,16.668518642647925,0.9761305105435292,0.0037287973169917834
7923,1386866389,17,16.86090827553864,14.8687975137563,0.9761305105435292,0.0037287973169917834
7924,2177139536,10,10.873109561211738,18.743252625219245,0.9761305105435292,0.0037287973169917834
7925,4048816496,13,13.40616575348256,15.33873370337202,0.9761305105435292,0.0037287973169917834
7926,864833872,12,12.042514095176749,17.617072239891186,0.9761305105435292,0.0037287973169917834
7927,1604442656,15,15.916729288417091,16.48464894318786,0.9761305105435292,0.0037287973169917834
7928,1452474437,11,10.382873459263568,15.004310392772439,0.9761305105435292,0.0037287973169917834
7929,1906009200,15,15.68960550351475,16.14522666543329,0.9761305105435292,0.0037287973169917834
7930,3911274760,11,11.875491961410427,16.217516325502444,0.9761305105435292,0.0037287973169917834
7931,2648845288,17,16.19660950348017,16.24432980526844,0.9761305105435292,0.0037287973169917834
7932,3837888219,16,14.050944114259773,16.78842587646413,0.9761305105435292,0.0037287973169917834
7933,873303241,13,12.429598159609565,16.181892083067403,0.9761305105435292,0.0037287973169917834
7934,334623398,17,17.08273747894353,16.449543030651174,0.9761305105435292,0.0037287973169917834
7935,2913196573,18,17.644118414934752,16.46064192106426,0.9761305105435292,0.0037287973169917834
7936,1538858660,17,17.44740761471391,17.33264442320823,0.9761305105435292,0.0037287973169917834
7937,1194216955,19,20.386582844406018,17.004544197673006,0.9761305105435292,0.0037287973169917834
7938,3837849529,18,17.34660375614568,14.371403764969537,0.9761305105435292,0.0037287973169917834
7939,1855267166,16,16.095166742826105,16.71047329094593,0.9761305105435292,0.0037287973169917834
7940,4088692029,21,21.059404996641536,15.703760937346235,0.9761305105435292,0.0037287973169917834
7941,3101501223,18,17.515743085779437,14.933362384714552,0.9761305105435292,0.0037287973169917834
7942,2305697497,16,15.212273883431042,14.432039811200815,0.9761305105435292,0.0037287973169917834
7943,2511298546,21,21.015734539290445,17.2249724459821,0.9761305105435292,0.0037287973169917834
7944,4131813528,16,15.507355456015853,15.446713359319375,0.9761305105435292,0.0037287973169917834
7945,2148997291,12,12.304120948728922,17.062051544599992,0.9761305105435292,0.0037287973169917834
7946,1700183730,18,19.22379199557536,17.61762693313766,0.9761305105435292,0.0037287973169917834
7947,1712347417,12,12.272540892900484,15.04674405325881,0.9761305105435292,0.0037287973169917834
7948,1605803831,22,21.383890050682677,16.807612965980375,0.9761305105435292,0.0037287973169917834
7949,2685832625,13,12.585463837876116,17.06292619472905,0.9761305105435292,0.0037287973169917834
7950,4270784522,14,13.87315309110044,16.586547073642166,0.9761305105435292,0.0037287973169917834
7951,771843170,11,11.846866757522667,16.159776475903595,0.9761305105435292,0.0037287973169917834
7952,2682981400,16,16.66772756356271,15.667911132549667,0.9761305105435292,0.0037287973169917834
7953,3977131131,18,17.128649696168942,15.407246978661941,0.9761305105435292,0.0037287973169917834
7954,4134778008,18,18.3798602875798,14.742153405384638,0.9761305105435292,0.0037287973169917834
7955,2624391609,16,15.276200835500578,16.72996191636464,0.9761305105435292,0.0037287973169917834
7956,1736469992,15,15.128789592882953,16.959912789442885,0.9761305105435292,0.0037287973169917834
7957,3411496224,15,15.342991482488802,15.340154506688311,0.9761305105435292,0.0037287973169917834
7958,526275745,16,15.691678978890527,14.515956894692632,0.9761305105435292,0.0037287973169917834
7959,445515086,13,11.959552991645365,16.57608851090958,0.9761305105435292,0.0037287973169917834
7960,383206979,15,14.987792737005634,17.78281413363083,0.9761305105435292,0.0037287973169917834
7961,3905791270,16,17.32083517747666,13.676055127494696,0.9761305105435292,0.0037287973169917834
7962,1563544231,17,16.177768236723683,15.486873699996575,0.9761305105435292,0.0037287973169917834
7963,513555555,16,15.712464032939348,16.31043905754534,0.9761305105435292,0.0037287973169917834
7964,3248098432,10,9.612377039735573,14.69246729918476,0.9761305105435292,0.0037287973169917834
7965,2635208251,15,16.4077288499113,17.71462727122325,0.9761305105435292,0.0037287973169917834
7966,3177466975,18,19.165769045607437,16.369823579113508,0.9761305105435292,0.0037287973169917834
7967,4091039053,18,18.95541681457461,15.033408068238407,0.9761305105435292,0.0037287973169917834
7968,3725719579,17,17.387389320209373,17.430177553698094,0.9761305105435292,0.0037287973169917834
7969,1017306792,16,15.558639220916394,15.779055683955884,0.9761305105435292,0.0037287973169917834
7970,2130700152,24,23.082303920859353,13.343400308995308,0.9761305105435292,0.0037287973169917834
7971,789304585,15,14.365841230700283,15.435062042202556,0.9761305105435292,0.0037287973169917834
7972,430040580,12,12.150526685981077,16.654705525075617,0.9761305105435292,0.0037287973169917834
7973,3191263455,20,20.273041258322582,15.161107031505614,0.9761305105435292,0.0037287973169917834
7974,1166385178,11,11.081431083437081,16.55156269359742,0.9761305105435292,0.0037287973169917834
7975,3075961124,17,17.091736164857192,15.685692247006816,0.9761305105435292,0.0037287973169917834
7976,2767004869,15,16.10304152323991,16.46215076410169,0.9761305105435292,0.0037287973169917834
7977,460961187,18,19.031803020046265,14.06684979369243,0.9761305105435292,0.0037287973169917834
7978,2984571817,18,17.784358516965575,17.071015801146487,0.9761305105435292,0.0037287973169917834
7979,1096763301,16,15.752027541488086,16.01539669549135,0.9761305105435292,0.0037287973169917834
7980,440909120,14,14.253247106203252,14.13473915661377,0.9761305105435292,0.0037287973169917834
7981,3418237845,19,20.311360609417783,17.50415162785401,0.9761305105435292,0.0037287973169917834
7982,1980109277,15,15.065936805866153,15.370346278624291,0.9761305105435292,0.0037287973169917834
7983,1263900747,15,15.266631055072983,18.991630394401298,0.9761305105435292,0.0037287973169917834
7984,3622023614,21,20.33065172741944,16.684037416736327,0.9761305105435292,0.0037287973169917834
7985,144035253,15,15.763399577186002,16.90483310823553,0.9761305105435292,0.0037287973169917834
7986,2153696734,17,16.915173080482397,16.425769317891273,0.9761305105435292,0.0037287973169917834
7987,381537772,19,19.38727878390325,14.88212265891814,0.9761305105435292,0.0037287973169917834
7988,3879691812,18,18.481873524185513,15.848292451861061,0.9761305105435292,0.0037287973169917834
7989,2351801006,15,15.058968164585457,14.549473122322485,0.9761305105435292,0.0037287973169917834
7990,353469821,14,14.292716375715969,16.80511792811111,0.9761305105435292,0.0037287973169917834
7991,857365244,17,16.20479403455468,14.681475219052155,0.9761305105435292,0.0037287973169917834
7992,3430348680,18,17.68248317368907,14.319537219610968,0.9761305105435292,0.0037287973169917834
7993,790738967,15,15.331016944789827,16.653099103557775,0.9761305105435292,0.0037287973169917834
7994,3978236938,15,14.589763776942211,15.62990818686911,0.9761305105435292,0.0037287973169917834
7995,2322011868,16,15.906634059980727,15.0603092285757,0.9761305105435292,0.0037287973169917834
7996,12473588,14,14.37617347474647,17.471197772258492,0.9761305105435292,0.0037287973169917834
7997,1206362281,16,16.640934692573204,15.489447258497435,0.9761305105435292,0.0037287973169917834
7998,974754741,16,15.413398676125684,14.65573658623739,0.9761305105435292,0.0037287973169917834
7999,635295428,17,17.88297329424212,16.22830324891251,0.9761305105435292,0.0037287973169917834
8000,3437649854,21,21.09320152686529,14.715492081390536,0.9761305105435292,0.0037287973169917834
8001,1087506802,11,10.931463631744592,16.755693304925956,0.9761305105435292,0.0037287973169917834
8002,2256095185,16,15.343979936752234,14.123080887582287,0.9761305105435292,0.0037287973169917834
8003,1630528094,17,16.42411213403603,16.888995673327994,0.9761305105435292,0.0037287973169917834
8004,749426873,16,16.11157162494568,16.290260145411626,0.9761305105435292,0.0037287973169917834
8005,1616834738,15,14.544114802992448,15.291363905006591,0.9761305105435292,0.0037287973169917834
8006,3184801836,16,16.27229751572689,16.3784303170172,0.9761305105435292,0.0037287973169917834
8007,2565260307,14,13.591204186822583,17.18497922446776,0.9761305105435292,0.0037287973169917834
8008,1429216875,15,14.788601596145309,14.833998498587562,0.9761305105435292,0.0037287973169917834
8009,2679911642,19,19.0657255522306,14.7210706567025,0.9761305105435292,0.0037287973169917834
8010,1451627344,12,11.874811993797273,13.644042363063042,0.9761305105435292,0.0037287973169917834
8011,3510776536,13,13.67701769281029,17.14169456537568,0.9761305105435292,0.0037287973169917834
8012,213047151,18,18.262996909750417,16.588094882683713,0.9761305105435292,0.0037287973169917834
8013,4233835817,18,17.92374902629956,16.561853389078465,0.9761305105435292,0.0037287973169917834
8014,1418913531,18,17.545943989183968,18.014615051469537,0.9761305105435292,0.0037287973169917834
8015,130477668,16,16.15823038735569,14.502913302119378,0.9761305105435292,0.0037287973169917834
8016,2139152900,13,12.78254315751334,16.1147460978745,0.9761305105435292,0.0037287973169917834
8017,1524140508,16,16.907340401593522,15.048007967049552,0.9761305105435292,0.0037287973169917834
8018,1397547213,15,15.601583563218199,15.804775065003403,0.9761305105435292,0.0037287973169917834
8019,3529553559,16,17.1252976347158,15.434744701481819,0.9761305105435292,0.0037287973169917834
8020,827755534,13,12.743347140425069,16.324615814633404,0.9761305105435292,0.0037287973169917834
8021,4175814546,20,19.719466383760125,17.65286274052464,0.9761305105435292,0.0037287973169917834
8022,1810726451,21,20.90747448256661,15.796111575167586,0.9761305105435292,0.0037287973169917834
8023,3269095225,18,18.499618708679343,16.805968527295175,0.9761305105435292,0.0037287973169917834
8024,3542335803,16,16.1478392754505,14.77476979104649,0.9761305105435292,0.0037287973169917834
8025,31688794,12,11.613433193474872,14.531816161052642,0.9761305105435292,0.0037287973169917834
8026,3398825007,18,17.928043058718053,13.807707667980921,0.9761305105435292,0.0037287973169917834
8027,275130993,12,12.102063904175562,14.320602440046562,0.9761305105435292,0.0037287973169917834
8028,3809246252,15,13.989685502378975,15.419031602915364,0.9761305105435292,0.0037287973169917834
8029,2410559873,16,16.514973353760947,17.417248153406888,0.9761305105435292,0.0037287973169917834
8030,2325600749,19,19.2919909832876,14.885918281414456,0.9761305105435292,0.0037287973169917834
8031,3805208738,15,14.959875338170226,15.937801447081466,0.9761305105435292,0.0037287973169917834
8032,2740173060,14,13.48393488205868,15.285685999799375,0.9761305105435292,0.0037287973169917834
8033,2616947830,21,21.098230175534272,16.461940092609698,0.9761305105435292,0.0037287973169917834
8034,3224087436,14,14.100097953894652,15.908989019683796,0.9761305105435292,0.0037287973169917834
8035,1301132342,16,15.98323237281414,15.73925987887424,0.9761305105435292,0.0037287973169917834
8036,4105640812,19,18.99939400451091,16.623191042196595,0.9761305105435292,0.0037287973169917834
8037,2584033017,16,16.47696893305865,15.068341912405234,0.9761305105435292,0.0037287973169917834
8038,545718053,15,15.65061093931549,15.130590685002351,0.9761305105435292,0.0037287973169917834
8039,3819407644,16,15.248830575131212,17.418396967329553,0.9761305105435292,0.0037287973169917834
8040,1587138399,21,21.075704885656737,15.878884039802944,0.9761305105435292,0.0037287973169917834
8041,2543922487,17,16.965037380671163,14.994398485615568,0.9761305105435292,0.0037287973169917834
8042,4223660735,26,26.573206626355585,16.16997144335577,0.9761305105435292,0.0037287973169917834
8043,2325233419,15,14.987080903748089,16.603370825278905,0.9761305105435292,0.0037287973169917834
8044,4154461697,13,12.769632788563978,14.55106878279687,0.9761305105435292,0.0037287973169917834
8045,2415991325,10,10.076978138525337,16.982312056985972,0.9761305105435292,0.0037287973169917834
8046,46606418,11,11.24044872644099,17.05144174444042,0.9761305105435292,0.0037287973169917834
8047,2946785421,15,15.173072836832464,17.020604900897926,0.9761305105435292,0.0037287973169917834
8048,1949975861,15,15.650687798763865,17.09946429797876,0.9761305105435292,0.0037287973169917834
8049,1544857552,14,14.99973610148854,14.8281064289575,0.9761305105435292,0.0037287973169917834
8050,573431258,17,17.260213788608375,15.908786419192325,0.9761305105435292,0.0037287973169917834
8051,458472776,16,16.63547549539527,16.42992280486303,0.9761305105435292,0.0037287973169917834
8052,172977769,16,15.498252561223293,15.70276160214818,0.9761305105435292,0.0037287973169917834
8053,2951143763,19,19.56153511688462,15.606691891425157,0.9761305105435292,0.0037287973169917834
8054,2156630774,14,14.219097436604414,15.456304788355002,0.9761305105435292,0.0037287973169917834
8055,1651818460,19,19.23747493702819,15.158260033130839,0.9761305105435292,0.0037287973169917834
8056,1185792912,14,12.738037678930237,16.698902992697562,0.9761305105435292,0.0037287973169917834
8057,417503235,11,11.664565056721186,16.4755747319806,0.9761305105435292,0.0037287973169917834
8058,3403160863,17,16.358789930233193,15.47859668770379,0.9761305105435292,0.0037287973169917834
8059,557587863,15,14.560064274744486,17.328211121138867,0.9761305105435292,0.0037287973169917834
8060,1042105230,16,15.935649976934787,15.87171422422593,0.9761305105435292,0.0037287973169917834
8061,1503422625,14,13.978209751858605,15.741295718399545,0.9761305105435292,0.0037287973169917834
8062,1769256318,19,19.41969269508584,14.590310082013152,0.9761305105435292,0.0037287973169917834
8063,1489452250,17,18.17459956917368,15.579381172797838,0.9761305105435292,0.0037287973169917834
8064,2938538179,15,13.804015343981423,16.632982409622212,0.9761305105435292,0.0037287973169917834
8065,3371799866,17,17.568413441621836,14.73785094721867,0.9761305105435292,0.0037287973169917834
8066,957294896,13,12.496004312720007,14.946497367688426,0.9761305105435292,0.0037287973169917834
8067,2424017513,15,15.01328951071756,17.85182253287038,0.9761305105435292,0.0037287973169917834
8068,816426120,12,12.850060377472511,17.96625037867311,0.9761305105435292,0.0037287973169917834
8069,972736876,18,17.612267909445436,15.043198180013263,0.9761305105435292,0.0037287973169917834
8070,1938947852,18,17.594803322498773,16.34615504578195,0.9761305105435292,0.0037287973169917834
8071,3755009036,16,15.55701238830294,14.099241718769054,0.9761305105435292,0.0037287973169917834
8072,927755403,16,14.995971837938782,16.440199507520855,0.9761305105435292,0.0037287973169917834
8073,3774033766,18,17.178863212435083,14.265384841026853,0.9761305105435292,0.0037287973169917834
8074,104205389,12,11.403495591401677,15.115957703310457,0.9761305105435292,0.0037287973169917834
8075,964187100,17,16.32766453836385,14.835291473134992,0.9761305105435292,0.0037287973169917834
8076,8186051,13,12.10454829601932,16.771385642588605,0.9761305105435292,0.0037287973169917834
8077,248252548,10,10.607807172157827,16.288543437520953,0.9761305105435292,0.0037287973169917834
8078,249818055,19,19.71249391124486,16.766368119823493,0.9761305105435292,0.0037287973169917834
8079,2813421018,18,17.887990667279755,15.602921319635058,0.9761305105435292,0.0037287973169917834
8080,2709411001,17,17.67601598813979,16.986903992352417,0.9761305105435292,0.0037287973169917834
8081,3282180411,15,14.000667671429955,15.542419161983531,0.9761305105435292,0.0037287973169917834
8082,2018127021,15,15.424160684902228,15.637789704334883,0.9761305105435292,0.0037287973169917834
8083,1927022609,12,12.288636103987946,15.52616636733706,0.9761305105435292,0.0037287973169917834
8084,55404264,14,14.360214425790897,15.584765781776435,0.9761305105435292,0.0037287973169917834
8085,3273437342,15,14.784597718059416,17.345413960297787,0.9761305105435292,0.0037287973169917834
8086,4293428260,16,15.457292550387603,15.051248554921864,0.9761305105435292,0.0037287973169917834
8087,1698427507,19,18.740556239437787,16.679227603275944,0.9761305105435292,0.0037287973169917834
8088,533269582,15,14.311720387886842,14.614213626499227,0.9761305105435292,0.0037287973169917834
8089,3805142171,19,18.611550851827594,16.191145357949292,0.9761305105435292,0.0037287973169917834
8090,2782535162,19,18.948708848350424,15.428502463611759,0.9761305105435292,0.0037287973169917834
8091,3868863087,18,17.886344143596,13.99792670662499,0.9761305105435292,0.0037287973169917834
8092,3848149404,17,17.695573196857005,16.133887206409913,0.9761305105435292,0.0037287973169917834
8093,743630887,14,13.98978742045091,16.303948780990375,0.9761305105435292,0.0037287973169917834
8094,3495725954,13,14.317391090383882,15.753606945928249,0.9761305105435292,0.0037287973169917834
8095,3668923353,20,21.437952641407723,15.997313771272227,0.9761305105435292,0.0037287973169917834
8096,2550280379,12,11.692311387673069,15.029094240905906,0.9761305105435292,0.0037287973169917834
8097,3915542284,16,15.522061102730731,13.929813832985891,0.9761305105435292,0.0037287973169917834
8098,1804252684,15,14.799356433464515,16.325396188744566,0.9761305105435292,0.0037287973169917834
8099,2598633198,22,22.46045182466233,16.593220228952283,0.9761305105435292,0.0037287973169917834
8100,1374037887,19,18.63260127479331,17.192758176472573,0.9761305105435292,0.0037287973169917834
8101,3738023111,20,20.951384264383393,15.797911276260342,0.9761305105435292,0.0037287973169917834
8102,1364964961,16,16.650650143377327,13.850884379946123,0.9761305105435292,0.0037287973169917834
8103,1402167933,17,17.593516637661715,14.859039211523546,0.9761305105435292,0.0037287973169917834
8104,3905703049,14,13.337249720972682,15.420842838740914,0.9761305105435292,0.0037287973169917834
8105,952447656,13,13.372232882204301,14.336804852262722,0.9761305105435292,0.0037287973169917834
8106,496464850,18,17.806243482668762,17.289408202069502,0.9761305105435292,0.0037287973169917834
8107,4234534746,21,22.203427545352827,17.756844312054927,0.9761305105435292,0.0037287973169917834
8108,1397626100,15,15.925538812973452,15.178803565799509,0.9761305105435292,0.0037287973169917834
8109,3848256746,21,20.371064472405532,13.074910873529461,0.9761305105435292,0.0037287973169917834
8110,1239592260,14,14.235987374744619,14.067948874099457,0.9761305105435292,0.0037287973169917834
8111,2256924221,17,17.23457655521417,15.835567923090327,0.9761305105435292,0.0037287973169917834
8112,936251753,16,15.613183151242158,15.449109298235939,0.9761305105435292,0.0037287973169917834
8113,563249614,12,12.059718814162776,14.442615122365988,0.9761305105435292,0.0037287973169917834
8114,3143118440,16,14.958416499819458,14.710126205455259,0.9761305105435292,0.0037287973169917834
8115,2268196600,18,18.105838461194786,14.495244200470552,0.9761305105435292,0.0037287973169917834
8116,2311732207,19,18.623526099445442,17.347258114550762,0.9761305105435292,0.0037287973169917834
8117,2748753181,17,17.040151356354105,16.271860457217045,0.9761305105435292,0.0037287973169917834
8118,1611811399,11,10.896550733509656,13.907117408560273,0.9761305105435292,0.0037287973169917834
8119,3732536802,22,20.8676972432964,16.844881691811615,0.9761305105435292,0.0037287973169917834
8120,1400597063,18,17.110590870103433,15.044499387439071,0.9761305105435292,0.0037287973169917834
8121,3465975236,16,15.52691426715506,17.22375534450681,0.9761305105435292,0.0037287973169917834
8122,3165030116,16,15.589161298489106,16.60970556210596,0.9761305105435292,0.0037287973169917834
8123,505424880,13,12.761839810823632,14.72646459108704,0.9761305105435292,0.0037287973169917834
8124,4255700166,18,17.935732132706796,14.699436023108001,0.9761305105435292,0.0037287973169917834
8125,3791485707,20,20.230109028049082,13.815724490855914,0.9761305105435292,0.0037287973169917834
8126,2427667729,12,13.295508062634468,15.388858546765016,0.9761305105435292,0.0037287973169917834
8127,1192666423,16,16.532086520568928,15.376085488555185,0.9761305105435292,0.0037287973169917834
8128,3099076544,14,14.185092666585126,15.510850313695794,0.9761305105435292,0.0037287973169917834
8129,2970412543,19,18.26565243955098,16.457629236313885,0.9761305105435292,0.0037287973169917834
8130,642770336,15,16.306746782016386,17.70764125326917,0.9761305105435292,0.0037287973169917834
8131,791613521,14,13.557637012979859,16.24081459233367,0.9761305105435292,0.0037287973169917834
8132,2691040253,15,14.542169564309052,17.466698916416753,0.9761305105435292,0.0037287973169917834
8133,341609815,15,15.736995983671857,16.292806450293202,0.9761305105435292,0.0037287973169917834
8134,28260016,14,14.14488511487894,18.4760955147413,0.9761305105435292,0.0037287973169917834
8135,1811099857,17,17.080764741827085,15.683318699752203,0.9761305105435292,0.0037287973169917834
8136,3459314094,17,17.26577553189285,15.052037709318451,0.9761305105435292,0.0037287973169917834
8137,720437723,15,14.253415135593766,15.466562543418672,0.9761305105435292,0.0037287973169917834
8138,1844643468,16,16.115533445221978,17.554938704733793,0.9761305105435292,0.0037287973169917834
8139,448331049,17,17.801877264928258,17.05892612856586,0.9761305105435292,0.0037287973169917834
8140,1225894117,13,12.264881003910297,16.904114220599546,0.9761305105435292,0.0037287973169917834
8141,1386395936,12,12.94265719732997,15.847950441486342,0.9761305105435292,0.0037287973169917834
8142,21324815,11,11.657635144052467,16.0305592501269,0.9761305105435292,0.0037287973169917834
8143,2301041160,11,10.48302323378688,16.324628607681383,0.9761305105435292,0.0037287973169917834
8144,2602159838,19,19.015210190973267,17.043005286430912,0.9761305105435292,0.0037287973169917834
8145,3691987964,18,18.1175909491573,15.272721838257254,0.9761305105435292,0.0037287973169917834
8146,1301165988,16,16.77735499342193,17.633804948268107,0.9761305105435292,0.0037287973169917834
8147,3862424219,20,19.84288159346476,16.60452306608795,0.9761305105435292,0.0037287973169917834
8148,1501520764,20,19.886780218539393,15.902961418661338,0.9761305105435292,0.0037287973169917834
8149,1911557262,14,14.409181163423884,16.441942849031896,0.9761305105435292,0.0037287973169917834
8150,663499371,15,16.003191236070425,17.64263882912912,0.9761305105435292,0.0037287973169917834
8151,3268449530,15,15.426975951252562,15.874283367600253,0.9761305105435292,0.0037287973169917834
8152,3406797042,17,16.961134928491486,15.281606880016986,0.9761305105435292,0.0037287973169917834
8153,1036670278,16,16.285230551488077,18.1453512520913,0.9761305105435292,0.0037287973169917834
8154,1200276651,15,16.50303024797411,15.772192188102318,0.9761305105435292,0.0037287973169917834
8155,3125509063,20,20.850505908407975,16.979742502530893,0.9761305105435292,0.0037287973169917834
8156,2480245262,15,14.648826846410921,15.981528907088315,0.9761305105435292,0.0037287973169917834
8157,1981192989,17,16.546120039675245,17.124046138929277,0.9761305105435292,0.0037287973169917834
8158,2907512510,19,18.8382563506597,15.234474096485993,0.9761305105435292,0.0037287973169917834
8159,3212699114,23,23.39161324975379,14.577995317066874,0.9761305105435292,0.0037287973169917834
8160,2078190498,20,19.409036757564994,16.264856443997324,0.9761305105435292,0.0037287973169917834
8161,3692808724,15,14.023663629934068,16.983051787521703,0.9761305105435292,0.0037287973169917834
8162,3744914248,19,18.714894688230192,15.11164235333116,0.9761305105435292,0.0037287973169917834
8163,327673665,15,16.04802528061328,17.225003713830958,0.9761305105435292,0.0037287973169917834
8164,3255012947,13,13.381813787685251,15.186007475498233,0.9761305105435292,0.0037287973169917834
8165,208810235,15,14.521208424900824,16.053383330747497,0.9761305105435292,0.0037287973169917834
8166,1560069147,17,16.886173287840013,17.437993272910425,0.9761305105435292,0.0037287973169917834
8167,3245954734,17,17.41473491548745,16.524461282862863,0.9761305105435292,0.0037287973169917834
8168,3317142309,17,15.99344540149659,16.606944896041362,0.9761305105435292,0.0037287973169917834
8169,2377330418,18,18.248670685316036,17.448995734711026,0.9761305105435292,0.0037287973169917834
8170,1235441166,14,13.856595850673983,18.02509830802311,0.9761305105435292,0.0037287973169917834
8171,888708080,17,16.486442923736025,16.62294944309929,0.9761305105435292,0.0037287973169917834
8172,812139204,10,9.75353258772423,15.919057192286596,0.9761305105435292,0.0037287973169917834
8173,2552279181,11,10.84576611047947,17.416703819795153,0.9761305105435292,0.0037287973169917834
8174,3462229701,19,18.547910693582274,16.9060779838372,0.9761305105435292,0.0037287973169917834
8175,221856225,13,13.736189717570278,16.92209142630273,0.9761305105435292,0.0037287973169917834
8176,1159907844,10,10.472022604698704,16.291019765677955,0.9761305105435292,0.0037287973169917834
8177,3954421754,23,23.55546683797034,16.206679705081434,0.9761305105435292,0.0037287973169917834
8178,2635147315,13,12.962893365495116,15.110487994482828,0.9761305105435292,0.0037287973169917834
8179,641212799,15,15.820050022758172,16.484549698654963,0.9761305105435292,0.0037287973169917834
8180,3178482332,19,18.271430989488994,15.62038638816097,0.9761305105435292,0.0037287973169917834
8181,4070963000,19,18.774907539777423,15.456077468616522,0.9761305105435292,0.0037287973169917834
8182,4156584445,20,20.62714792555706,15.40162072064081,0.9761305105435292,0.0037287973169917834
8183,1761603560,22,21.45977837390591,17.53615724561783,0.9761305105435292,0.0037287973169917834
8184,3389374090,15,15.338060611069613,16.74437475285285,0.9761305105435292,0.0037287973169917834
8185,3478309763,17,16.148223138113302,15.827358388987388,0.9761305105435292,0.0037287973169917834
8186,2075974621,23,23.008762483610994,17.996070158071614,0.9761305105435292,0.0037287973169917834
8187,1966887956,14,13.535129206166753,15.735277833849466,0.9761305105435292,0.0037287973169917834
8188,4201433163,17,16.801217775344817,15.63383177484025,0.9761305105435292,0.0037287973169917834
8189,2917856616,19,19.366186416899858,14.240517021727678,0.9761305105435292,0.0037287973169917834
8190,755352361,13,12.216526503382422,15.940726445840522,0.9761305105435292,0.0037287973169917834
8191,1750110116,13,12.54383308957453,16.852561772846055,0.9761305105435292,0.0037287973169917834
8192,641170812,19,19.39676237380014,14.73393078267469,0.9761305105435292,0.0037287973169917834
8193,1153549890,11,11.024823934105786,17.502512378294814,0.9761305105435292,0.0037287973169917834
8194,3364363105,12,12.533196255350841,16.996728433072207,0.9761305105435292,0.0037287973169917834
8195,4164939271,20,20.533392143128793,17.6069375766401,0.9761305105435292,0.0037287973169917834
8196,3469642074,17,17.02208284172953,16.64751873151288,0.9761305105435292,0.0037287973169917834
8197,1268875345,11,10.679465283860527,16.568183001093335,0.9761305105435292,0.0037287973169917834
8198,519760201,18,18.82917353151806,17.139493671891564,0.9761305105435292,0.0037287973169917834
8199,2118198755,16,15.103361668647281,15.769302967717277,0.9761305105435292,0.0037287973169917834
8200,2121112563,22,21.90769064228141,15.750521518039326,0.9761305105435292,0.0037287973169917834
8201,3349092811,19,19.51442665036165,16.632194101018886,0.9761305105435292,0.0037287973169917834
8202,4042199929,19,18.640354383640933,14.6382589933949,0.9761305105435292,0.0037287973169917834
8203,1624548945,13,13.809535909110815,16.460403892608184,0.9761305105435292,0.0037287973169917834
8204,3453455594,19,19.37333295629563,17.772878029727277,0.9761305105435292,0.0037287973169917834
8205,358546472,16,15.46585173332154,15.619483481042787,0.9761305105435292,0.0037287973169917834
8206,3643542485,16,17.246354424988546,16.60657126085006,0.9761305105435292,0.0037287973169917834
8207,1388255149,19,18.345056884432882,15.194494629019434,0.9761305105435292,0.0037287973169917834
8208,3575441593,17,16.0074191501305,14.735603599459711,0.9761305105435292,0.0037287973169917834
8209,259958859,17,16.56520934483412,14.803322369110486,0.9761305105435292,0.0037287973169917834
8210,1793338105,17,17.306541042069146,14.903570554953054,0.9761305105435292,0.0037287973169917834
8211,216315771,18,17.341646715459465,15.805764729837126,0.9761305105435292,0.0037287973169917834
8212,387724030,17,16.38408811467266,17.404646007402942,0.9761305105435292,0.0037287973169917834
8213,2833948153,19,19.251272007059924,19.00138552187411,0.9761305105435292,0.0037287973169917834
8214,3746331515,22,21.103506582032686,15.12235340213083,0.9761305105435292,0.0037287973169917834
8215,1121467017,13,13.125715085632114,15.510198010538812,0.9761305105435292,0.0037287973169917834
8216,3368641688,13,12.8235498458998,17.62491202435982,0.9761305105435292,0.0037287973169917834
8217,1053602082,15,14.885412267694292,16.103301650831842,0.9761305105435292,0.0037287973169917834
8218,3544372138,16,16.943677206949584,15.008645809025287,0.9761305105435292,0.0037287973169917834
8219,2824177860,12,12.45222066700774,16.660988083579042,0.9761305105435292,0.0037287973169917834
8220,96333474,17,17.599285603496305,16.621099828465468,0.9761305105435292,0.0037287973169917834
8221,1857298680,15,14.662490334279497,15.999844729760047,0.9761305105435292,0.0037287973169917834
8222,2122837904,19,19.150185597772918,16.375674520144475,0.9761305105435292,0.0037287973169917834
8223,1602939488,16,15.618726325669439,15.205258618765427,0.9761305105435292,0.0037287973169917834
8224,883173397,11,10.593611037258235,14.417380545725013,0.9761305105435292,0.0037287973169917834
8225,517422698,19,19.013045520396854,15.875993881450489,0.9761305105435292,0.0037287973169917834
8226,384627226,16,16.130342124703347,17.77516516845074,0.9761305105435292,0.0037287973169917834
8227,1346241579,12,12.405558553472847,16.920011974608393,0.9761305105435292,0.0037287973169917834
8228,2239725702,14,13.896458720399433,14.770557046009904,0.9761305105435292,0.0037287973169917834
8229,2638938983,16,15.676528529340189,16.90864696758239,0.9761305105435292,0.0037287973169917834
8230,1250771256,12,12.96739833961907,15.94232445193909,0.9761305105435292,0.0037287973169917834
8231,3529790576,13,13.530499973572816,17.179200107326825,0.9761305105435292,0.0037287973169917834
8232,3566306591,15,16.103670202803034,17.204879039905233,0.9761305105435292,0.0037287973169917834
8233,1104275851,15,16.615090607777674,13.610865988120816,0.9761305105435292,0.0037287973169917834
8234,507287756,15,13.770862256888796,15.574305690220402,0.9761305105435292,0.0037287973169917834
8235,3179019022,22,22.72265966506093,14.833430756943239,0.9761305105435292,0.0037287973169917834
8236,2129669191,17,17.64558978875165,16.33780055293357,0.9761305105435292,0.0037287973169917834
8237,1054380035,13,13.295626946347635,14.262319233778433,0.9761305105435292,0.0037287973169917834
8238,831451651,14,14.076921534209527,15.121597576650961,0.9761305105435292,0.0037287973169917834
8239,2815196102,19,19.072992676550385,15.471262493232862,0.9761305105435292,0.0037287973169917834
8240,3258896281,18,18.899413517924877,17.501749218804257,0.9761305105435292,0.0037287973169917834
8241,3999934504,14,13.232944463611716,16.608358523490914,0.9761305105435292,0.0037287973169917834
8242,1864988762,17,16.72112471375406,16.87927779297991,0.9761305105435292,0.0037287973169917834
8243,157817618,11,11.143822415476018,16.41201753059636,0.9761305105435292,0.0037287973169917834
8244,1849758431,16,16.667117002602478,16.613922342995654,0.9761305105435292,0.0037287973169917834
8245,3493816650,16,15.066760385071698,15.160780630278827,0.9761305105435292,0.0037287973169917834
8246,2893076487,14,13.48466103702763,16.27153703629678,0.9761305105435292,0.0037287973169917834
8247,419467944,9,9.92743532924975,17.642101133973352,0.9761305105435292,0.0037287973169917834
8248,2859006177,16,14.913383170234345,16.255556877075698,0.9761305105435292,0.0037287973169917834
8249,2388120,8,8.83986440392349,15.404387397650577,0.9761305105435292,0.0037287973169917834
8250,1402901174,17,15.619546172317854,15.059817498203065,0.9761305105435292,0.0037287973169917834
8251,3348877498,18,16.93969233664697,16.2636645833278,0.9761305105435292,0.0037287973169917834
8252,2094874313,20,21.147750638929615,16.51035829159818,0.9761305105435292,0.0037287973169917834
8253,934244486,17,16.763606392304656,16.120830262071166,0.9761305105435292,0.0037287973169917834
8254,3231001280,11,10.88348864916075,16.89104380666888,0.9761305105435292,0.0037287973169917834
8255,2161241638,14,14.470369575085835,15.74696549033771,0.9761305105435292,0.0037287973169917834
8256,1200885619,16,15.792598600717048,15.056817183246096,0.9761305105435292,0.0037287973169917834
8257,125924639,15,14.56926564809398,16.69933898285005,0.9761305105435292,0.0037287973169917834
8258,665725834,16,15.292683930764202,16.62647489154958,0.9761305105435292,0.0037287973169917834
8259,3492597551,17,16.00937332322543,16.214975706806374,0.9761305105435292,0.0037287973169917834
8260,687935492,6,5.501258809712307,16.785225962688976,0.9761305105435292,0.0037287973169917834
8261,119606770,13,14.213875611618175,15.363935529259725,0.9761305105435292,0.0037287973169917834
8262,1892151486,18,18.314627863560133,15.947835274972467,0.9761305105435292,0.0037287973169917834
8263,79008810,12,11.519146953938629,14.265999147353474,0.9761305105435292,0.0037287973169917834
8264,561016519,15,15.311897498081597,14.507894340233406,0.9761305105435292,0.0037287973169917834
8265,1905763204,15,15.50051137458259,16.36485113816509,0.9761305105435292,0.0037287973169917834
8266,3060245089,16,16.275350622830228,15.946114987630551,0.9761305105435292,0.0037287973169917834
8267,186172495,13,13.149184286472707,16.027821414827734,0.9761305105435292,0.0037287973169917834
8268,1589731068,19,19.868086297054692,14.761526353622292,0.9761305105435292,0.0037287973169917834
8269,474854560,13,13.801254503889709,14.796112022192114,0.9761305105435292,0.0037287973169917834
8270,2581405007,19,20.39312450527087,13.969233794558253,0.9761305105435292,0.0037287973169917834
8271,1154225784,13,13.822229761669892,16.457431345852026,0.9761305105435292,0.0037287973169917834
8272,2814080625,20,19.54281837806776,16.508745134357735,0.9761305105435292,0.0037287973169917834
8273,4024970278,17,16.66912812115579,15.496583155660712,0.9761305105435292,0.0037287973169917834
8274,952745167,18,17.799620166658265,15.333464224768457,0.9761305105435292,0.0037287973169917834
8275,3624290425,13,12.492986049376333,15.36362017662373,0.9761305105435292,0.0037287973169917834
8276,3393261656,10,10.40161938407783,16.615172049391965,0.9761305105435292,0.0037287973169917834
8277,2823991940,12,12.590831391504148,15.804940364372005,0.9761305105435292,0.0037287973169917834
8278,1098928431,11,11.043263952089642,16.50355767913897,0.9761305105435292,0.0037287973169917834
8279,3707846595,17,17.27373090443691,15.706361771036843,0.9761305105435292,0.0037287973169917834
8280,577110531,9,8.709344840825914,16.248866386921243,0.9761305105435292,0.0037287973169917834
8281,2286386865,16,15.413698692932616,14.894011308142373,0.9761305105435292,0.0037287973169917834
8282,1587342623,20,20.677982864923383,14.298125436820863,0.9761305105435292,0.0037287973169917834
8283,2966017921,15,15.743277850160478,16.612519005307792,0.9761305105435292,0.0037287973169917834
8284,721157302,21,22.11990333498738,19.40027339864128,0.9761305105435292,0.0037287973169917834
8285,2685301913,13,12.847681789435134,15.292997857261762,0.9761305105435292,0.0037287973169917834
8286,870811489,17,17.394063326026636,16.17265479606032,0.9761305105435292,0.0037287973169917834
8287,1349806180,12,11.432638360607006,14.6200687931259,0.9761305105435292,0.0037287973169917834
8288,3504040480,14,13.577023483544156,18.948502667645,0.9761305105435292,0.0037287973169917834
8289,1375282055,16,15.76983860767021,16.27672460745167,0.9761305105435292,0.0037287973169917834
8290,2427379164,18,17.187444268860737,15.494638063504642,0.9761305105435292,0.0037287973169917834
8291,1858378562,15,15.34084601482787,16.719356895309495,0.9761305105435292,0.0037287973169917834
8292,2469439263,16,15.277953420266366,14.974084869383455,0.9761305105435292,0.0037287973169917834
8293,90713330,13,12.963433532447695,15.438893884084203,0.9761305105435292,0.0037287973169917834
8294,2638936398,18,17.510176428379147,15.26612681059014,0.9761305105435292,0.0037287973169917834
8295,309202967,12,13.179249141484409,14.380183024691593,0.9761305105435292,0.0037287973169917834
8296,1180944208,14,14.450455629721242,15.499808577803382,0.9761305105435292,0.0037287973169917834
8297,3230416133,12,11.016583606869506,14.164539449219964,0.9761305105435292,0.0037287973169917834
8298,1950379498,15,15.56571518344106,15.250132305899456,0.9761305105435292,0.0037287973169917834
8299,1454929448,15,15.483744613521466,15.528910662272036,0.9761305105435292,0.0037287973169917834
8300,3776170553,15,14.989083251259434,13.111453759896165,0.9761305105435292,0.0037287973169917834
8301,1358815063,21,20.430443742627244,16.598762327772008,0.9761305105435292,0.0037287973169917834
8302,115544854,13,14.32329930573599,14.38947985737936,0.9761305105435292,0.0037287973169917834
8303,3611811348,18,17.52518583883895,17.13997895636849,0.9761305105435292,0.0037287973169917834
8304,4183115324,17,16.072583735369275,15.497504992276816,0.9761305105435292,0.0037287973169917834
8305,1379887618,14,14.838014673842784,16.225990298264808,0.9761305105435292,0.0037287973169917834
8306,1788393149,18,18.202793028050515,16.98327306691295,0.9761305105435292,0.0037287973169917834
8307,2491616797,13,13.586001788358336,16.413879839487215,0.9761305105435292,0.0037287973169917834
8308,3222386511,15,15.325049896283584,16.643849606314486,0.9761305105435292,0.0037287973169917834
8309,130947538,15,15.348092811771675,17.24167604049304,0.9761305105435292,0.0037287973169917834
8310,1203701855,18,17.97947708711687,15.691846850774649,0.9761305105435292,0.0037287973169917834
8311,3577967911,17,18.122802869940905,16.546675704284894,0.9761305105435292,0.0037287973169917834
8312,2952957899,14,14.141471411109967,17.52047905461982,0.9761305105435292,0.0037287973169917834
8313,4065936353,16,16.594152941278644,17.249485601499934,0.9761305105435292,0.0037287973169917834
8314,3187349102,21,21.08516373975926,15.929828203356433,0.9761305105435292,0.0037287973169917834
8315,2128339490,18,18.276992788354,15.632180755806877,0.9761305105435292,0.0037287973169917834
8316,403111773,17,16.14081083317505,15.555057140380024,0.9761305105435292,0.0037287973169917834
8317,3921180973,18,17.085643893769717,18.024994481237925,0.9761305105435292,0.0037287973169917834
8318,1912736046,11,11.330930347271403,13.849382895917689,0.9761305105435292,0.0037287973169917834
8319,3953703377,18,17.28223802303166,15.039030281241569,0.9761305105435292,0.0037287973169917834
8320,486825622,14,14.36786559132545,13.795564650997482,0.9761305105435292,0.0037287973169917834
8321,1811354276,17,16.87097002254737,16.680984639484432,0.9761305105435292,0.0037287973169917834
8322,504124958,14,14.267728850846822,16.47086224929705,0.9761305105435292,0.0037287973169917834
8323,3971715849,17,15.927727121996591,14.856777537661529,0.9761305105435292,0.0037287973169917834
8324,2184255865,13,12.899238312676724,14.808985305867646,0.9761305105435292,0.0037287973169917834
8325,2644138312,15,15.234651625798929,15.969227811396474,0.9761305105435292,0.0037287973169917834
8326,202365635,15,14.66059269635499,15.444185467576498,0.9761305105435292,0.0037287973169917834
8327,3556065472,14,14.085497053636555,15.532314561809198,0.9761305105435292,0.0037287973169917834
8328,2079143768,20,21.161215464345382,16.33521565901832,0.9761305105435292,0.0037287973169917834
8329,2178893464,15,15.294689592586991,16.312445742150636,0.9761305105435292,0.0037287973169917834
8330,3211897663,22,22.566031827372342,16.25794347685202,0.9761305105435292,0.0037287973169917834
8331,299548142,19,18.1173951207712,16.377634815276107,0.9761305105435292,0.0037287973169917834
8332,1889744115,16,15.515697355622757,15.732168970568328,0.9761305105435292,0.0037287973169917834
8333,637929747,10,9.285642416112994,16.260545150305244,0.9761305105435292,0.0037287973169917834
8334,3877353790,20,19.741552855897467,16.396457213287537,0.9761305105435292,0.0037287973169917834
8335,15629793,16,15.431292553414636,17.418688629699282,0.9761305105435292,0.0037287973169917834
8336,1484642739,19,20.059942734861107,16.858947955072583,0.9761305105435292,0.0037287973169917834
8337,742880076,15,14.253866095131224,14.778304150299675,0.9761305105435292,0.0037287973169917834
8338,1383797871,17,16.99967798706431,16.465969989704213,0.9761305105435292,0.0037287973169917834
8339,1782331216,15,15.890840654303991,15.7201086171308,0.9761305105435292,0.0037287973169917834
8340,691269829,15,14.50745315453345,15.788042829067939,0.9761305105435292,0.0037287973169917834
8341,2487402649,11,10.837129221105176,15.64147016928123,0.9761305105435292,0.0037287973169917834
8342,2976913756,14,13.367553149948412,16.90226350978139,0.9761305105435292,0.0037287973169917834
8343,3155603521,13,12.849960276250119,15.918105313498634,0.9761305105435292,0.0037287973169917834
8344,4202242306,14,15.318246013653985,14.745370609623501,0.9761305105435292,0.0037287973169917834
8345,652580462,17,16.40686761524937,14.590493247353114,0.9761305105435292,0.0037287973169917834
8346,3252721719,14,13.200999542899785,15.792093201089731,0.9761305105435292,0.0037287973169917834
8347,2964072315,17,17.223393080047448,13.862040244412782,0.9761305105435292,0.0037287973169917834
8348,2147769804,11,9.477143908586267,16.50957319445076,0.9761305105435292,0.0037287973169917834
8349,2594250010,14,13.600057800600364,16.256616500959673,0.9761305105435292,0.0037287973169917834
8350,2527325264,15,14.540981372633809,15.533326776708952,0.9761305105435292,0.0037287973169917834
8351,1831523917,17,16.148722624973704,13.90390377616357,0.9761305105435292,0.0037287973169917834
8352,3706936402,18,18.21239083580803,18.191729249321728,0.9761305105435292,0.0037287973169917834
8353,1378049751,17,17.900921483653175,17.87898967351729,0.9761305105435292,0.0037287973169917834
8354,1405953349,15,16.39269187570138,15.683044242506469,0.9761305105435292,0.0037287973169917834
8355,1041498798,13,13.192297069730836,14.65248884712992,0.9761305105435292,0.0037287973169917834
8356,118371497,13,12.678138314216069,15.061415732201757,0.9761305105435292,0.0037287973169917834
8357,3165678276,15,14.761495844379883,15.874746911207652,0.9761305105435292,0.0037287973169917834
8358,3632083904,16,15.130475763957122,17.55306924974612,0.9761305105435292,0.0037287973169917834
8359,1121482098,15,15.298166826584676,16.197204257081143,0.9761305105435292,0.0037287973169917834
8360,1687505812,14,14.891296881902605,17.358138068480525,0.9761305105435292,0.0037287973169917834
8361,1505943009,17,16.95452325556939,16.373458324709464,0.9761305105435292,0.0037287973169917834
8362,2817738547,19,19.25391762813542,17.831013338696625,0.9761305105435292,0.0037287973169917834
8363,1993669935,21,20.447001929705657,16.724809790244755,0.9761305105435292,0.0037287973169917834
8364,360799110,13,13.415901755592373,15.768592386547926,0.9761305105435292,0.0037287973169917834
8365,1467538216,17,17.665498346869292,16.59228229327635,0.9761305105435292,0.0037287973169917834
8366,4132924738,18,18.445333935465964,14.370571734102393,0.9761305105435292,0.0037287973169917834
8367,3039198517,18,18.522229483658634,16.075071196409027,0.9761305105435292,0.0037287973169917834
8368,2594433593,17,17.318576283421628,17.176570335189446,0.9761305105435292,0.0037287973169917834
8369,628911650,15,16.13714649225168,16.82557021474706,0.9761305105435292,0.0037287973169917834
8370,653603433,16,15.392949177259357,15.552655262701588,0.9761305105435292,0.0037287973169917834
8371,112594368,12,12.367005304237424,14.147501327061287,0.9761305105435292,0.0037287973169917834
8372,1014232287,21,21.69329257455938,15.146195081817542,0.9761305105435292,0.0037287973169917834
8373,4008052284,17,18.540627972413642,16.158449601170894,0.9761305105435292,0.0037287973169917834
8374,3429110888,12,12.200057715227697,15.638926466457653,0.9761305105435292,0.0037287973169917834
8375,1571068636,17,16.653479984222837,15.636760548931282,0.9761305105435292,0.0037287973169917834
8376,1675114584,14,13.839415216712917,17.37701301197692,0.9761305105435292,0.0037287973169917834
8377,3303495867,18,19.697032680114994,16.05705954425788,0.9761305105435292,0.0037287973169917834
8378,2964196038,14,14.049842519949788,16.22197302988226,0.9761305105435292,0.0037287973169917834
8379,111485530,12,12.530088309570461,16.81215293618677,0.9761305105435292,0.0037287973169917834
8380,887510377,16,15.510289296950784,17.069570245797205,0.9761305105435292,0.0037287973169917834
8381,72004412,13,12.43151614452693,15.476194770023401,0.9761305105435292,0.0037287973169917834
8382,4285274119,17,17.357045999452932,15.872024368352317,0.9761305105435292,0.0037287973169917834
8383,169670837,15,14.700738116544537,15.187126306568246,0.9761305105435292,0.0037287973169917834
8384,582077192,12,12.560802076067446,15.451771842935454,0.9761305105435292,0.0037287973169917834
8385,3843578,14,14.418321157416063,15.645381186225203,0.9761305105435292,0.0037287973169917834
8386,2886609507,14,14.582485780707383,14.075698752709645,0.9761305105435292,0.0037287973169917834
8387,1935783842,17,17.497789755033914,14.766658380528213,0.9761305105435292,0.0037287973169917834
8388,3452369003,19,18.56482374613474,16.345428428823507,0.9761305105435292,0.0037287973169917834
8389,192848535,17,16.97370396934563,15.067163265233958,0.9761305105435292,0.0037287973169917834
8390,2924727827,17,16.405056293675,14.913645412158607,0.9761305105435292,0.0037287973169917834
8391,636890322,16,16.569143130211152,14.493393318655942,0.9761305105435292,0.0037287973169917834
8392,769435124,18,18.996943535203417,15.779956524955063,0.9761305105435292,0.0037287973169917834
8393,332951695,15,14.485010069553345,16.228652599188784,0.9761305105435292,0.0037287973169917834
8394,3025481957,15,15.443727628605904,15.815140415085073,0.9761305105435292,0.0037287973169917834
8395,2440457065,17,17.109038871528362,16.412577432373528,0.9761305105435292,0.0037287973169917834
8396,3308778327,20,19.66117296874385,17.51710083355738,0.9761305105435292,0.0037287973169917834
8397,2777995215,19,20.122031662903616,17.241089649705287,0.9761305105435292,0.0037287973169917834
8398,571083553,9,6.819078198115077,15.982003315138162,0.9761305105435292,0.0037287973169917834
8399,3065400177,18,18.335813402702062,15.279343969883394,0.9761305105435292,0.0037287973169917834
8400,3117753517,17,17.041572256896153,15.303315557245355,0.9761305105435292,0.0037287973169917834
8401,1976071202,14,13.109957438743933,14.253383073066605,0.9761305105435292,0.0037287973169917834
8402,3662686954,15,14.6995091182848,15.877947102149392,0.9761305105435292,0.0037287973169917834
8403,2629480800,15,14.77682030812125,16.130609110063286,0.9761305105435292,0.0037287973169917834
8404,3082095799,19,18.87594962305233,17.336764495016617,0.9761305105435292,0.0037287973169917834
8405,1915553173,14,13.888865918314021,14.92590473524731,0.9761305105435292,0.0037287973169917834
8406,2518679178,19,18.0201992801137,14.9213782118956,0.9761305105435292,0.0037287973169917834
8407,1559316060,16,15.700273052393609,15.828732240890147,0.9761305105435292,0.0037287973169917834
8408,1023002298,19,19.36677328788432,16.291885022510677,0.9761305105435292,0.0037287973169917834
8409,1004341873,17,17.925117024558457,16.728102287303926,0.9761305105435292,0.0037287973169917834
8410,2055458241,16,16.383127901743375,14.709089888306972,0.9761305105435292,0.0037287973169917834
8411,3277947095,14,14.961696109566924,16.383635563175524,0.9761305105435292,0.0037287973169917834
8412,182555966,15,14.8122199459547,14.884125752700536,0.9761305105435292,0.0037287973169917834
8413,644964385,11,10.983916600541408,16.74727601917483,0.9761305105435292,0.0037287973169917834
8414,565690950,14,14.912141802825294,14.162342941721542,0.9761305105435292,0.0037287973169917834
8415,2052442587,19,19.97465498829506,15.841110018673524,0.9761305105435292,0.0037287973169917834
8416,214432507,20,18.599057705758863,13.879388860883717,0.9761305105435292,0.0037287973169917834
8417,1575512580,14,12.817274713751294,16.476121123060118,0.9761305105435292,0.0037287973169917834
8418,1181144479,18,17.83638300554242,16.290952439065215,0.9761305105435292,0.0037287973169917834
8419,1487464963,13,12.947116163120185,17.622105181995497,0.9761305105435292,0.0037287973169917834
8420,70097457,12,10.989533144253954,17.758035061513787,0.9761305105435292,0.0037287973169917834
8421,2940392273,16,15.46925076655381,12.656138731566003,0.9761305105435292,0.0037287973169917834
8422,2408603427,16,16.25134499828137,14.761465588714696,0.9761305105435292,0.0037287973169917834
8423,1778452899,11,10.522473616560811,13.314028645629184,0.9761305105435292,0.0037287973169917834
8424,319149951,18,18.735604079051512,17.165592891748684,0.9761305105435292,0.0037287973169917834
8425,4056278103,18,17.968047044874442,15.95978379289603,0.9761305105435292,0.0037287973169917834
8426,2410933496,20,21.208150842266825,15.988246078199728,0.9761305105435292,0.0037287973169917834
8427,1201634821,18,17.567390525595613,16.570036679303374,0.9761305105435292,0.0037287973169917834
8428,543619511,17,18.184651309917523,14.303293357746318,0.9761305105435292,0.0037287973169917834
8429,4260324319,25,25.028950621534733,16.980520232323236,0.9761305105435292,0.0037287973169917834
8430,3215727183,19,19.05025474389355,17.76343425730199,0.9761305105435292,0.0037287973169917834
8431,2878792531,18,17.356419745493415,14.511267254438405,0.9761305105435292,0.0037287973169917834
8432,1328008372,17,17.231046224269456,17.784094407431205,0.9761305105435292,0.0037287973169917834
8433,3731982508,16,15.766936627354948,14.1420498484844,0.9761305105435292,0.0037287973169917834
8434,3823171422,20,19.359822627435,16.003428051777792,0.9761305105435292,0.0037287973169917834
8435,2690483725,13,13.388584701062058,16.462296963259348,0.9761305105435292,0.0037287973169917834
8436,3896052190,16,16.85893740502464,15.602975251056165,0.9761305105435292,0.0037287973169917834
8437,1096251351,19,18.66492923914073,15.186905714324052,0.9761305105435292,0.0037287973169917834
8438,2735861541,16,15.15233300531961,16.187552353140042,0.9761305105435292,0.0037287973169917834
8439,848090939,17,16.530489706651203,17.149874501416075,0.9761305105435292,0.0037287973169917834
8440,2425396737,10,10.165076773853954,17.925365902061195,0.9761305105435292,0.0037287973169917834
8441,1505032827,20,20.01718388449034,15.939423132072218,0.9761305105435292,0.0037287973169917834
8442,1674629819,17,17.239309320173202,15.352798430109479,0.9761305105435292,0.0037287973169917834
8443,1033026101,17,16.87432529143331,15.418602205546378,0.9761305105435292,0.0037287973169917834
8444,3924608170,17,17.397768606019554,13.28445373906386,0.9761305105435292,0.0037287973169917834
8445,612464492,14,13.452628843665215,16.748279370582942,0.9761305105435292,0.0037287973169917834
8446,1557767922,18,18.60085218247571,15.954483967480215,0.9761305105435292,0.0037287973169917834
8447,3557571521,14,13.650843629288365,14.647726604364852,0.9761305105435292,0.0037287973169917834
8448,2361409416,13,13.336947330136814,16.020422723303845,0.9761305105435292,0.0037287973169917834
8449,805752854,10,11.3544541071686,16.169805279956286,0.9761305105435292,0.0037287973169917834
8450,34619201,10,10.13210595367579,16.767475993029684,0.9761305105435292,0.0037287973169917834
8451,3352708450,16,16.24717349589215,16.221191028495817,0.9761305105435292,0.0037287973169917834
8452,2259541194,17,17.420345534745913,15.55923499242589,0.9761305105435292,0.0037287973169917834
8453,1268975679,15,16.042385336214295,16.924975342035605,0.9761305105435292,0.0037287973169917834
8454,2964793773,17,17.870928280533143,15.636838973006675,0.9761305105435292,0.0037287973169917834
8455,2152666500,11,10.972226092593239,17.89446040279917,0.9761305105435292,0.0037287973169917834
8456,1549180129,16,16.652301186973972,18.10679318406308,0.9761305105435292,0.0037287973169917834
8457,1378481134,18,18.761445943887036,14.592977582453509,0.9761305105435292,0.0037287973169917834
8458,2388524272,19,18.06063642711238,16.485511655860602,0.9761305105435292,0.0037287973169917834
8459,232547542,16,16.55942226097091,16.5263631120471,0.9761305105435292,0.0037287973169917834
8460,2984303721,16,15.63285997760033,16.009129786880766,0.9761305105435292,0.0037287973169917834
8461,642636870,15,15.729661108261658,16.048003762395915,0.9761305105435292,0.0037287973169917834
8462,1776911350,18,16.941118021517433,16.46143917155348,0.9761305105435292,0.0037287973169917834
8463,90806213,15,15.083354754252648,16.352951079343676,0.9761305105435292,0.0037287973169917834
8464,2314193345,17,17.125923704536586,16.45973299736324,0.9761305105435292,0.0037287973169917834
8465,334637298,15,14.755437365906982,16.418586648599067,0.9761305105435292,0.0037287973169917834
8466,629556114,12,11.932380067606935,16.865338122345015,0.9761305105435292,0.0037287973169917834
8467,1974025228,15,14.564764883521997,16.55443904268066,0.9761305105435292,0.0037287973169917834
8468,4204607829,19,20.38002021315395,16.72891492757518,0.9761305105435292,0.0037287973169917834
8469,1133546492,15,14.569745712177328,15.640588116494516,0.9761305105435292,0.0037287973169917834
8470,70611343,14,14.102272308986917,16.326328399816312,0.9761305105435292,0.0037287973169917834
8471,3719279960,20,19.71243784009123,17.2817695215062,0.9761305105435292,0.0037287973169917834
8472,3660478417,19,18.735085930654165,16.80943095926866,0.9761305105435292,0.0037287973169917834
8473,2451268220,15,15.05410635445293,15.764209687953748,0.9761305105435292,0.0037287973169917834
8474,452819868,20,20.34155768469233,16.867275560614637,0.9761305105435292,0.0037287973169917834
8475,3555354788,16,16.93856769942302,13.844469416008774,0.9761305105435292,0.0037287973169917834
8476,1497128516,15,14.331540456639411,13.712008382857087,0.9761305105435292,0.0037287973169917834
8477,123107000,16,15.447331694834299,18.002368981855376,0.9761305105435292,0.0037287973169917834
8478,4055479866,19,19.165376829559598,16.72927864710717,0.9761305105435292,0.0037287973169917834
8479,1613447052,15,15.673572012750316,16.510026225641234,0.9761305105435292,0.0037287973169917834
8480,3245956606,20,20.22042786210377,16.609369856601656,0.9761305105435292,0.0037287973169917834
8481,2060181108,20,19.387422673896545,15.648502687618825,0.9761305105435292,0.0037287973169917834
8482,1095399768,13,11.512365471338608,16.67259550757185,0.9761305105435292,0.0037287973169917834
8483,554865259,12,12.494218128782169,15.720468880074218,0.9761305105435292,0.0037287973169917834
8484,1489770047,16,15.430269484481954,16.994412349066742,0.9761305105435292,0.0037287973169917834
8485,3918895138,14,13.850252861966126,14.784965450562936,0.9761305105435292,0.0037287973169917834
8486,1672421369,21,21.093127132032393,14.493881521651995,0.9761305105435292,0.0037287973169917834
8487,1325400752,9,9.166054218654914,16.501638734837904,0.9761305105435292,0.0037287973169917834
8488,3183327812,19,18.99676796196271,16.6501358234918,0.9761305105435292,0.0037287973169917834
8489,3444527808,15,13.820254917658946,16.7072767557816,0.9761305105435292,0.0037287973169917834
8490,889794734,13,12.897918664875823,16.689041477869747,0.9761305105435292,0.0037287973169917834
8491,3572847117,16,14.97973848977322,14.879695334676786,0.9761305105435292,0.0037287973169917834
8492,3227355768,14,12.814548197344399,16.971841876654622,0.9761305105435292,0.0037287973169917834
8493,488578947,17,17.39368416243044,16.621167815240824,0.9761305105435292,0.0037287973169917834
8494,3189236481,16,16.114011251309243,15.029435594306062,0.9761305105435292,0.0037287973169917834
8495,2615778674,19,18.805556039452046,15.20819037448543,0.9761305105435292,0.0037287973169917834
8496,213151168,13,13.3210630516202,15.793957918826276,0.9761305105435292,0.0037287973169917834
8497,3584901048,20,21.02281045436809,16.225779259088423,0.9761305105435292,0.0037287973169917834
8498,3327056882,19,19.54472255314638,15.966082898059312,0.9761305105435292,0.0037287973169917834
8499,3006895896,16,16.31978882349353,15.93311600669603,0.9761305105435292,0.0037287973169917834
8500,36147501,12,12.99446632706121,15.021942613822247,0.9761305105435292,0.0037287973169917834
8501,976966956,16,16.286627869455316,16.4168549514364,0.9761305105435292,0.0037287973169917834
8502,250226382,16,15.897054801070244,15.239201923636628,0.9761305105435292,0.0037287973169917834
8503,343701672,14,14.109145766068693,14.950039926445518,0.9761305105435292,0.0037287973169917834
8504,3252599873,16,15.478785811493214,14.408771263761071,0.9761305105435292,0.0037287973169917834
8505,1072415282,18,18.201818304042952,15.782787985397988,0.9761305105435292,0.0037287973169917834
8506,850272452,12,13.048462883732828,15.751372481219937,0.9761305105435292,0.0037287973169917834
8507,2716703007,18,16.595833107995563,17.299988826313147,0.9761305105435292,0.0037287973169917834
8508,1087864609,16,16.732907017336395,14.133006625885127,0.9761305105435292,0.0037287973169917834
8509,784105399,22,21.9700752426128,16.059043416715973,0.9761305105435292,0.0037287973169917834
8510,1560282093,13,12.901916704499005,15.205370424364386,0.9761305105435292,0.0037287973169917834
8511,1070976812,20,20.181485896952488,13.780722877620224,0.9761305105435292,0.0037287973169917834
8512,911131364,15,13.90322940162459,15.781128244098023,0.9761305105435292,0.0037287973169917834
8513,768685144,14,14.389461662500542,14.576757156871219,0.9761305105435292,0.0037287973169917834
8514,2922864296,18,18.17833259819023,17.779185966076295,0.9761305105435292,0.0037287973169917834
8515,3633378817,13,13.668625633186352,16.676233283579315,0.9761305105435292,0.0037287973169917834
8516,3790280242,16,15.909404270389292,19.06497684936076,0.9761305105435292,0.0037287973169917834
8517,3043362471,16,16.85683419089507,18.123606566893567,0.9761305105435292,0.0037287973169917834
8518,2757254586,16,15.343889742616037,16.389888790629122,0.9761305105435292,0.0037287973169917834
8519,3650864881,19,19.78073340773401,16.1802759889778,0.9761305105435292,0.0037287973169917834
8520,2936403910,19,19.34909771589872,15.902264213918633,0.9761305105435292,0.0037287973169917834
8521,2235527131,21,20.999688204761043,15.73181283398004,0.9761305105435292,0.0037287973169917834
8522,511248633,16,14.260488191397537,16.967528594758896,0.9761305105435292,0.0037287973169917834
8523,3583760572,19,18.18070516699583,15.156737487215054,0.9761305105435292,0.0037287973169917834
8524,598150238,15,13.844166173859378,17.12573206035868,0.9761305105435292,0.0037287973169917834
8525,3142334941,19,18.869124885537705,16.01113426604623,0.9761305105435292,0.0037287973169917834
8526,2180038819,12,12.40972218257127,18.02352951919422,0.9761305105435292,0.0037287973169917834
8527,89029137,13,14.071380539927256,16.337680572034323,0.9761305105435292,0.0037287973169917834
8528,3011837044,17,17.411795205878136,16.39666908981122,0.9761305105435292,0.0037287973169917834
8529,1805409225,18,17.622733584861724,16.68036999440175,0.9761305105435292,0.0037287973169917834
8530,1963071544,11,10.717892712962922,17.03646512145398,0.9761305105435292,0.0037287973169917834
8531,2334794349,14,13.67070642906379,15.117014988370974,0.9761305105435292,0.0037287973169917834
8532,2467651951,16,15.054292781021948,15.354086680212188,0.9761305105435292,0.0037287973169917834
8533,4135040609,20,19.882868989972927,14.929353046209538,0.9761305105435292,0.0037287973169917834
8534,787850314,16,15.54678832022872,16.610218492441,0.9761305105435292,0.0037287973169917834
8535,3116590890,17,16.4992109921326,15.358286040501445,0.9761305105435292,0.0037287973169917834
8536,3256818333,16,16.935860947392367,15.206561264144677,0.9761305105435292,0.0037287973169917834
8537,1277905667,13,13.66628149592386,17.19743666567441,0.9761305105435292,0.0037287973169917834
8538,3125290960,14,14.561788338461062,17.641067308688275,0.9761305105435292,0.0037287973169917834
8539,2890094451,17,16.554676438789414,15.437200342186738,0.9761305105435292,0.0037287973169917834
8540,881719485,18,16.627113536778467,16.399083999722816,0.9761305105435292,0.0037287973169917834
8541,130173788,14,13.953157074290123,14.276348389070751,0.9761305105435292,0.0037287973169917834
8542,3081656834,16,16.10049654714028,15.78319278591795,0.9761305105435292,0.0037287973169917834
8543,3668996309,16,16.758721756476366,17.254769367217712,0.9761305105435292,0.0037287973169917834
8544,498254470,14,13.944828999135813,16.322183309228528,0.9761305105435292,0.0037287973169917834
8545,1193727237,14,14.031220301545243,16.553113827311474,0.9761305105435292,0.0037287973169917834
8546,4062604543,20,19.870892018682035,16.205358210458893,0.9761305105435292,0.0037287973169917834
8547,451739991,15,14.847965052062893,17.10728686485667,0.9761305105435292,0.0037287973169917834
8548,2956379130,17,17.61939489629767,15.688143073823886,0.9761305105435292,0.0037287973169917834
8549,3618979288,20,19.916890849745858,16.085534415984217,0.9761305105435292,0.0037287973169917834
8550,3127771538,14,14.32919621748817,15.246155525773514,0.9761305105435292,0.0037287973169917834
8551,258400381,17,17.475629319157004,13.370294443274863,0.9761305105435292,0.0037287973169917834
8552,3844345583,17,18.07126524044158,14.738880300587832,0.9761305105435292,0.0037287973169917834
8553,249333593,16,15.33637991111865,17.001179791627198,0.9761305105435292,0.0037287973169917834
8554,3903383099,17,17.048479939672234,16.07004549750374,0.9761305105435292,0.0037287973169917834
8555,3724717554,17,17.03857072159159,15.73464780181215,0.9761305105435292,0.0037287973169917834
8556,485103382,15,15.253066892039362,16.012480357378912,0.9761305105435292,0.0037287973169917834
8557,1124807513,14,13.083687142791415,15.827015955629472,0.9761305105435292,0.0037287973169917834
8558,64354861,17,16.370956562787494,16.985191578539276,0.9761305105435292,0.0037287973169917834
8559,3769459291,16,16.129629163466582,15.513144237618402,0.9761305105435292,0.0037287973169917834
8560,2358482797,17,15.15500724615679,15.703321820982941,0.9761305105435292,0.0037287973169917834
8561,1102158671,16,15.678985554087294,15.637635005843624,0.9761305105435292,0.0037287973169917834
8562,3136335619,17,16.25412606283292,16.984492820703668,0.9761305105435292,0.0037287973169917834
8563,1323952071,20,18.352798514363723,15.855871309891535,0.9761305105435292,0.0037287973169917834
8564,3282370471,20,20.23822219700879,17.138730065711727,0.9761305105435292,0.0037287973169917834
8565,3860521861,16,16.118034298849786,17.65192635282808,0.9761305105435292,0.0037287973169917834
8566,2790282831,15,14.144119925394794,14.182582295600984,0.9761305105435292,0.0037287973169917834
8567,1160592524,14,14.75450299273604,16.15960302451507,0.9761305105435292,0.0037287973169917834
8568,733732153,20,20.72825965552505,14.917973489143042,0.9761305105435292,0.0037287973169917834
8569,2765974671,18,17.891770906145318,14.898834931059136,0.9761305105435292,0.0037287973169917834
8570,1855981973,13,13.874135669428503,17.018337091499653,0.9761305105435292,0.0037287973169917834
8571,3875244471,21,20.683184558712547,16.447764525318888,0.9761305105435292,0.0037287973169917834
8572,628244159,19,19.353954148019557,15.058595975276884,0.9761305105435292,0.0037287973169917834
8573,3135365430,17,16.46257357074205,14.982522681625136,0.9761305105435292,0.0037287973169917834
8574,3947389963,14,14.526702310429126,14.818195350070642,0.9761305105435292,0.0037287973169917834
8575,2007726881,19,20.330127846723087,14.188894109861852,0.9761305105435292,0.0037287973169917834
8576,1527537189,15,15.473909715901248,14.686172047980502,0.9761305105435292,0.0037287973169917834
8577,2280193730,18,18.341240511814586,16.649019571026866,0.9761305105435292,0.0037287973169917834
8578,1532413654,18,18.49868860035833,15.698969105613997,0.9761305105435292,0.0037287973169917834
8579,499985637,17,17.387105270770896,16.350476345142873,0.9761305105435292,0.0037287973169917834
8580,3590670194,15,14.449286996577365,15.059284254950265,0.9761305105435292,0.0037287973169917834
8581,2997030660,13,13.87461584431504,17.61514675275572,0.9761305105435292,0.0037287973169917834
8582,3329230003,13,13.365853052383883,14.192624547309885,0.9761305105435292,0.0037287973169917834
8583,3974280187,21,21.733983603013453,15.915251247959901,0.9761305105435292,0.0037287973169917834
8584,51942374,13,13.47134395327457,15.398419161311391,0.9761305105435292,0.0037287973169917834
8585,2982809550,17,16.073502969920376,14.416559585040938,0.9761305105435292,0.0037287973169917834
8586,4269935855,18,18.164287086311987,16.33028341335499,0.9761305105435292,0.0037287973169917834
8587,2495012662,19,19.22437969870931,16.11347858006493,0.9761305105435292,0.0037287973169917834
8588,4041961001,18,17.12157590210719,16.64249504139386,0.9761305105435292,0.0037287973169917834
8589,3977723181,19,18.742100066989273,17.198784021780217,0.9761305105435292,0.0037287973169917834
8590,1904623824,11,10.447319443072269,15.758266249699034,0.9761305105435292,0.0037287973169917834
8591,2025818611,20,19.21193412674055,17.57792160526496,0.9761305105435292,0.0037287973169917834
8592,648841747,13,13.598899192468698,16.519061179300465,0.9761305105435292,0.0037287973169917834
8593,355802789,15,14.478027031356646,16.245663716528696,0.9761305105435292,0.0037287973169917834
8594,2526075681,14,13.446330612476936,16.830507907551507,0.9761305105435292,0.0037287973169917834
8595,2199580825,14,14.238445189224487,18.022526336830428,0.9761305105435292,0.0037287973169917834
8596,3995569054,19,18.67280036679138,13.690548298469775,0.9761305105435292,0.0037287973169917834
8597,611876285,18,17.99586885956641,15.04804379515842,0.9761305105435292,0.0037287973169917834
8598,873042713,12,11.943968962253084,14.519197904204834,0.9761305105435292,0.0037287973169917834
8599,2406123229,18,17.54013113959958,16.33479687463801,0.9761305105435292,0.0037287973169917834
8600,1297360666,14,14.265951646621534,16.263076308847367,0.9761305105435292,0.0037287973169917834
8601,409038173,15,15.890551436633103,14.628992139918708,0.9761305105435292,0.0037287973169917834
8602,3846807549,21,21.515172661048076,16.359530993242323,0.9761305105435292,0.0037287973169917834
8603,1215249217,15,13.97810344803186,15.22017950527208,0.9761305105435292,0.0037287973169917834
8604,2361351879,20,19.818583779427478,13.406622079611608,0.9761305105435292,0.0037287973169917834
8605,1497318932,15,15.389677938027521,15.70908061137655,0.9761305105435292,0.0037287973169917834
8606,2586052327,14,13.640981502688083,15.03694413084979,0.9761305105435292,0.0037287973169917834
8607,3048808962,13,13.476852197808743,16.44619933426098,0.9761305105435292,0.0037287973169917834
8608,561607074,14,14.444494212260059,14.591027027490265,0.9761305105435292,0.0037287973169917834
8609,3575248393,16,15.89688085881961,17.285782128250748,0.9761305105435292,0.0037287973169917834
8610,1343720622,14,13.252412387924261,17.978761824337735,0.9761305105435292,0.0037287973169917834
8611,2698457298,14,14.341113565545573,14.918391298510153,0.9761305105435292,0.0037287973169917834
8612,670875519,24,24.2724782454841,17.691551211839627,0.9761305105435292,0.0037287973169917834
8613,2218029291,14,13.185702369273438,12.346702320259741,0.9761305105435292,0.0037287973169917834
8614,1360575189,15,14.736076261742534,16.536684050541087,0.9761305105435292,0.0037287973169917834
8615,1308589783,24,22.341281532893653,15.196232648968884,0.9761305105435292,0.0037287973169917834
8616,894052832,13,12.253234577742415,14.697426847909707,0.9761305105435292,0.0037287973169917834
8617,1796578193,16,14.983370659205004,14.880335051817521,0.9761305105435292,0.0037287973169917834
8618,3335296127,18,18.480290058213434,17.820174146921325,0.9761305105435292,0.0037287973169917834
8619,965320128,14,13.01989511543258,13.279031608398132,0.9761305105435292,0.0037287973169917834
8620,265422419,14,13.428897176875065,16.06622417999531,0.9761305105435292,0.0037287973169917834
8621,981198747,21,21.474454499356465,16.441080916849433,0.9761305105435292,0.0037287973169917834
8622,564947287,15,15.035411654628888,16.806287250071264,0.9761305105435292,0.0037287973169917834
8623,1953994492,20,20.280480525522982,16.15638288172157,0.9761305105435292,0.0037287973169917834
8624,1272438498,20,21.24873033985406,16.586388526760835,0.9761305105435292,0.0037287973169917834
8625,1735371215,21,21.358998876415303,15.387405076684633,0.9761305105435292,0.0037287973169917834
8626,1259229281,12,12.751348428231688,16.584874777637957,0.9761305105435292,0.0037287973169917834
8627,981118694,19,18.74274907561641,14.801620767417237,0.9761305105435292,0.0037287973169917834
8628,1340476773,17,16.700806945579032,16.698342700999905,0.9761305105435292,0.0037287973169917834
8629,3760779607,15,15.334113721124705,16.30216648492327,0.9761305105435292,0.0037287973169917834
8630,414176521,15,14.852644888791255,17.333477879626727,0.9761305105435292,0.0037287973169917834
8631,3985444951,16,16.143290981433598,14.005043929405167,0.9761305105435292,0.0037287973169917834
8632,3732267647,22,21.919716282275324,15.285731015478962,0.9761305105435292,0.0037287973169917834
8633,181039376,11,10.661460274785291,15.800780393133058,0.9761305105435292,0.0037287973169917834
8634,2577997476,15,14.900015420635729,16.047418126710895,0.9761305105435292,0.0037287973169917834
8635,31255835,16,16.41245694272857,14.594826240130008,0.9761305105435292,0.0037287973169917834
8636,2695904161,13,12.41112513644888,15.278775130461048,0.9761305105435292,0.0037287973169917834
8637,224464762,15,14.83370426788673,14.742907211312575,0.9761305105435292,0.0037287973169917834
8638,654808008,14,14.89995102465113,14.89907894105004,0.9761305105435292,0.0037287973169917834
8639,2259551257,12,12.844795391436296,16.568332161724783,0.9761305105435292,0.0037287973169917834
8640,1836368780,16,14.11149916154909,17.23298635366544,0.9761305105435292,0.0037287973169917834
8641,303425436,15,14.735459499383037,14.406242649423039,0.9761305105435292,0.0037287973169917834
8642,3294706940,16,16.54545002522624,15.4280736644998,0.9761305105435292,0.0037287973169917834
8643,1505081010,18,18.762205211583005,16.52681014995825,0.9761305105435292,0.0037287973169917834
8644,3754023996,19,19.377253280026945,17.130314114601614,0.9761305105435292,0.0037287973169917834
8645,1094263585,11,11.218972188659267,17.367248195464533,0.9761305105435292,0.0037287973169917834
8646,1907610739,18,18.47422608965217,15.791584505304067,0.9761305105435292,0.0037287973169917834
8647,1688986471,18,17.73168090163366,15.157220783419763,0.9761305105435292,0.0037287973169917834
8648,3949496655,17,17.559552021303567,17.340437714084775,0.9761305105435292,0.0037287973169917834
8649,2852691236,12,11.512086709945873,16.661124709149348,0.9761305105435292,0.0037287973169917834
8650,333301243,20,20.116833616051736,15.946438480531146,0.9761305105435292,0.0037287973169917834
8651,2306921439,16,16.00595779150867,16.55688393562479,0.9761305105435292,0.0037287973169917834
8652,937596414,20,20.28141287701365,15.83585878026778,0.9761305105435292,0.0037287973169917834
8653,3066148257,16,16.275967855986558,15.305919237184673,0.9761305105435292,0.0037287973169917834
8654,2303634254,16,15.365516806447118,16.145529354810225,0.9761305105435292,0.0037287973169917834
8655,470869514,11,11.602629609176713,18.27680427305826,0.9761305105435292,0.0037287973169917834
8656,549639366,12,11.885284176608675,14.54190579413912,0.9761305105435292,0.0037287973169917834
8657,3308714959,21,21.308034607474543,15.05421356057044,0.9761305105435292,0.0037287973169917834
8658,1421015726,18,18.611506989478038,14.594448204520361,0.9761305105435292,0.0037287973169917834
8659,3836728770,18,18.5645850893551,14.47044933641853,0.9761305105435292,0.0037287973169917834
8660,2642738159,21,20.993905823862924,14.829682472855016,0.9761305105435292,0.0037287973169917834
8661,1507280342,18,18.33990349410161,14.94769663679098,0.9761305105435292,0.0037287973169917834
8662,1035973319,21,20.9153566888628,16.522112789357546,0.9761305105435292,0.0037287973169917834
8663,837566011,18,18.717853005848603,16.87516367510596,0.9761305105435292,0.0037287973169917834
8664,3565678310,19,19.425637360819316,15.633340213360977,0.9761305105435292,0.0037287973169917834
8665,1538613809,16,15.456122875701883,15.328590704096388,0.9761305105435292,0.0037287973169917834
8666,3502476011,16,15.970796188950299,15.801123764407004,0.9761305105435292,0.0037287973169917834
8667,1479823048,13,13.269623627360849,14.917312807091196,0.9761305105435292,0.0037287973169917834
8668,4069435215,19,19.357762036121315,15.675190429244333,0.9761305105435292,0.0037287973169917834
8669,2870081044,15,15.409927040064613,15.552217802071294,0.9761305105435292,0.0037287973169917834
8670,2306804220,18,17.284405437966118,15.168561787809955,0.9761305105435292,0.0037287973169917834
8671,786673117,20,19.733592858760094,15.57719206375783,0.9761305105435292,0.0037287973169917834
8672,2367731864,12,11.771862284347918,14.96283003231036,0.9761305105435292,0.0037287973169917834
8673,347187800,13,12.14954782859358,15.904810872932705,0.9761305105435292,0.0037287973169917834
8674,250509835,17,15.948763444157795,16.603177044380804,0.9761305105435292,0.0037287973169917834
8675,429927257,13,12.521937691264409,17.080678405310735,0.9761305105435292,0.0037287973169917834
8676,1888975297,16,16.00109424105853,16.842985067574205,0.9761305105435292,0.0037287973169917834
8677,1713020088,15,15.39974825054926,15.683483071698102,0.9761305105435292,0.0037287973169917834
8678,1391829608,15,15.11432190372184,16.006973050945334,0.9761305105435292,0.0037287973169917834
8679,1290313594,18,17.195596148663338,14.117982998959198,0.9761305105435292,0.0037287973169917834
8680,2139937268,20,19.298602835016265,17.959662598236566,0.9761305105435292,0.0037287973169917834
8681,3792771084,10,9.546157247267939,17.022527629434656,0.9761305105435292,0.0037287973169917834
8682,2430722176,10,9.186784200023297,14.891109953975683,0.9761305105435292,0.0037287973169917834
8683,712560814,15,15.424909790577042,15.38714975465378,0.9761305105435292,0.0037287973169917834
8684,3053707959,17,17.402249186750982,17.249399717113796,0.9761305105435292,0.0037287973169917834
8685,116749886,18,18.871142515653208,14.422116452607725,0.9761305105435292,0.0037287973169917834
8686,1462835097,16,15.765343088312889,17.123530522056843,0.9761305105435292,0.0037287973169917834
8687,115604489,15,14.472795998948769,15.624340293382115,0.9761305105435292,0.0037287973169917834
8688,3161791985,19,19.293018795786406,15.506170127538056,0.9761305105435292,0.0037287973169917834
8689,3076783966,23,22.698392820423095,15.353955357866715,0.9761305105435292,0.0037287973169917834
8690,4227753253,21,21.8068386244859,15.889390449446907,0.9761305105435292,0.0037287973169917834
8691,3016968282,16,15.642845432872354,14.213902279166456,0.9761305105435292,0.0037287973169917834
8692,737123675,21,19.560692500998737,14.422477416442453,0.9761305105435292,0.0037287973169917834
8693,3318078800,16,14.690757575845293,15.263464560161529,0.9761305105435292,0.0037287973169917834
8694,2711078593,15,15.182378982887155,16.789178067907553,0.9761305105435292,0.0037287973169917834
8695,478183775,12,12.406929096468453,15.83126812029102,0.9761305105435292,0.0037287973169917834
8696,3460088698,18,18.19837654518531,16.598167471553307,0.9761305105435292,0.0037287973169917834
8697,3221685283,9,8.906663466015049,14.935534300045992,0.9761305105435292,0.0037287973169917834
8698,3609366308,15,15.34636147068683,18.194312074600322,0.9761305105435292,0.0037287973169917834
8699,4065649418,15,14.303069741122703,14.771083277559544,0.9761305105435292,0.0037287973169917834
8700,2704235885,18,18.55320318140273,15.562122763674912,0.9761305105435292,0.0037287973169917834
8701,1871049460,19,18.449141001521717,13.552247195768155,0.9761305105435292,0.0037287973169917834
8702,2952506490,22,22.25770589535901,16.77667277746814,0.9761305105435292,0.0037287973169917834
8703,1741636504,17,16.088863893770117,16.459042385723176,0.9761305105435292,0.0037287973169917834
8704,1215409513,15,13.951865173008034,15.784828526832005,0.9761305105435292,0.0037287973169917834
8705,983619576,17,15.73759358679107,14.734506296439497,0.9761305105435292,0.0037287973169917834
8706,1492131490,14,14.833903111897902,14.951193656628002,0.9761305105435292,0.0037287973169917834
8707,993330992,14,12.303207355533862,15.45480085420437,0.9761305105435292,0.0037287973169917834
8708,1845614109,15,15.21930992826077,16.805186847101748,0.9761305105435292,0.0037287973169917834
8709,1701785871,17,16.252968748011966,13.839606097200178,0.9761305105435292,0.0037287973169917834
8710,1894604212,18,17.84632534460618,16.658977212017916,0.9761305105435292,0.0037287973169917834
8711,3533579813,15,14.475582693008267,16.30974938054745,0.9761305105435292,0.0037287973169917834
8712,3780361404,18,17.246973023070574,15.805794003293792,0.9761305105435292,0.0037287973169917834
8713,3050958355,19,18.47829568001179,13.241510322805723,0.9761305105435292,0.0037287973169917834
8714,2723336495,15,13.827174461133788,14.20480321551123,0.9761305105435292,0.0037287973169917834
8715,1259462077,18,17.50482769638917,17.9270853799612,0.9761305105435292,0.0037287973169917834
8716,1399133643,16,16.17854331090791,16.493927159369832,0.9761305105435292,0.0037287973169917834
8717,3855657392,15,15.196912658136077,14.44176950788339,0.9761305105435292,0.0037287973169917834
8718,4174511299,19,18.68479902789882,15.928494159858653,0.9761305105435292,0.0037287973169917834
8719,4102581528,14,14.248953904233304,18.94921986981694,0.9761305105435292,0.0037287973169917834
8720,902854399,20,20.40282280933915,17.869859085254394,0.9761305105435292,0.0037287973169917834
8721,3548088328,14,13.131303290407605,16.040922800818333,0.9761305105435292,0.0037287973169917834
8722,3524478943,18,18.765268696466094,14.652985462460896,0.9761305105435292,0.0037287973169917834
8723,1029054494,14,13.294335962126889,15.41782088399128,0.9761305105435292,0.0037287973169917834
8724,3651358649,19,19.0345454384638,16.52311275623448,0.9761305105435292,0.0037287973169917834
8725,1190600625,19,18.058823638000952,15.700014869458787,0.9761305105435292,0.0037287973169917834
8726,2077899233,19,17.536675173215645,15.524980127946682,0.9761305105435292,0.0037287973169917834
8727,3870338943,21,20.986014031080295,18.031139698509453,0.9761305105435292,0.0037287973169917834
8728,1727972202,19,19.468879647730763,12.199866205830752,0.9761305105435292,0.0037287973169917834
8729,3706544414,18,19.131144819068123,17.065389071915313,0.9761305105435292,0.0037287973169917834
8730,370192166,13,12.820473531385042,17.331658543391892,0.9761305105435292,0.0037287973169917834
8731,2084230096,17,16.761234113417597,16.480914719233514,0.9761305105435292,0.0037287973169917834
8732,1133874303,17,17.22953849578775,17.22864168885706,0.9761305105435292,0.0037287973169917834
8733,103040643,10,9.84510338666514,16.58597761780013,0.9761305105435292,0.0037287973169917834
8734,2756730257,13,12.849182685438752,15.271673235487361,0.9761305105435292,0.0037287973169917834
8735,3663792934,14,14.834103940046187,16.190406231865502,0.9761305105435292,0.0037287973169917834
8736,708033761,16,17.07583719898276,16.96871354069114,0.9761305105435292,0.0037287973169917834
8737,3216008388,16,15.48918765906834,16.37660821990432,0.9761305105435292,0.0037287973169917834
8738,3534459822,18,17.787096039150946,15.69682384866827,0.9761305105435292,0.0037287973169917834
8739,1360554177,11,10.242424759809785,14.863554018003986,0.9761305105435292,0.0037287973169917834
8740,1103790541,13,13.720881804811295,14.809603398257774,0.9761305105435292,0.0037287973169917834
8741,1571471682,14,14.456721638690619,15.27188419037545,0.9761305105435292,0.0037287973169917834
8742,2286015039,14,13.401936880390735,14.836203313085651,0.9761305105435292,0.0037287973169917834
8743,161282176,12,11.56954258260524,13.889386790186133,0.9761305105435292,0.0037287973169917834
8744,2019886414,14,15.504917853710202,15.362250485032405,0.9761305105435292,0.0037287973169917834
8745,2081575557,13,12.594282930734888,14.597286952050613,0.9761305105435292,0.0037287973169917834
8746,1345879432,13,13.143654874075247,18.432321634598424,0.9761305105435292,0.0037287973169917834
8747,3207189786,18,18.109927980381507,17.40549894089905,0.9761305105435292,0.0037287973169917834
8748,1605972466,19,19.647676402827628,14.296691630686931,0.9761305105435292,0.0037287973169917834
8749,707144674,14,13.880124602107188,15.817549617397711,0.9761305105435292,0.0037287973169917834
8750,3788521863,13,13.223285681811891,16.55115009626175,0.9761305105435292,0.0037287973169917834
8751,1545091726,14,14.638502494283376,14.130915405703357,0.9761305105435292,0.0037287973169917834
8752,2481656760,17,18.23274856373347,16.14521083589505,0.9761305105435292,0.0037287973169917834
8753,286824970,10,10.082595015987538,15.875707813156207,0.9761305105435292,0.0037287973169917834
8754,3598355023,18,17.630360670548306,15.897631902447847,0.9761305105435292,0.0037287973169917834
8755,1192971662,16,15.701638920159596,16.015558236531774,0.9761305105435292,0.0037287973169917834
8756,1867353988,17,16.16460619398941,17.503361403346226,0.9761305105435292,0.0037287973169917834
8757,372928021,15,14.446530594740926,16.793767959227257,0.9761305105435292,0.0037287973169917834
8758,1628611995,14,14.191606621115415,17.155542217138475,0.9761305105435292,0.0037287973169917834
8759,1021757438,21,20.78964991416355,18.09994923423863,0.9761305105435292,0.0037287973169917834
8760,2677663749,16,15.738647013985226,17.524942741162917,0.9761305105435292,0.0037287973169917834
8761,1499071489,10,8.823609484559398,14.391393455139262,0.9761305105435292,0.0037287973169917834
8762,454939653,14,12.984213287098783,19.13864093376833,0.9761305105435292,0.0037287973169917834
8763,2055214345,11,11.14972597013401,15.328662204594838,0.9761305105435292,0.0037287973169917834
8764,1381852044,15,15.069619663846137,16.554147580047953,0.9761305105435292,0.0037287973169917834
8765,1633644303,19,20.597316190834214,16.365681399706222,0.9761305105435292,0.0037287973169917834
8766,1819123491,18,18.516069020780414,17.711473005117078,0.9761305105435292,0.0037287973169917834
8767,4258044304,17,18.04897177642321,14.608872297274653,0.9761305105435292,0.0037287973169917834
8768,1850910764,14,14.413092771022738,15.552711059782462,0.9761305105435292,0.0037287973169917834
8769,4046034442,14,14.484473371140131,16.76986444410053,0.9761305105435292,0.0037287973169917834
8770,2287643905,12,12.877406146830728,15.949117428391208,0.9761305105435292,0.0037287973169917834
8771,1164152476,15,16.38827221764605,15.996475616615928,0.9761305105435292,0.0037287973169917834
8772,3185494497,20,20.88515200749412,15.38615917484714,0.9761305105435292,0.0037287973169917834
8773,3238346937,11,10.698452652620954,15.870277904327082,0.9761305105435292,0.0037287973169917834
8774,2401458877,18,17.707651518168543,15.14322014881393,0.9761305105435292,0.0037287973169917834
8775,2441717413,14,14.290818372821462,17.261581061713894,0.9761305105435292,0.0037287973169917834
8776,3026541479,18,18.282833795893648,14.980032947169946,0.9761305105435292,0.0037287973169917834
8777,1705460010,14,13.76480765472121,14.887168935253161,0.9761305105435292,0.0037287973169917834
8778,3367494181,16,15.503768566947434,15.53365321353615,0.9761305105435292,0.0037287973169917834
8779,1403689615,17,17.21120580362849,17.441118584195465,0.9761305105435292,0.0037287973169917834
8780,3140095577,16,15.239733619467511,14.444842402178512,0.9761305105435292,0.0037287973169917834
8781,98158616,12,12.316017278751321,14.769976369737705,0.9761305105435292,0.0037287973169917834
8782,3667659409,14,14.236966473202722,14.850367069343415,0.9761305105435292,0.0037287973169917834
8783,3718000306,18,18.787528148660925,15.00689525163483,0.9761305105435292,0.0037287973169917834
8784,3151667481,17,16.53985090824675,15.655682379782442,0.9761305105435292,0.0037287973169917834
8785,2456941014,17,16.880441440857414,15.596286420240315,0.9761305105435292,0.0037287973169917834
8786,2873373747,14,13.200638267293206,16.979370632450518,0.9761305105435292,0.0037287973169917834
8787,84562168,11,11.548182242869709,13.318140975398894,0.9761305105435292,0.0037287973169917834
8788,352491137,10,9.835648643956533,16.08456545354864,0.9761305105435292,0.0037287973169917834
8789,2053168194,14,13.992640337589602,17.01350789976487,0.9761305105435292,0.0037287973169917834
8790,1879083615,12,11.466433506194704,16.267771182341455,0.9761305105435292,0.0037287973169917834
8791,3507896508,13,12.727125956675032,14.996180787675305,0.9761305105435292,0.0037287973169917834
8792,787489245,16,15.5729692266267,15.904529982107132,0.9761305105435292,0.0037287973169917834
8793,2599529556,16,14.064948910633444,15.193079200201959,0.9761305105435292,0.0037287973169917834
8794,1792487306,18,17.514035689798146,14.642518801038884,0.9761305105435292,0.0037287973169917834
8795,2809507223,20,19.924473453385286,15.996227816224415,0.9761305105435292,0.0037287973169917834
8796,1939232441,18,17.538340961577937,16.4041246951951,0.9761305105435292,0.0037287973169917834
8797,1462644789,15,15.863302013841695,15.885959130487336,0.9761305105435292,0.0037287973169917834
8798,1922656342,15,15.308763844032622,14.42644934509868,0.9761305105435292,0.0037287973169917834
8799,231133386,14,14.663609068044384,16.264989138386095,0.9761305105435292,0.0037287973169917834
8800,2255533386,14,13.85236121907109,17.580730001647503,0.9761305105435292,0.0037287973169917834
8801,1471864481,19,18.60694888959071,15.516558587599892,0.9761305105435292,0.0037287973169917834
8802,329538757,14,14.090569873855875,16.740529214649563,0.9761305105435292,0.0037287973169917834
8803,2022163747,15,14.56344299983125,17.161679794093544,0.9761305105435292,0.0037287973169917834
8804,1331261196,17,17.759048205401502,17.886587170391955,0.9761305105435292,0.0037287973169917834
8805,3696525404,13,13.390220939331268,17.902617213671846,0.9761305105435292,0.0037287973169917834
8806,818704142,15,14.369686258314815,15.26542099519913,0.9761305105435292,0.0037287973169917834
8807,708504317,19,18.482913291134004,16.380795802369967,0.9761305105435292,0.0037287973169917834
8808,3030084333,19,18.679978532669672,15.962201294006547,0.9761305105435292,0.0037287973169917834
8809,3778633738,12,12.08802106456018,15.705378852695759,0.9761305105435292,0.0037287973169917834
8810,3171681174,14,12.83795134218729,16.475293002386245,0.9761305105435292,0.0037287973169917834
8811,1846683704,12,12.216875988184508,16.52618728663407,0.9761305105435292,0.0037287973169917834
8812,3557366154,12,11.843107597533256,15.056677543210077,0.9761305105435292,0.0037287973169917834
8813,1967842418,16,16.815308140668982,16.304669248426553,0.9761305105435292,0.0037287973169917834
8814,1422873993,16,15.797170947052887,15.73948288462995,0.9761305105435292,0.0037287973169917834
8815,1280386066,10,10.436065181279506,14.98040880255948,0.9761305105435292,0.0037287973169917834
8816,2729976410,13,13.372958826082547,16.958671629924673,0.9761305105435292,0.0037287973169917834
8817,3786052983,18,17.626428670928412,15.488985310861343,0.9761305105435292,0.0037287973169917834
8818,1336561500,18,18.266876459082717,14.904322103011543,0.9761305105435292,0.0037287973169917834
8819,57990834,16,15.867621414835662,16.179380580106077,0.9761305105435292,0.0037287973169917834
8820,1217917663,19,19.194888861210877,12.475728097900403,0.9761305105435292,0.0037287973169917834
8821,3260281745,16,15.864570399683501,16.263678575413262,0.9761305105435292,0.0037287973169917834
8822,3362893074,14,14.733145992707994,15.30671442418257,0.9761305105435292,0.0037287973169917834
8823,579845797,17,16.795545151542672,16.60849547463717,0.9761305105435292,0.0037287973169917834
8824,2941363159,19,18.82342988955424,18.06341552661031,0.9761305105435292,0.0037287973169917834
8825,2388536139,17,17.540740866502972,18.290447283906968,0.9761305105435292,0.0037287973169917834
8826,1087032057,15,14.363274847370846,16.879932953584746,0.9761305105435292,0.0037287973169917834
8827,3016464683,18,18.01866837170373,15.029909157337048,0.9761305105435292,0.0037287973169917834
8828,1233733850,13,12.66054492866428,16.630845701843874,0.9761305105435292,0.0037287973169917834
8829,2158658840,10,10.15518748545379,15.362135864523083,0.9761305105435292,0.0037287973169917834
8830,2742959287,20,20.66138252428413,16.206130434164105,0.9761305105435292,0.0037287973169917834
8831,332845783,18,17.661288335587805,16.01685130684095,0.9761305105435292,0.0037287973169917834
8832,1253605900,11,10.744590412045985,17.345666454769724,0.9761305105435292,0.0037287973169917834
8833,1258528932,11,10.308585014371886,14.671379180604225,0.9761305105435292,0.0037287973169917834
8834,3196253803,19,20.09545757117004,14.965155467176857,0.9761305105435292,0.0037287973169917834
8835,3515414424,16,15.196835915229954,16.525436670153777,0.9761305105435292,0.0037287973169917834
8836,1547124895,16,14.512445443836977,17.40184144796283,0.9761305105435292,0.0037287973169917834
8837,168952178,9,8.447888827461394,15.415337753236184,0.9761305105435292,0.0037287973169917834
8838,3773899428,13,13.419890507946851,15.63188757631716,0.9761305105435292,0.0037287973169917834
8839,1326114521,17,17.82835678365545,15.721720123243532,0.9761305105435292,0.0037287973169917834
8840,167780737,6,6.5687354863596195,15.421786010403727,0.9761305105435292,0.0037287973169917834
8841,2870957709,18,17.744883288088452,16.439392562827408,0.9761305105435292,0.0037287973169917834
8842,1584765078,17,15.465664775966934,15.445111463066619,0.9761305105435292,0.0037287973169917834
8843,2160895655,14,14.484840728100238,14.55036702323051,0.9761305105435292,0.0037287973169917834
8844,3303038755,15,15.539511034693158,14.464491004446277,0.9761305105435292,0.0037287973169917834
8845,77946441,13,11.024376310704008,14.691531620854883,0.9761305105435292,0.0037287973169917834
8846,2591204004,14,13.71312513942427,17.778782446704135,0.9761305105435292,0.0037287973169917834
8847,3624777356,15,14.676564616313765,15.051563499197574,0.9761305105435292,0.0037287973169917834
8848,4200967182,17,17.12099460016318,16.15954853725901,0.9761305105435292,0.0037287973169917834
8849,4177204439,20,19.580846004707876,15.522489911762298,0.9761305105435292,0.0037287973169917834
8850,564868684,14,14.589045176118153,15.75863655848965,0.9761305105435292,0.0037287973169917834
8851,1271084208,14,14.501307645837253,18.105835212610366,0.9761305105435292,0.0037287973169917834
8852,3658825488,15,15.236604099247364,17.102250387119888,0.9761305105435292,0.0037287973169917834
8853,3433438698,17,16.918039681156973,17.445663193185734,0.9761305105435292,0.0037287973169917834
8854,117726778,13,12.035869203116574,14.798500129384726,0.9761305105435292,0.0037287973169917834
8855,1947007966,19,17.629824782899703,16.54930695659498,0.9761305105435292,0.0037287973169917834
8856,1722541899,19,19.982191041059544,16.612705366025782,0.9761305105435292,0.0037287973169917834
8857,1744438257,18,17.575866569830602,15.374126570486677,0.9761305105435292,0.0037287973169917834
8858,4185534674,17,17.686042169747264,15.938897715586924,0.9761305105435292,0.0037287973169917834
8859,2490452874,14,14.052109449359396,16.80003521574489,0.9761305105435292,0.0037287973169917834
8860,2862592466,18,18.634904140440973,15.628144559904078,0.9761305105435292,0.0037287973169917834
8861,2093973351,23,23.18366534615934,18.017562873294146,0.9761305105435292,0.0037287973169917834
8862,3018304126,21,22.07712875472407,16.201946404057917,0.9761305105435292,0.0037287973169917834
8863,3051009080,17,17.192674467610253,16.49345020364474,0.9761305105435292,0.0037287973169917834
8864,3529558632,13,13.022510533564693,15.724914820061395,0.9761305105435292,0.0037287973169917834
8865,96902573,16,15.307548244185037,14.583662943149108,0.9761305105435292,0.0037287973169917834
8866,2524619767,20,18.750812222336346,17.041644637651682,0.9761305105435292,0.0037287973169917834
8867,1343796177,13,13.107099365465904,16.220441134185606,0.9761305105435292,0.0037287973169917834
8868,4233109358,18,17.6013081823542,16.756662246484545,0.9761305105435292,0.0037287973169917834
8869,712586371,14,14.699869097033309,16.656064900209888,0.9761305105435292,0.0037287973169917834
8870,4145703075,17,17.968307222729923,15.659782292052478,0.9761305105435292,0.0037287973169917834
8871,3093869692,16,16.68053662011608,17.45318226873743,0.9761305105435292,0.0037287973169917834
8872,2826816845,18,18.617433061204686,14.84199240313344,0.9761305105435292,0.0037287973169917834
8873,422470386,15,14.772862753111474,16.359981240175273,0.9761305105435292,0.0037287973169917834
8874,4046991047,17,15.690130968593072,16.723160107129253,0.9761305105435292,0.0037287973169917834
8875,2776592447,20,19.69616289763171,17.96188651518865,0.9761305105435292,0.0037287973169917834
8876,1784997385,14,14.357210290767119,16.678343405017166,0.9761305105435292,0.0037287973169917834
8877,3256897990,11,12.225288532426173,17.17012449165356,0.9761305105435292,0.0037287973169917834
8878,1543048915,19,18.13152389432806,17.37113391364681,0.9761305105435292,0.0037287973169917834
8879,1820014235,19,19.243127798183203,15.75235055219324,0.9761305105435292,0.0037287973169917834
8880,3450648033,18,16.764095524229,16.218124912416418,0.9761305105435292,0.0037287973169917834
8881,2235883794,11,9.94480317677004,17.327704354712886,0.9761305105435292,0.0037287973169917834
8882,4192503371,17,17.637943716606845,16.594513376813136,0.9761305105435292,0.0037287973169917834
8883,3527577708,12,14.157115621727012,16.013718653212088,0.9761305105435292,0.0037287973169917834
8884,919484422,14,14.474267045221932,15.922818600693692,0.9761305105435292,0.0037287973169917834
8885,1986418535,19,18.791670162245207,14.18687055133908,0.9761305105435292,0.0037287973169917834
8886,3255411163,14,15.102645138188496,16.740126324086127,0.9761305105435292,0.0037287973169917834
8887,840447032,11,11.038264224167216,16.987328382134024,0.9761305105435292,0.0037287973169917834
8888,3684512335,19,18.359226733023995,16.4757443709296,0.9761305105435292,0.0037287973169917834
8889,3376254255,18,18.69733842818507,17.356582280989777,0.9761305105435292,0.0037287973169917834
8890,429303550,18,18.060599442801387,15.120112699386397,0.9761305105435292,0.0037287973169917834
8891,1583164661,19,20.492132034593176,16.373369107696824,0.9761305105435292,0.0037287973169917834
8892,3836302808,16,15.69123164884299,15.368447250347495,0.9761305105435292,0.0037287973169917834
8893,4004551916,18,17.727851233055553,14.986819404572406,0.9761305105435292,0.0037287973169917834
8894,3595214714,19,19.063046323310395,16.836793168856012,0.9761305105435292,0.0037287973169917834
8895,1861060531,20,19.781635464011714,16.237832796338047,0.9761305105435292,0.0037287973169917834
8896,2128534018,18,18.690114302044105,16.30536775746358,0.9761305105435292,0.0037287973169917834
8897,3647484625,15,14.572052755947315,15.175331467589695,0.9761305105435292,0.0037287973169917834
8898,2775128387,14,13.942329085727186,16.895044576055177,0.9761305105435292,0.0037287973169917834
8899,2751092974,19,18.244547382249074,16.800206762287477,0.9761305105435292,0.0037287973169917834
8900,324608582,12,11.663010092941988,14.923233135720071,0.9761305105435292,0.0037287973169917834
8901,20615079,15,14.561476348119493,15.099109983392987,0.9761305105435292,0.0037287973169917834
8902,1551400218,17,16.54401051135112,16.92048043470883,0.9761305105435292,0.0037287973169917834
8903,1469541923,18,18.18590699011565,17.375941272696906,0.9761305105435292,0.0037287973169917834
8904,3710128222,14,13.330624143389713,14.917142539890682,0.9761305105435292,0.0037287973169917834
8905,2852131140,8,7.2859144337371635,17.46766573044819,0.9761305105435292,0.0037287973169917834
8906,629561600,10,9.693250330462359,17.926578191346305,0.9761305105435292,0.0037287973169917834
8907,709677675,15,15.298803455626924,12.646583479768776,0.9761305105435292,0.0037287973169917834
8908,1224836776,10,10.029415124154788,14.56618510148699,0.9761305105435292,0.0037287973169917834
8909,1987522436,18,17.777153113272586,15.094348531177683,0.9761305105435292,0.0037287973169917834
8910,3684862340,14,14.687507100089922,17.548380374068937,0.9761305105435292,0.0037287973169917834
8911,1582271244,16,16.319215804888238,15.463003517274078,0.9761305105435292,0.0037287973169917834
8912,3707756563,19,20.11681884620069,15.855603744198817,0.9761305105435292,0.0037287973169917834
8913,2778279307,16,16.780253116444623,14.685983988623107,0.9761305105435292,0.0037287973169917834
8914,3666672798,19,18.6188934271758,16.9641670661017,0.9761305105435292,0.0037287973169917834
8915,1245755029,13,13.038465728207262,15.5658194023737,0.9761305105435292,0.0037287973169917834
8916,2805727823,15,14.98770666631197,15.987291634991882,0.9761305105435292,0.0037287973169917834
8917,4007894922,20,19.87592356882592,15.534630638138513,0.9761305105435292,0.0037287973169917834
8918,4100951539,21,19.99826570045813,16.249407099995523,0.9761305105435292,0.0037287973169917834
8919,4003921007,22,22.695236015310016,15.62879906738117,0.9761305105435292,0.0037287973169917834
8920,694974349,17,18.123980574767028,15.368533440873403,0.9761305105435292,0.0037287973169917834
8921,1393407363,15,14.862173913084359,17.636262786225586,0.9761305105435292,0.0037287973169917834
8922,2156996985,12,11.754110903707954,13.858273931668908,0.9761305105435292,0.0037287973169917834
8923,473724565,16,16.704637452255525,16.16755626700504,0.9761305105435292,0.0037287973169917834
8924,3177713727,16,15.525383173369784,17.043236202267774,0.9761305105435292,0.0037287973169917834
8925,3804973080,13,13.656999844391521,14.860932243560466,0.9761305105435292,0.0037287973169917834
8926,4143752399,21,20.089080314069015,17.5089993914087,0.9761305105435292,0.0037287973169917834
8927,4121167950,14,15.15748034873856,15.497686406493106,0.9761305105435292,0.0037287973169917834
8928,3651694039,19,19.012092817559314,16.28825886511449,0.9761305105435292,0.0037287973169917834
8929,3800130509,15,15.87195882670897,18.809567983756562,0.9761305105435292,0.0037287973169917834
8930,351060583,15,15.398011887757415,15.662771545266656,0.9761305105435292,0.0037287973169917834
8931,1794715955,17,17.613307331540963,17.236604608040324,0.9761305105435292,0.0037287973169917834
8932,1674746276,15,15.532371242089619,14.590155562878644,0.9761305105435292,0.0037287973169917834
8933,2314629731,17,17.638841173830077,14.86318315689621,0.9761305105435292,0.0037287973169917834
8934,1831688334,16,15.539129163570587,16.54489328581475,0.9761305105435292,0.0037287973169917834
8935,2070538425,19,18.539234932754482,16.772832802940354,0.9761305105435292,0.0037287973169917834
8936,2420931451,17,16.715119515278793,16.767913963001494,0.9761305105435292,0.0037287973169917834
8937,2656829015,22,21.91585831403747,16.308775791062196,0.9761305105435292,0.0037287973169917834
8938,49022724,10,8.648218671354053,15.438606956616194,0.9761305105435292,0.0037287973169917834
8939,718956502,18,17.26156457156617,16.49145679929513,0.9761305105435292,0.0037287973169917834
8940,1792593240,16,16.84357816172652,15.56932530006975,0.9761305105435292,0.0037287973169917834
8941,4166402941,18,18.36013993437444,15.078041113699964,0.9761305105435292,0.0037287973169917834
8942,3351383596,14,14.657232367926634,15.64776668555326,0.9761305105435292,0.0037287973169917834
8943,2365460031,19,19.40221053679609,15.433084610735733,0.9761305105435292,0.0037287973169917834
8944,1331633216,15,16.93114148559265,15.877362139029561,0.9761305105435292,0.0037287973169917834
8945,259547873,15,15.874826497736773,17.433878424264183,0.9761305105435292,0.0037287973169917834
8946,2633017135,18,18.36376853803639,16.03260984634884,0.9761305105435292,0.0037287973169917834
8947,1306425954,18,17.88800792120697,15.704039656972004,0.9761305105435292,0.0037287973169917834
8948,2643303146,18,16.899489507880425,15.72279171502809,0.9761305105435292,0.0037287973169917834
8949,1660176494,15,15.149762300329389,15.073520279439975,0.9761305105435292,0.0037287973169917834
8950,953325948,16,16.472076332544813,14.66780494677883,0.9761305105435292,0.0037287973169917834
8951,2618090986,16,16.305650414937837,15.006052888516464,0.9761305105435292,0.0037287973169917834
8952,2814665861,14,14.163538709664616,15.79320554459282,0.9761305105435292,0.0037287973169917834
8953,2827133391,14,14.320271353161635,15.38600496671987,0.9761305105435292,0.0037287973169917834
8954,643632908,14,13.626909210935173,15.356790965573438,0.9761305105435292,0.0037287973169917834
8955,2460212898,16,15.386100754287387,14.084098044254437,0.9761305105435292,0.0037287973169917834
8956,4196286004,18,17.840668456420907,13.721970454830341,0.9761305105435292,0.0037287973169917834
8957,1726095170,15,14.948925460994678,14.954221780040186,0.9761305105435292,0.0037287973169917834
8958,2290559184,11,11.350046504758893,16.15833682505103,0.9761305105435292,0.0037287973169917834
8959,2550388839,14,13.390981180449534,14.305916699191954,0.9761305105435292,0.0037287973169917834
8960,1994377787,21,21.222089950876168,17.50355164427897,0.9761305105435292,0.0037287973169917834
8961,3167126928,14,13.786150435455033,16.06495876126811,0.9761305105435292,0.0037287973169917834
8962,726948570,16,14.438629856242647,16.333089641473578,0.9761305105435292,0.0037287973169917834
8963,3700209912,17,18.54021362002098,15.256158448758791,0.9761305105435292,0.0037287973169917834
8964,676647458,11,11.493646612573286,14.65312592639695,0.9761305105435292,0.0037287973169917834
8965,3503445753,17,17.08343885503583,14.548845748440172,0.9761305105435292,0.0037287973169917834
8966,928972401,21,19.452271155429983,16.816370614482373,0.9761305105435292,0.0037287973169917834
8967,3817311610,18,18.500773098289446,15.59647239799342,0.9761305105435292,0.0037287973169917834
8968,773126291,15,15.619484057455043,17.50854126877179,0.9761305105435292,0.0037287973169917834
8969,404369773,13,13.064687588214593,14.230884643907098,0.9761305105435292,0.0037287973169917834
8970,3071112577,16,15.42169896966528,15.087489881230075,0.9761305105435292,0.0037287973169917834
8971,396757634,12,12.493960282152795,16.618552822324098,0.9761305105435292,0.0037287973169917834
8972,2314494369,14,12.113423184274302,16.963667913156915,0.9761305105435292,0.0037287973169917834
8973,2247909557,16,16.17376060402183,15.434486478490996,0.9761305105435292,0.0037287973169917834
8974,32127208,13,13.059350085682997,15.542195492107902,0.9761305105435292,0.0037287973169917834
8975,3207023133,18,18.07585226288692,14.205398126463518,0.9761305105435292,0.0037287973169917834
8976,2277278620,16,15.817979078206312,14.894039882067261,0.9761305105435292,0.0037287973169917834
8977,298891817,13,12.254690074047483,15.233306977522648,0.9761305105435292,0.0037287973169917834
8978,3219314699,18,16.595634951377125,14.054224729632589,0.9761305105435292,0.0037287973169917834
8979,803181435,22,21.37703727518157,14.71396161383394,0.9761305105435292,0.0037287973169917834
8980,3862102312,12,12.689218789097584,15.920327597753186,0.9761305105435292,0.0037287973169917834
8981,2208984617,15,14.559907059461423,17.534969974007158,0.9761305105435292,0.0037287973169917834
8982,2511139597,17,16.39594041442017,16.887330865281342,0.9761305105435292,0.0037287973169917834
8983,846413263,19,19.663870322061918,15.162980127526788,0.9761305105435292,0.0037287973169917834
8984,1686943726,18,18.584808312544986,16.16863649595339,0.9761305105435292,0.0037287973169917834
8985,2667362497,18,17.43261391990854,17.48059114776517,0.9761305105435292,0.0037287973169917834
8986,4257207835,23,22.582709684392167,15.734195099854611,0.9761305105435292,0.0037287973169917834
8987,3588391701,15,15.2288524721616,16.38746766800083,0.9761305105435292,0.0037287973169917834
8988,601013844,16,17.035959368356494,15.368587706736104,0.9761305105435292,0.0037287973169917834
8989,4014949306,20,19.918673221723985,16.474832549414835,0.9761305105435292,0.0037287973169917834
8990,1835123587,15,15.90349417832005,16.09228177080721,0.9761305105435292,0.0037287973169917834
8991,745702165,13,13.284461578838915,17.670961542561884,0.9761305105435292,0.0037287973169917834
8992,2457145873,12,11.558303709747609,16.1129805928413,0.9761305105435292,0.0037287973169917834
8993,1587037401,15,15.474171015660826,14.797842809058796,0.9761305105435292,0.0037287973169917834
8994,116684242,16,16.19383925400491,14.633584007311821,0.9761305105435292,0.0037287973169917834
8995,1271568869,17,17.59475779228235,14.920405684936222,0.9761305105435292,0.0037287973169917834
8996,1747364924,14,13.412522055336439,15.182402819520238,0.9761305105435292,0.0037287973169917834
8997,985818359,17,16.348735737333918,16.734567546346717,0.9761305105435292,0.0037287973169917834
8998,1087758996,13,13.167214372144262,17.076176748117607,0.9761305105435292,0.0037287973169917834
8999,1075835722,15,14.948950595074402,15.169682204971632,0.9761305105435292,0.0037287973169917834
9000,1828687614,23,23.45591931112926,15.26511610399028,0.9761305105435292,0.0037287973169917834
9001,450594754,16,16.99676786787,15.756589597809755,0.9761305105435292,0.0037287973169917834
9002,3065560889,20,20.91615797379228,15.53114895068361,0.9761305105435292,0.0037287973169917834
9003,3140703223,21,20.003299531357754,16.905316664910387,0.9761305105435292,0.0037287973169917834
9004,3024302435,14,13.301245516799185,14.025472161095133,0.9761305105435292,0.0037287973169917834
9005,1534860538,19,18.758880237895134,16.27627739720019,0.9761305105435292,0.0037287973169917834
9006,2776772961,12,12.12165275571127,16.482637477651572,0.9761305105435292,0.0037287973169917834
9007,2195065070,14,13.865167867945848,15.51564144656842,0.9761305105435292,0.0037287973169917834
9008,1811312676,16,15.081220484357313,16.00385077835453,0.9761305105435292,0.0037287973169917834
9009,44779376,13,12.856204728080323,17.454855579184425,0.9761305105435292,0.0037287973169917834
9010,1996127417,21,21.190217556342922,16.274040978591323,0.9761305105435292,0.0037287973169917834
9011,3175243813,13,13.794812072254459,16.294276121968547,0.9761305105435292,0.0037287973169917834
9012,665726913,17,17.80409757293635,14.763241491046463,0.9761305105435292,0.0037287973169917834
9013,2386052387,13,12.664158261456015,14.837560370283171,0.9761305105435292,0.0037287973169917834
9014,493611116,17,17.90080069716593,17.916000636243542,0.9761305105435292,0.0037287973169917834
9015,485348527,19,18.046103948372412,19.16509052237392,0.9761305105435292,0.0037287973169917834
9016,3065152948,16,16.450288437721472,15.117216899855501,0.9761305105435292,0.0037287973169917834
9017,123055186,14,14.173525407540188,16.85512378764208,0.9761305105435292,0.0037287973169917834
9018,3628045140,17,16.438085434193162,16.53098641719901,0.9761305105435292,0.0037287973169917834
9019,1546380980,17,17.48953318786874,15.557740265129198,0.9761305105435292,0.0037287973169917834
9020,2604878324,16,14.587087803900772,14.906413354482998,0.9761305105435292,0.0037287973169917834
9021,170654197,18,18.73552959381479,15.73257991621278,0.9761305105435292,0.0037287973169917834
9022,90420816,13,13.32921479936093,17.38866334392376,0.9761305105435292,0.0037287973169917834
9023,1838579066,20,18.96787997966135,16.873639295336666,0.9761305105435292,0.0037287973169917834
9024,125226634,16,15.316604610313863,16.34358652846335,0.9761305105435292,0.0037287973169917834
9025,505743481,13,12.70821803179938,14.273535098089956,0.9761305105435292,0.0037287973169917834
9026,2408070680,14,14.09762140747003,15.240579619378394,0.9761305105435292,0.0037287973169917834
9027,3680039534,19,18.431314107883328,16.21881241445618,0.9761305105435292,0.0037287973169917834
9028,2138159179,19,19.219490725790465,16.78455272647383,0.9761305105435292,0.0037287973169917834
9029,4020503508,16,16.074392883461783,15.493754625939115,0.9761305105435292,0.0037287973169917834
9030,2354631411,16,16.532480168719207,15.11314229071649,0.9761305105435292,0.0037287973169917834
9031,1836391841,17,17.08028260808784,15.347455233920675,0.9761305105435292,0.0037287973169917834
9032,3892934169,14,14.679311014176974,15.405493201578818,0.9761305105435292,0.0037287973169917834
9033,4020430337,16,16.659609220647777,16.38583380744423,0.9761305105435292,0.0037287973169917834
9034,718391486,16,15.659749948320123,15.79021923743937,0.9761305105435292,0.0037287973169917834
9035,430659841,13,12.550216650504355,16.1192735226159,0.9761305105435292,0.0037287973169917834
9036,541987309,13,12.001311906973559,14.82163739650419,0.9761305105435292,0.0037287973169917834
9037,3079371896,19,17.667397580892963,14.179392871974215,0.9761305105435292,0.0037287973169917834
9038,4231811522,16,15.829604757267003,17.177483034931882,0.9761305105435292,0.0037287973169917834
9039,4097275575,21,20.708489578323242,15.586584767686563,0.9761305105435292,0.0037287973169917834
9040,1059624724,15,14.795509995509462,16.157631258404756,0.9761305105435292,0.0037287973169917834
9041,2855265842,17,16.207678401170472,15.603963747925416,0.9761305105435292,0.0037287973169917834
9042,2853350946,13,12.219805786380238,18.051444493735318,0.9761305105435292,0.0037287973169917834
9043,3907250215,17,17.137763887839487,15.118585981586545,0.9761305105435292,0.0037287973169917834
9044,3134667731,21,20.666436956031898,15.934848054112152,0.9761305105435292,0.0037287973169917834
9045,274522490,14,14.116170264504849,15.347909445490703,0.9761305105435292,0.0037287973169917834
9046,1913999302,16,15.84983998800863,16.92692948916096,0.9761305105435292,0.0037287973169917834
9047,2828067430,13,13.865248635014618,18.28973701318656,0.9761305105435292,0.0037287973169917834
9048,2191910420,13,12.36444123995607,16.873305246647696,0.9761305105435292,0.0037287973169917834
9049,1232239190,16,14.325752595348963,14.562341205798607,0.9761305105435292,0.0037287973169917834
9050,845434388,12,12.64940461670259,17.998795556995525,0.9761305105435292,0.0037287973169917834
9051,1865860102,15,15.31188871278016,14.859870156823638,0.9761305105435292,0.0037287973169917834
9052,48035435,17,16.078853429023447,15.96688058835617,0.9761305105435292,0.0037287973169917834
9053,2852551093,16,16.038381083136006,16.375098721180965,0.9761305105435292,0.0037287973169917834
9054,4266628389,19,19.102536578683726,14.774753236752034,0.9761305105435292,0.0037287973169917834
9055,3803033504,17,15.52764898454621,13.07850646184923,0.9761305105435292,0.0037287973169917834
9056,3794790730,17,16.605448325066988,14.466923077078757,0.9761305105435292,0.0037287973169917834
9057,1915949612,13,12.43543895253144,16.418868149802492,0.9761305105435292,0.0037287973169917834
9058,3461380718,17,17.440356365596852,13.301321186325174,0.9761305105435292,0.0037287973169917834
9059,4223912294,19,17.979848789244805,15.99546076648834,0.9761305105435292,0.0037287973169917834
9060,3163050946,14,13.503846744175608,15.856630955369809,0.9761305105435292,0.0037287973169917834
9061,1891602208,16,16.227485955030524,13.950300956932727,0.9761305105435292,0.0037287973169917834
9062,2325322779,15,14.464212631102509,17.12410010350467,0.9761305105435292,0.0037287973169917834
9063,4225847810,15,14.76903734453376,16.8333483034177,0.9761305105435292,0.0037287973169917834
9064,3712966560,19,18.706849857599785,16.090839644698775,0.9761305105435292,0.0037287973169917834
9065,3262696092,15,14.792824442616416,17.155315262369058,0.9761305105435292,0.0037287973169917834
9066,360665683,17,16.244239171747438,16.522777865716744,0.9761305105435292,0.0037287973169917834
9067,82941303,16,16.187546652830967,17.0613660485488,0.9761305105435292,0.0037287973169917834
9068,4265415313,17,18.822804367075836,15.429277133473196,0.9761305105435292,0.0037287973169917834
9069,3777268208,13,12.415724473462502,17.537006222885278,0.9761305105435292,0.0037287973169917834
9070,2327309802,20,19.373055806413515,15.070254836244226,0.9761305105435292,0.0037287973169917834
9071,1808635814,19,19.02658000567958,15.403176429393975,0.9761305105435292,0.0037287973169917834
9072,412817394,16,16.5431653576334,15.130340229345844,0.9761305105435292,0.0037287973169917834
9073,2684705517,14,13.199867053967802,16.229505977480247,0.9761305105435292,0.0037287973169917834
9074,1680198930,13,13.82191421496062,14.596381672750994,0.9761305105435292,0.0037287973169917834
9075,3978248044,21,21.165775593318273,15.905684191003854,0.9761305105435292,0.0037287973169917834
9076,1834273282,13,12.98441390964893,14.342276901928495,0.9761305105435292,0.0037287973169917834
9077,156139051,16,14.987809630157694,15.24831499956401,0.9761305105435292,0.0037287973169917834
9078,1976581550,18,18.579482278976485,15.386848969389376,0.9761305105435292,0.0037287973169917834
9079,1000476075,16,15.308656240967462,16.18038242455661,0.9761305105435292,0.0037287973169917834
9080,351187463,15,16.035574014358666,12.590365491704643,0.9761305105435292,0.0037287973169917834
9081,1937985204,16,16.07905049299083,17.051415858004493,0.9761305105435292,0.0037287973169917834
9082,2786144849,12,10.952308493272032,16.929812952236066,0.9761305105435292,0.0037287973169917834
9083,3282262398,18,17.87009590448604,16.13018429552938,0.9761305105435292,0.0037287973169917834
9084,3702043683,15,14.160423172215854,16.898984419474083,0.9761305105435292,0.0037287973169917834
9085,599850501,14,13.617363364378704,15.233056766366875,0.9761305105435292,0.0037287973169917834
9086,1947931344,13,13.015324386798927,14.635692058702475,0.9761305105435292,0.0037287973169917834
9087,67537444,8,8.775917890738791,15.908286767109143,0.9761305105435292,0.0037287973169917834
9088,3241191388,15,14.14530205936725,15.834340474440358,0.9761305105435292,0.0037287973169917834
9089,1312773631,22,21.343442258820694,15.808921595245303,0.9761305105435292,0.0037287973169917834
9090,3746251830,17,16.291834002436474,15.560211959466974,0.9761305105435292,0.0037287973169917834
9091,2291075050,15,14.580619882058807,16.47792679455217,0.9761305105435292,0.0037287973169917834
9092,2184549582,14,14.453337930123737,17.89278848920916,0.9761305105435292,0.0037287973169917834
9093,1728839709,11,11.480978377407169,16.703466809243587,0.9761305105435292,0.0037287973169917834
9094,3372861457,11,11.213488761416329,15.186202186311283,0.9761305105435292,0.0037287973169917834
9095,4084454029,19,19.6572650404196,16.08551800312598,0.9761305105435292,0.0037287973169917834
9096,689386871,17,17.06146082950191,15.876141422884519,0.9761305105435292,0.0037287973169917834
9097,1761277626,20,18.848245139652214,16.63109104183425,0.9761305105435292,0.0037287973169917834
9098,1779719256,13,13.176436301714233,14.607791159539625,0.9761305105435292,0.0037287973169917834
9099,3234712021,16,17.019753429385382,17.082322336421797,0.9761305105435292,0.0037287973169917834
9100,3259460322,15,14.53137778104769,17.539571787912415,0.9761305105435292,0.0037287973169917834
9101,1019645475,15,14.995329552617974,15.683282432296997,0.9761305105435292,0.0037287973169917834
9102,2499071092,16,15.43573605089056,15.786700710421442,0.9761305105435292,0.0037287973169917834
9103,2528034836,13,13.360926325229638,15.556030999733789,0.9761305105435292,0.0037287973169917834
9104,4264599620,13,12.308605546525325,15.799034187382214,0.9761305105435292,0.0037287973169917834
9105,126695128,15,15.378207534907492,17.23045323750889,0.9761305105435292,0.0037287973169917834
9106,2216048560,13,14.42138554749159,16.097618414817255,0.9761305105435292,0.0037287973169917834
9107,2884438922,17,17.592808904609626,17.10278085871993,0.9761305105435292,0.0037287973169917834
9108,893702686,14,14.593397201030072,14.925021494786614,0.9761305105435292,0.0037287973169917834
9109,2480804494,16,17.04929677290869,16.30054800493851,0.9761305105435292,0.0037287973169917834
9110,2541952490,17,18.788513327215675,16.924759090421297,0.9761305105435292,0.0037287973169917834
9111,1792690103,19,18.32672120582588,15.86340816823758,0.9761305105435292,0.0037287973169917834
9112,1708933079,21,21.207236226804078,14.983313430656176,0.9761305105435292,0.0037287973169917834
9113,3637117572,11,10.70837887910529,15.359919787622795,0.9761305105435292,0.0037287973169917834
9114,3747258546,17,17.040507568472282,16.488382453501146,0.9761305105435292,0.0037287973169917834
9115,400495708,17,16.76339824194064,15.046365152826988,0.9761305105435292,0.0037287973169917834
9116,1141775596,13,13.823683866711212,17.490932933185128,0.9761305105435292,0.0037287973169917834
9117,3393431120,13,13.005477302325811,17.04399590000161,0.9761305105435292,0.0037287973169917834
9118,2891681822,15,15.487580808165376,16.21717672425463,0.9761305105435292,0.0037287973169917834
9119,2893810768,13,12.142183851610948,14.01764081945827,0.9761305105435292,0.0037287973169917834
9120,3548279371,19,19.90427285684101,15.644769563068266,0.9761305105435292,0.0037287973169917834
9121,409925684,15,14.855175379949298,18.85718604269934,0.9761305105435292,0.0037287973169917834
9122,2587807739,22,22.3470823183111,13.942337648561931,0.9761305105435292,0.0037287973169917834
9123,3862789711,21,20.489888346211114,15.161403790405023,0.9761305105435292,0.0037287973169917834
9124,2861256359,17,17.6857229068736,15.165217919306594,0.9761305105435292,0.0037287973169917834
9125,220380772,14,14.752956161872143,15.946279037257758,0.9761305105435292,0.0037287973169917834
9126,4221009471,24,24.612738771906912,15.500010741513105,0.9761305105435292,0.0037287973169917834
9127,2854039065,15,14.980116128199484,14.718604457769734,0.9761305105435292,0.0037287973169917834
9128,926107009,14,13.935953088826457,18.314957094189605,0.9761305105435292,0.0037287973169917834
9129,3523003438,17,17.443686777536573,13.252442229920124,0.9761305105435292,0.0037287973169917834
9130,575776748,15,14.88745301194442,15.636409759254283,0.9761305105435292,0.0037287973169917834
9131,86791105,12,11.711901469040692,16.147235161210027,0.9761305105435292,0.0037287973169917834
9132,3791620457,19,20.014460328316044,16.94337294692314,0.9761305105435292,0.0037287973169917834
9133,55551759,16,16.171983190522745,17.67846351769679,0.9761305105435292,0.0037287973169917834
9134,2201767702,15,15.321753576547199,14.673144349391649,0.9761305105435292,0.0037287973169917834
9135,744317539,15,14.168548480335238,15.688099725259175,0.9761305105435292,0.0037287973169917834
9136,4054969651,19,18.879938479394553,15.912189024971147,0.9761305105435292,0.0037287973169917834
9137,1290668574,15,15.294162245305998,15.644289360717199,0.9761305105435292,0.0037287973169917834
9138,1625257192,17,16.919968335266077,15.782383094537824,0.9761305105435292,0.0037287973169917834
9139,1646521454,16,16.16533459045643,15.434446999739293,0.9761305105435292,0.0037287973169917834
9140,1782682568,13,13.13616586817472,17.884604066650407,0.9761305105435292,0.0037287973169917834
9141,3660448336,12,11.271452458197299,15.655868969746965,0.9761305105435292,0.0037287973169917834
9142,2319426063,16,15.916103150368915,17.184649604865918,0.9761305105435292,0.0037287973169917834
9143,1801440520,17,16.994210218084504,16.418256524013604,0.9761305105435292,0.0037287973169917834
9144,446315851,16,16.638515544098656,16.198391042486634,0.9761305105435292,0.0037287973169917834
9145,2032134403,17,17.20955504529653,15.926908749268884,0.9761305105435292,0.0037287973169917834
9146,1833164224,16,17.44075662559866,15.271166513508513,0.9761305105435292,0.0037287973169917834
9147,3359755262,17,16.538081333554988,16.251345331313864,0.9761305105435292,0.0037287973169917834
9148,1764503390,17,17.125431640019812,15.012382376809686,0.9761305105435292,0.0037287973169917834
9149,165964714,15,14.937110007379264,15.346932895631713,0.9761305105435292,0.0037287973169917834
9150,1743541599,20,20.249936162774855,17.043670473055975,0.9761305105435292,0.0037287973169917834
9151,2038874093,21,21.346632235812653,16.42600038106923,0.9761305105435292,0.0037287973169917834
9152,326593730,16,15.78947479170482,16.69821825872852,0.9761305105435292,0.0037287973169917834
9153,908325422,16,16.335813451604885,16.147411019145707,0.9761305105435292,0.0037287973169917834
9154,1863268018,18,18.46068583052938,16.261299475555973,0.9761305105435292,0.0037287973169917834
9155,3249781177,18,18.573133859839544,15.63868460560509,0.9761305105435292,0.0037287973169917834
9156,927417898,15,15.072169399638861,13.591650117703875,0.9761305105435292,0.0037287973169917834
9157,3282472668,17,18.086218423845,17.12175806895683,0.9761305105435292,0.0037287973169917834
9158,978616344,10,9.40603724163459,16.17144343893496,0.9761305105435292,0.0037287973169917834
9159,383001709,14,12.818691335872145,17.057744791919642,0.9761305105435292,0.0037287973169917834
9160,2301405599,16,16.649711844789184,15.363603884775923,0.9761305105435292,0.0037287973169917834
9161,373294256,8,7.669176968986802,17.58114893091979,0.9761305105435292,0.0037287973169917834
9162,3662319542,18,17.744340923557917,16.86093668204186,0.9761305105435292,0.0037287973169917834
9163,3528347250,16,16.907577077296867,14.930406501153183,0.9761305105435292,0.0037287973169917834
9164,1939303049,17,16.394360636966066,17.47463148513223,0.9761305105435292,0.0037287973169917834
9165,2871949833,16,16.153427447900558,15.235097331730543,0.9761305105435292,0.0037287973169917834
9166,2636076492,18,17.79020008734504,16.652211247020002,0.9761305105435292,0.0037287973169917834
9167,16145731,14,13.152836306295749,13.550918608690585,0.9761305105435292,0.0037287973169917834
9168,814850253,12,10.984499117354293,17.52391561433813,0.9761305105435292,0.0037287973169917834
9169,2666801365,17,17.308822765389674,15.30989805667988,0.9761305105435292,0.0037287973169917834
9170,3744843895,20,20.542790081279257,12.61875803926782,0.9761305105435292,0.0037287973169917834
9171,1728302304,14,14.24958608708694,16.233272324105734,0.9761305105435292,0.0037287973169917834
9172,375385790,21,21.51632116781075,16.426450079255652,0.9761305105435292,0.0037287973169917834
9173,1432722273,16,17.09088653079815,15.894021209165857,0.9761305105435292,0.0037287973169917834
9174,2281652518,17,17.5991082409871,16.657551412009603,0.9761305105435292,0.0037287973169917834
9175,4105423227,20,20.29707479604275,14.907709866367057,0.9761305105435292,0.0037287973169917834
9176,4286786519,21,21.117564225891957,15.17721382258406,0.9761305105435292,0.0037287973169917834
9177,508654498,15,15.261175764869709,15.487560461932777,0.9761305105435292,0.0037287973169917834
9178,3482731448,17,16.989905828908306,17.272872631879633,0.9761305105435292,0.0037287973169917834
9179,333106965,17,16.262671684539004,15.73358390489559,0.9761305105435292,0.0037287973169917834
9180,3887366787,15,15.079898869424829,16.063764065970133,0.9761305105435292,0.0037287973169917834
9181,2042020732,19,18.76903915275124,15.160986171551581,0.9761305105435292,0.0037287973169917834
9182,3729447407,21,21.892081925034002,14.744376635329274,0.9761305105435292,0.0037287973169917834
9183,3512108665,16,15.999419988304368,17.02420588309689,0.9761305105435292,0.0037287973169917834
9184,2448889241,17,17.03554556696538,14.95844008189358,0.9761305105435292,0.0037287973169917834
9185,3290207633,13,12.45449749047672,16.285184941692364,0.9761305105435292,0.0037287973169917834
9186,106280908,16,15.789330253294827,13.808030657446412,0.9761305105435292,0.0037287973169917834
9187,425477834,14,14.02816322559515,16.445426402521814,0.9761305105435292,0.0037287973169917834
9188,2538152445,17,17.195089425195054,15.595006293643205,0.9761305105435292,0.0037287973169917834
9189,1841487092,18,17.813978377123735,16.461912985580263,0.9761305105435292,0.0037287973169917834
9190,2104084125,19,18.871373080365377,16.853749646879777,0.9761305105435292,0.0037287973169917834
9191,296440173,15,15.305433838287945,15.300664193275187,0.9761305105435292,0.0037287973169917834
9192,3408500212,17,16.592989450024167,16.659811173209366,0.9761305105435292,0.0037287973169917834
9193,1690983392,15,14.08078497708728,16.05082869393881,0.9761305105435292,0.0037287973169917834
9194,1562659446,15,15.847984083767548,16.120346537924085,0.9761305105435292,0.0037287973169917834
9195,3874389030,19,19.521317920467663,17.026498412747955,0.9761305105435292,0.0037287973169917834
9196,2451721155,13,14.005980252820098,14.888583623045559,0.9761305105435292,0.0037287973169917834
9197,857353342,16,16.00039621878899,15.424855429350448,0.9761305105435292,0.0037287973169917834
9198,2953583806,14,12.863392060239438,16.508671960540816,0.9761305105435292,0.0037287973169917834
9199,2626099795,15,14.85623171780407,17.007130168544734,0.9761305105435292,0.0037287973169917834
9200,684861677,14,13.524759328247749,15.25396045201747,0.9761305105435292,0.0037287973169917834
9201,3019684720,20,20.255690158249628,14.93287386856428,0.9761305105435292,0.0037287973169917834
9202,2662120438,21,21.220661589618185,16.519713457725263,0.9761305105435292,0.0037287973169917834
9203,1703424042,11,11.458161467767958,16.273560631756087,0.9761305105435292,0.0037287973169917834
9204,2514912325,14,14.176882842695369,17.09717012810537,0.9761305105435292,0.0037287973169917834
9205,3604688090,19,18.631550332275946,17.795209935753807,0.9761305105435292,0.0037287973169917834
9206,1438610917,21,20.51763250903083,16.929864608677594,0.9761305105435292,0.0037287973169917834
9207,3535586895,18,18.4943420181446,17.030661868330377,0.9761305105435292,0.0037287973169917834
9208,2541155357,19,19.837782166958473,15.76110708140987,0.9761305105435292,0.0037287973169917834
9209,1902784048,14,14.677085447913683,16.340840221881074,0.9761305105435292,0.0037287973169917834
9210,2853629583,18,18.93131941330176,17.61355661505906,0.9761305105435292,0.0037287973169917834
9211,1472614231,19,18.322038814328497,15.285589377795912,0.9761305105435292,0.0037287973169917834
9212,1769455646,16,15.748391844898322,14.75585219678538,0.9761305105435292,0.0037287973169917834
9213,3472192894,22,21.496034918995022,15.61012449734316,0.9761305105435292,0.0037287973169917834
9214,965736278,20,19.04597058775701,16.625345408859623,0.9761305105435292,0.0037287973169917834
9215,3988553009,20,19.251583953301704,18.145961112549514,0.9761305105435292,0.0037287973169917834
9216,3480407723,20,19.469799383850564,18.098330430336805,0.9761305105435292,0.0037287973169917834
9217,471522387,15,14.600454906192306,15.981415795949562,0.9761305105435292,0.0037287973169917834
9218,1300372062,14,13.619785406763864,16.486641811523487,0.9761305105435292,0.0037287973169917834
9219,1009279743,17,17.183337952514744,16.75502434955035,0.9761305105435292,0.0037287973169917834
9220,2074417786,18,18.638549497135397,13.909057898380457,0.9761305105435292,0.0037287973169917834
9221,322793782,16,16.256983159323955,13.669717079957366,0.9761305105435292,0.0037287973169917834
9222,417682868,15,14.712553785234585,15.438750102676613,0.9761305105435292,0.0037287973169917834
9223,1990862607,17,15.750990076245362,15.720251678053717,0.9761305105435292,0.0037287973169917834
9224,1371304397,17,15.889798943421706,17.57422020851687,0.9761305105435292,0.0037287973169917834
9225,1827295596,16,15.175624801728858,16.400926838879005,0.9761305105435292,0.0037287973169917834
9226,287568066,12,11.750772970849749,15.501540266570473,0.9761305105435292,0.0037287973169917834
9227,925825111,19,18.847035655605954,17.05233578051089,0.9761305105435292,0.0037287973169917834
9228,2260951876,13,14.110819781095211,17.27977749976523,0.9761305105435292,0.0037287973169917834
9229,1327655684,13,12.948977140611982,16.132864978186635,0.9761305105435292,0.0037287973169917834
9230,643716092,18,18.299799524802495,17.233898021059666,0.9761305105435292,0.0037287973169917834
9231,2498338534,18,18.363989027528643,17.405316859973176,0.9761305105435292,0.0037287973169917834
9232,3972202946,13,13.092294324993782,16.078782713481363,0.9761305105435292,0.0037287973169917834
9233,1533863754,18,18.222533854367594,14.964172736699917,0.9761305105435292,0.0037287973169917834
9234,2810640899,16,15.71043095776462,15.426588818992206,0.9761305105435292,0.0037287973169917834
9235,2528672972,17,16.748083462116146,13.916194317775416,0.9761305105435292,0.0037287973169917834
9236,3159472536,16,16.386431811866643,17.185600514282722,0.9761305105435292,0.0037287973169917834
9237,3937659554,18,16.682725732107567,17.332821490992245,0.9761305105435292,0.0037287973169917834
9238,1331571324,18,19.013560703631594,16.702466172254013,0.9761305105435292,0.0037287973169917834
9239,312423978,15,14.676364849356313,15.798014647424035,0.9761305105435292,0.0037287973169917834
9240,1279449076,16,16.186661366173247,18.260415754163304,0.9761305105435292,0.0037287973169917834
9241,4252015390,19,20.200435012850598,13.999109389476777,0.9761305105435292,0.0037287973169917834
9242,1324053618,18,18.019206895484285,16.807781835213003,0.9761305105435292,0.0037287973169917834
9243,2023307245,19,18.661748394958686,16.604517533779084,0.9761305105435292,0.0037287973169917834
9244,3343252349,21,20.304904392238956,17.322024689979976,0.9761305105435292,0.0037287973169917834
9245,423527547,16,15.542063262690442,15.664543652964511,0.9761305105435292,0.0037287973169917834
9246,1609655598,19,19.457770100389816,14.625563807759798,0.9761305105435292,0.0037287973169917834
9247,1312917210,14,12.84020301043104,16.588240053270397,0.9761305105435292,0.0037287973169917834
9248,598277516,16,16.212423855124477,16.818723786971127,0.9761305105435292,0.0037287973169917834
9249,1585439807,22,21.854776194412946,15.970102549815081,0.9761305105435292,0.0037287973169917834
9250,4000315179,23,21.580204648632424,16.814361481628932,0.9761305105435292,0.0037287973169917834
9251,1007695823,16,15.64075581142669,16.1455590818263,0.9761305105435292,0.0037287973169917834
9252,314555636,19,18.262734222274336,14.081069000855521,0.9761305105435292,0.0037287973169917834
9253,2281369288,19,18.729154649623297,15.25457189274658,0.9761305105435292,0.0037287973169917834
9254,2723348068,16,15.636316357580245,17.42086337226472,0.9761305105435292,0.0037287973169917834
9255,3155995640,18,18.121126458939237,15.370234481881932,0.9761305105435292,0.0037287973169917834
9256,1243444851,17,17.429872997919478,16.40761800805331,0.9761305105435292,0.0037287973169917834
9257,3792570327,16,14.945006424764387,16.827652907688016,0.9761305105435292,0.0037287973169917834
9258,841195988,13,12.384941728980897,16.672188418807032,0.9761305105435292,0.0037287973169917834
9259,1401962960,11,11.035363097729274,16.376893363229964,0.9761305105435292,0.0037287973169917834
9260,3487184764,21,21.24487742496882,17.198101144261734,0.9761305105435292,0.0037287973169917834
9261,3174062481,15,15.740299049552718,17.69690460283207,0.9761305105435292,0.0037287973169917834
9262,3857834745,20,19.35829044032102,15.688237419472554,0.9761305105435292,0.0037287973169917834
9263,2855508948,17,16.729338104675744,15.667489791287815,0.9761305105435292,0.0037287973169917834
9264,2465596426,12,11.166077898235365,17.317592689494283,0.9761305105435292,0.0037287973169917834
9265,1384972601,12,12.782884769756027,14.83901226268838,0.9761305105435292,0.0037287973169917834
9266,3876944552,17,17.01437110740656,15.226006956331634,0.9761305105435292,0.0037287973169917834
9267,3449967053,16,15.973045442399656,16.132500523523536,0.9761305105435292,0.0037287973169917834
9268,657670300,13,12.415274537800892,15.101964259279182,0.9761305105435292,0.0037287973169917834
9269,3278344657,16,15.639112721116138,15.904100650227772,0.9761305105435292,0.0037287973169917834
9270,1840865486,17,16.58436872926834,14.747713160696335,0.9761305105435292,0.0037287973169917834
9271,4155270349,19,19.702085786571484,16.19942127544244,0.9761305105435292,0.0037287973169917834
9272,2765264845,17,16.514940254787078,16.513339753395933,0.9761305105435292,0.0037287973169917834
9273,381110261,19,19.386911773697115,15.596573436054939,0.9761305105435292,0.0037287973169917834
9274,1066198111,19,19.4081459622058,15.89891962104511,0.9761305105435292,0.0037287973169917834
9275,3495551203,15,15.66252934827838,16.875942674079468,0.9761305105435292,0.0037287973169917834
9276,543244179,14,13.931304878409971,18.091383020129516,0.9761305105435292,0.0037287973169917834
9277,682612985,18,18.276827610543126,13.468291323158738,0.9761305105435292,0.0037287973169917834
9278,2283146107,14,13.741269447293869,13.816682588191034,0.9761305105435292,0.0037287973169917834
9279,4234481409,15,14.93588001685788,15.656570953619745,0.9761305105435292,0.0037287973169917834
9280,4062650446,14,14.442132551498386,17.845743931117077,0.9761305105435292,0.0037287973169917834
9281,3970156524,19,18.74078402848572,14.847592574231308,0.9761305105435292,0.0037287973169917834
9282,551728362,14,15.287561166357278,15.573080598500804,0.9761305105435292,0.0037287973169917834
9283,117779536,10,11.088635677098628,15.863316354866237,0.9761305105435292,0.0037287973169917834
9284,2237910850,15,15.05419244046098,17.80496900853914,0.9761305105435292,0.0037287973169917834
9285,3281872893,21,20.117653288749075,14.730993914463927,0.9761305105435292,0.0037287973169917834
9286,3648449616,17,17.308479989148314,14.182919817735714,0.9761305105435292,0.0037287973169917834
9287,352200679,19,19.221699002434594,15.289988689556008,0.9761305105435292,0.0037287973169917834
9288,3209542301,21,20.75216297063213,14.280517215192898,0.9761305105435292,0.0037287973169917834
9289,3687694836,19,18.469899587526292,15.885447851777041,0.9761305105435292,0.0037287973169917834
9290,1731196601,21,21.31350249764815,17.18161054039019,0.9761305105435292,0.0037287973169917834
9291,4274222292,19,19.024841210846876,14.910905190845991,0.9761305105435292,0.0037287973169917834
9292,513517521,18,18.499165451393875,15.273211272390364,0.9761305105435292,0.0037287973169917834
9293,423248000,9,8.94627122958688,16.716891145435667,0.9761305105435292,0.0037287973169917834
9294,1229762042,17,17.126527193412027,16.588195605668805,0.9761305105435292,0.0037287973169917834
9295,181730787,18,19.079237495902085,14.81911609675472,0.9761305105435292,0.0037287973169917834
9296,2321538059,17,17.852335186326506,16.359980735763443,0.9761305105435292,0.0037287973169917834
9297,903177613,17,17.224908374566013,14.50039271396248,0.9761305105435292,0.0037287973169917834
9298,1317792019,16,15.465735750460746,16.467420205131,0.9761305105435292,0.0037287973169917834
9299,103726161,14,14.301674246550144,16.896272522963578,0.9761305105435292,0.0037287973169917834
9300,2800065269,19,19.397462979940734,17.37929075473099,0.9761305105435292,0.0037287973169917834
9301,3533939928,15,14.85893725475519,17.24213292378148,0.9761305105435292,0.0037287973169917834
9302,2983229102,17,17.11903575911702,17.026340583787643,0.9761305105435292,0.0037287973169917834
9303,703699038,16,16.53073851540516,14.697130405056743,0.9761305105435292,0.0037287973169917834
9304,4117763203,14,15.542542952493772,16.01716696881542,0.9761305105435292,0.0037287973169917834
9305,3652745869,18,16.910228383530796,15.897283576883776,0.9761305105435292,0.0037287973169917834
9306,845430608,14,14.354665234855645,15.495360491340369,0.9761305105435292,0.0037287973169917834
9307,2987022530,12,11.455891355931662,16.08452735808891,0.9761305105435292,0.0037287973169917834
9308,2244497666,10,10.586546444178556,17.000696151237143,0.9761305105435292,0.0037287973169917834
9309,2301588397,18,17.59334021945624,14.428575003743877,0.9761305105435292,0.0037287973169917834
9310,1205385653,18,17.57729609439492,17.089307041499204,0.9761305105435292,0.0037287973169917834
9311,3408576817,14,13.474598450218924,15.578202596702601,0.9761305105435292,0.0037287973169917834
9312,2737598063,18,17.251042894518115,15.698812650338777,0.9761305105435292,0.0037287973169917834
9313,937323332,18,18.247831249141917,17.20808360422091,0.9761305105435292,0.0037287973169917834
9314,3314851361,14,13.211021306896445,17.23703113815177,0.9761305105435292,0.0037287973169917834
9315,2256415828,15,13.538470921811458,15.881973451846651,0.9761305105435292,0.0037287973169917834
9316,1481235062,16,16.317763596890785,15.929405565341199,0.9761305105435292,0.0037287973169917834
9317,3569361588,12,12.669448215952903,15.139164287780261,0.9761305105435292,0.0037287973169917834
9318,905243328,16,14.41073111762321,14.343118048520491,0.9761305105435292,0.0037287973169917834
9319,1407937000,18,18.191150039901903,16.388121226809723,0.9761305105435292,0.0037287973169917834
9320,3573980399,18,18.47346825739621,16.414825439900746,0.9761305105435292,0.0037287973169917834
9321,3900433056,16,16.403529367334016,16.25696767562369,0.9761305105435292,0.0037287973169917834
9322,3754069637,17,17.173673151030705,15.046050380178505,0.9761305105435292,0.0037287973169917834
9323,1453004809,13,13.301146798659895,15.100287718118633,0.9761305105435292,0.0037287973169917834
9324,3263307680,12,11.478358538340554,16.783743535860918,0.9761305105435292,0.0037287973169917834
9325,4069866078,18,17.86442197137339,15.470198915213263,0.9761305105435292,0.0037287973169917834
9326,389216451,16,16.00275977377199,16.497428795176813,0.9761305105435292,0.0037287973169917834
9327,3966184680,17,17.064421626528308,17.3398107004847,0.9761305105435292,0.0037287973169917834
9328,2253574106,17,16.808140155291923,14.842802574767656,0.9761305105435292,0.0037287973169917834
9329,495398004,15,15.006538371781271,15.796851620079716,0.9761305105435292,0.0037287973169917834
9330,849707996,15,15.020076963510558,15.65929288800192,0.9761305105435292,0.0037287973169917834
9331,1274548911,17,17.741958155344015,16.576898584987283,0.9761305105435292,0.0037287973169917834
9332,2249811848,13,13.835736884644072,15.307208127907888,0.9761305105435292,0.0037287973169917834
9333,1875664286,20,19.51110379951328,17.275571141964527,0.9761305105435292,0.0037287973169917834
9334,668212699,18,18.842214024204377,15.892794262840335,0.9761305105435292,0.0037287973169917834
9335,100246990,17,16.676965792598644,15.445388386656044,0.9761305105435292,0.0037287973169917834
9336,1373822911,21,21.459566742828688,16.269812751943252,0.9761305105435292,0.0037287973169917834
9337,3054656190,17,16.527640869725815,16.5274713908899,0.9761305105435292,0.0037287973169917834
9338,2678579883,20,21.254640852981286,14.997977078226208,0.9761305105435292,0.0037287973169917834
9339,4037548723,15,15.091442023915288,17.2234839859752,0.9761305105435292,0.0037287973169917834
9340,2596032499,20,20.22541603468306,14.85892119997161,0.9761305105435292,0.0037287973169917834
9341,3721072312,18,17.4665597778853,16.71071528287684,0.9761305105435292,0.0037287973169917834
9342,545085509,13,12.469307085320425,15.449116775243558,0.9761305105435292,0.0037287973169917834
9343,3643219109,16,15.78359011603088,15.034369144907544,0.9761305105435292,0.0037287973169917834
9344,3568888615,18,18.81022778282989,15.269039493247409,0.9761305105435292,0.0037287973169917834
9345,3969032377,15,15.567076866759663,15.574097100365076,0.9761305105435292,0.0037287973169917834
9346,1110537957,15,14.692340473859778,15.993654888005551,0.9761305105435292,0.0037287973169917834
9347,410112582,13,13.11052402208185,15.48189381612264,0.9761305105435292,0.0037287973169917834
9348,2016223163,19,18.831615059117272,15.559064690784634,0.9761305105435292,0.0037287973169917834
9349,463293067,16,16.821426484130306,15.842756584887493,0.9761305105435292,0.0037287973169917834
9350,2922086757,15,15.254842756553057,14.71794484140197,0.9761305105435292,0.0037287973169917834
9351,3939922787,19,20.047045379928047,15.354634815750112,0.9761305105435292,0.0037287973169917834
9352,4275094057,16,14.66407117236669,15.280597110472337,0.9761305105435292,0.0037287973169917834
9353,3824285830,18,18.945151827700954,17.097551221833157,0.9761305105435292,0.0037287973169917834
9354,1193339906,11,12.18826054011625,14.722419908268503,0.9761305105435292,0.0037287973169917834
9355,2607992563,20,20.12613580388247,14.863938911369903,0.9761305105435292,0.0037287973169917834
9356,1100521534,12,12.872467951096102,14.266064422801236,0.9761305105435292,0.0037287973169917834
9357,334150647,21,21.601859819286172,16.364205850024703,0.9761305105435292,0.0037287973169917834
9358,3828386712,13,13.610430974280195,17.116903381279418,0.9761305105435292,0.0037287973169917834
9359,1043575287,20,19.36050607662702,16.348725870067202,0.9761305105435292,0.0037287973169917834
9360,787725995,21,20.875894913767326,16.816706053637713,0.9761305105435292,0.0037287973169917834
9361,265958315,18,17.29875924770537,17.32676361058422,0.9761305105435292,0.0037287973169917834
9362,2439456157,16,16.131088307901376,14.443317482420738,0.9761305105435292,0.0037287973169917834
9363,164942462,16,15.82471296372998,15.754748564549,0.9761305105435292,0.0037287973169917834
9364,4139206937,18,19.10396602840521,17.692539167472574,0.9761305105435292,0.0037287973169917834
9365,4089929799,17,16.758149203601896,17.129618886785522,0.9761305105435292,0.0037287973169917834
9366,2645838055,17,17.38287284568144,14.259992949936972,0.9761305105435292,0.0037287973169917834
9367,1484399854,16,15.95435098960285,16.835889897753646,0.9761305105435292,0.0037287973169917834
9368,3690330150,20,20.356352050548722,16.299747551024915,0.9761305105435292,0.0037287973169917834
9369,1209610754,9,8.036276391568457,16.34327431828202,0.9761305105435292,0.0037287973169917834
9370,3915607850,18,18.550904190713204,14.368596468760197,0.9761305105435292,0.0037287973169917834
9371,2549018062,22,21.289537283970432,15.211173747817321,0.9761305105435292,0.0037287973169917834
9372,2065228010,16,15.726799501740325,15.322011560236371,0.9761305105435292,0.0037287973169917834
9373,1869272755,20,19.570702164188116,13.798629754286845,0.9761305105435292,0.0037287973169917834
9374,4148192552,14,13.851144234866505,17.03063240796327,0.9761305105435292,0.0037287973169917834
9375,107973276,15,15.233826917722846,16.37157484406883,0.9761305105435292,0.0037287973169917834
9376,4256491032,18,16.945151743167987,17.83352251094361,0.9761305105435292,0.0037287973169917834
9377,342949808,16,16.879799028398708,15.55008531462219,0.9761305105435292,0.0037287973169917834
9378,1799635262,14,14.44261980504115,18.99375092407438,0.9761305105435292,0.0037287973169917834
9379,4220482189,20,18.846604916981573,16.29189366931564,0.9761305105435292,0.0037287973169917834
9380,2637120459,18,17.495436968193292,17.44433721784661,0.9761305105435292,0.0037287973169917834
9381,3079474065,16,15.972437954438885,15.125712025289317,0.9761305105435292,0.0037287973169917834
9382,3052003317,23,23.50595095438094,17.564956291705546,0.9761305105435292,0.0037287973169917834
9383,3276180258,13,13.505328662223155,14.69598103148231,0.9761305105435292,0.0037287973169917834
9384,3013181765,14,13.454230460886887,15.791760207051336,0.9761305105435292,0.0037287973169917834
9385,2781973089,14,13.931040196273926,15.951261043470074,0.9761305105435292,0.0037287973169917834
9386,1266804070,15,15.508557466719356,15.49614888868967,0.9761305105435292,0.0037287973169917834
9387,2650465902,21,22.034116700765015,15.818944706992337,0.9761305105435292,0.0037287973169917834
9388,1474923954,18,18.166651718694638,15.254433117746482,0.9761305105435292,0.0037287973169917834
9389,3968782312,19,19.666606719097967,16.454737671699938,0.9761305105435292,0.0037287973169917834
9390,889276393,14,14.59646775965131,16.441838205650242,0.9761305105435292,0.0037287973169917834
9391,1735710311,19,19.020356248110854,16.54624850201574,0.9761305105435292,0.0037287973169917834
9392,3539544346,16,15.764652099734665,17.29335321071768,0.9761305105435292,0.0037287973169917834
9393,1492199429,12,12.089318760110256,16.9809653348431,0.9761305105435292,0.0037287973169917834
9394,98355901,17,16.719926610440144,15.987014123777652,0.9761305105435292,0.0037287973169917834
9395,1608595362,18,17.40370024246719,14.109446260597252,0.9761305105435292,0.0037287973169917834
9396,3336061747,15,13.71935567838716,15.560345928213215,0.9761305105435292,0.0037287973169917834
9397,2214162556,17,16.530525884906687,16.25352483161724,0.9761305105435292,0.0037287973169917834
9398,4143217776,19,20.472643032761173,15.944653933736891,0.9761305105435292,0.0037287973169917834
9399,2120178289,20,19.432819909681477,17.495689971266593,0.9761305105435292,0.0037287973169917834
9400,2805722386,18,18.21882956094803,16.2684190233153,0.9761305105435292,0.0037287973169917834
9401,3759178579,11,9.66192283905767,14.615147577890113,0.9761305105435292,0.0037287973169917834
9402,1336099650,14,14.405932564909222,16.07986432930091,0.9761305105435292,0.0037287973169917834
9403,3954427094,19,19.669770278345087,14.248479755977732,0.9761305105435292,0.0037287973169917834
9404,3346276958,16,15.721783989473579,16.91664113062987,0.9761305105435292,0.0037287973169917834
9405,1536045425,16,16.32116306349494,16.78887146771712,0.9761305105435292,0.0037287973169917834
9406,3047700716,16,16.392242739271875,16.55538439601237,0.9761305105435292,0.0037287973169917834
9407,801951976,16,15.740771229533603,16.921920600959535,0.9761305105435292,0.0037287973169917834
9408,3935609618,14,13.236916422686235,16.333522507999845,0.9761305105435292,0.0037287973169917834
9409,1563101803,16,15.93591644768777,14.572827367564537,0.9761305105435292,0.0037287973169917834
9410,1405794560,13,12.290252041918475,16.831344507743427,0.9761305105435292,0.0037287973169917834
9411,393257749,14,13.725880781471238,13.704868034349918,0.9761305105435292,0.0037287973169917834
9412,3461246004,16,16.247956172241995,14.74625014749066,0.9761305105435292,0.0037287973169917834
9413,3300202267,16,16.4179069571371,14.577177395652024,0.9761305105435292,0.0037287973169917834
9414,1200870541,16,15.321407176376155,15.895887334135375,0.9761305105435292,0.0037287973169917834
9415,2173330929,14,14.388554901289998,16.699338653691353,0.9761305105435292,0.0037287973169917834
9416,3605822890,20,20.01025999775783,16.979899820068972,0.9761305105435292,0.0037287973169917834
9417,3973991675,21,20.809018862954325,15.635319792080043,0.9761305105435292,0.0037287973169917834
9418,1643087114,15,14.996861149791588,14.394807318278634,0.9761305105435292,0.0037287973169917834
9419,332962255,17,17.52947727599308,17.341379941714077,0.9761305105435292,0.0037287973169917834
9420,667088020,15,14.830007570395177,16.77155066630997,0.9761305105435292,0.0037287973169917834
9421,4262546621,18,17.04613386154296,15.847242314192329,0.9761305105435292,0.0037287973169917834
9422,1391458611,20,20.498103605166303,13.998944306183128,0.9761305105435292,0.0037287973169917834
9423,3693026152,17,16.78182187170931,17.24509077043343,0.9761305105435292,0.0037287973169917834
9424,2231585874,11,10.691419253016448,16.65801643149093,0.9761305105435292,0.0037287973169917834
9425,4261723181,17,16.55628985575542,15.96499748152315,0.9761305105435292,0.0037287973169917834
9426,1281757034,15,15.358450432155086,15.437729666345025,0.9761305105435292,0.0037287973169917834
9427,1415329951,16,15.704560285819047,14.498248592573365,0.9761305105435292,0.0037287973169917834
9428,4051303709,21,20.122058017100233,16.786836766320995,0.9761305105435292,0.0037287973169917834
9429,2593921290,13,12.502276697057596,15.945333289627134,0.9761305105435292,0.0037287973169917834
9430,847911172,10,10.149004710303917,15.036210138661653,0.9761305105435292,0.0037287973169917834
9431,4046607444,14,13.480247582008342,15.84113876801842,0.9761305105435292,0.0037287973169917834
9432,2776487681,17,16.320522429013387,15.420901496632297,0.9761305105435292,0.0037287973169917834
9433,1905763640,16,15.303271486633363,16.1154964371794,0.9761305105435292,0.0037287973169917834
9434,2772990651,17,17.222401660300157,16.835757637834345,0.9761305105435292,0.0037287973169917834
9435,2103785586,17,17.53462134353472,15.029088762981953,0.9761305105435292,0.0037287973169917834
9436,4233430342,15,15.512127064654564,17.394540499155113,0.9761305105435292,0.0037287973169917834
9437,490959846,17,16.830556740804113,15.497241170548099,0.9761305105435292,0.0037287973169917834
9438,2028381399,18,18.162369831475136,16.723756445683744,0.9761305105435292,0.0037287973169917834
9439,1047097208,19,19.229016365983043,14.77797684222487,0.9761305105435292,0.0037287973169917834
9440,746776457,14,12.656895460507027,15.653449818867916,0.9761305105435292,0.0037287973169917834
9441,174035364,14,14.710718953606474,18.75305359888428,0.9761305105435292,0.0037287973169917834
9442,815271061,11,9.803689341935533,14.407435502755595,0.9761305105435292,0.0037287973169917834
9443,4166641742,17,17.54563446494502,15.83823129952367,0.9761305105435292,0.0037287973169917834
9444,334375142,16,15.335330500666519,15.225836591598446,0.9761305105435292,0.0037287973169917834
9445,2654603481,15,14.887536311677326,15.796664087901712,0.9761305105435292,0.0037287973169917834
9446,1032860757,14,12.548714624832595,17.436743808164866,0.9761305105435292,0.0037287973169917834
9447,1634759585,14,14.300762737544456,14.978286553704397,0.9761305105435292,0.0037287973169917834
9448,867958496,20,18.406379118656737,15.564323766707336,0.9761305105435292,0.0037287973169917834
9449,240225736,13,12.354094411379657,14.69571553078664,0.9761305105435292,0.0037287973169917834
9450,3717357543,21,21.79677027461907,17.371348198334605,0.9761305105435292,0.0037287973169917834
9451,3830497342,13,13.058222524866162,16.44432587497893,0.9761305105435292,0.0037287973169917834
9452,2468354766,13,13.628843441491236,16.275407744293776,0.9761305105435292,0.0037287973169917834
9453,3149908907,23,23.532530139045523,17.54427868327529,0.9761305105435292,0.0037287973169917834
9454,625056987,15,14.682988849145426,14.866138801348526,0.9761305105435292,0.0037287973169917834
9455,559393376,13,12.29273245921897,14.659188034582758,0.9761305105435292,0.0037287973169917834
9456,2649905251,17,17.376834716814194,15.509452588366353,0.9761305105435292,0.0037287973169917834
9457,1427915727,16,16.484752120397438,17.27503636137647,0.9761305105435292,0.0037287973169917834
9458,2872910152,14,14.108905467174452,15.774207451934766,0.9761305105435292,0.0037287973169917834
9459,3077816983,19,19.412245770294973,17.174801423497676,0.9761305105435292,0.0037287973169917834
9460,2674789191,18,18.215143281899,15.696926328846569,0.9761305105435292,0.0037287973169917834
9461,1322484258,13,13.39766240696098,15.633858695271602,0.9761305105435292,0.0037287973169917834
9462,2330504746,15,16.000348149139576,13.391943105615223,0.9761305105435292,0.0037287973169917834
9463,3751442219,21,19.88513988196957,16.899353277596983,0.9761305105435292,0.0037287973169917834
9464,753371672,14,13.620537958546388,15.058475548834528,0.9761305105435292,0.0037287973169917834
9465,1952299964,20,20.606474778446888,16.18234634741342,0.9761305105435292,0.0037287973169917834
9466,2233842609,16,15.84851621948128,14.554464227270262,0.9761305105435292,0.0037287973169917834
9467,879926104,15,14.851018356717002,15.983716910252562,0.9761305105435292,0.0037287973169917834
9468,4177113035,22,22.76371134709013,16.30636294977155,0.9761305105435292,0.0037287973169917834
9469,1412367877,12,11.664447617911012,15.194009830899372,0.9761305105435292,0.0037287973169917834
9470,2295687206,13,13.496306458521607,15.21902569423024,0.9761305105435292,0.0037287973169917834
9471,1387862060,13,13.877989414994806,15.216781412323092,0.9761305105435292,0.0037287973169917834
9472,2343257361,14,14.681101189069997,18.343897304374195,0.9761305105435292,0.0037287973169917834
9473,881897607,12,11.2715687518669,17.48812859159167,0.9761305105435292,0.0037287973169917834
9474,1141835049,11,11.029899507730494,16.03236822449544,0.9761305105435292,0.0037287973169917834
9475,1767854001,19,18.338092411861986,16.945324460513,0.9761305105435292,0.0037287973169917834
9476,1140412855,18,17.490472669887687,14.793310914903383,0.9761305105435292,0.0037287973169917834
9477,3411101031,16,15.647541782396308,16.351977961183444,0.9761305105435292,0.0037287973169917834
9478,1550298160,15,15.05907733571506,17.919822811577237,0.9761305105435292,0.0037287973169917834
9479,27324913,13,12.648399628488656,15.532827296408973,0.9761305105435292,0.0037287973169917834
9480,4025121196,21,20.158776612029875,15.209948578948152,0.9761305105435292,0.0037287973169917834
9481,292481931,17,15.462077284182476,15.520747295424798,0.9761305105435292,0.0037287973169917834
9482,3601230594,15,15.196515539439295,16.264720092395475,0.9761305105435292,0.0037287973169917834
9483,2505597787,16,15.746726390532578,15.594117038802063,0.9761305105435292,0.0037287973169917834
9484,2131367560,14,14.095860384822586,15.941013050503765,0.9761305105435292,0.0037287973169917834
9485,2657313435,17,16.409525292193866,16.60367605091233,0.9761305105435292,0.0037287973169917834
9486,566704685,15,15.069690544635993,15.421633165647023,0.9761305105435292,0.0037287973169917834
9487,1058223423,19,18.466465803626132,16.899102071422057,0.9761305105435292,0.0037287973169917834
9488,1670477849,14,13.506798915890418,18.00729289261155,0.9761305105435292,0.0037287973169917834
9489,3486832450,18,17.79522600957622,15.15392158659888,0.9761305105435292,0.0037287973169917834
9490,229789151,18,17.543405345203162,15.554105509181445,0.9761305105435292,0.0037287973169917834
9491,1682588628,13,13.388427615360976,17.827110127699264,0.9761305105435292,0.0037287973169917834
9492,1379944883,12,11.807604226399551,14.952749530316561,0.9761305105435292,0.0037287973169917834
9493,2145081201,22,21.363338864729606,14.709642447393758,0.9761305105435292,0.0037287973169917834
9494,3768807666,15,15.46357889745669,16.514276468662246,0.9761305105435292,0.0037287973169917834
9495,3015580,10,10.303384294612268,15.768593460054609,0.9761305105435292,0.0037287973169917834
9496,2699441716,14,14.255748751783191,14.926869717595977,0.9761305105435292,0.0037287973169917834
9497,349690496,14,14.096619684617227,15.727217054741065,0.9761305105435292,0.0037287973169917834
9498,2418969544,13,13.766134283296712,16.450020964402256,0.9761305105435292,0.0037287973169917834
9499,2799303858,19,18.85628793300902,15.695038799277484,0.9761305105435292,0.0037287973169917834
9500,3991339430,17,16.777062542983057,15.58552939404403,0.9761305105435292,0.0037287973169917834
9501,2122787407,18,18.73669440595238,15.158252985233622,0.9761305105435292,0.0037287973169917834
9502,4012051251,17,16.903558160544318,16.655190985136763,0.9761305105435292,0.0037287973169917834
9503,3925190005,20,19.08785209240515,16.20541653629342,0.9761305105435292,0.0037287973169917834
9504,1716778009,16,15.884118353681023,15.233486671666295,0.9761305105435292,0.0037287973169917834
9505,1748559647,17,16.740701215711617,15.837982377141879,0.9761305105435292,0.0037287973169917834
9506,1268492516,16,15.105409328047482,16.57038185828946,0.9761305105435292,0.0037287973169917834
9507,3208061060,15,15.287689076824009,18.266551476977703,0.9761305105435292,0.0037287973169917834
9508,45392189,13,14.091045546088964,16.409495650145846,0.9761305105435292,0.0037287973169917834
9509,2840071938,11,12.563814432501172,15.993543718015882,0.9761305105435292,0.0037287973169917834
9510,2823188423,17,16.54420338019149,15.350101853659524,0.9761305105435292,0.0037287973169917834
9511,2638860425,14,14.352924256366716,16.774538649920054,0.9761305105435292,0.0037287973169917834
9512,2805737950,18,18.19378556285819,16.795717362405465,0.9761305105435292,0.0037287973169917834
9513,2583018621,21,20.07765065195455,15.992326692087056,0.9761305105435292,0.0037287973169917834
9514,895324779,17,18.064973981056433,15.779021896011741,0.9761305105435292,0.0037287973169917834
9515,677186104,12,12.104041087580102,17.103558335723346,0.9761305105435292,0.0037287973169917834
9516,2250280911,15,14.169120498156264,16.5654484773003,0.9761305105435292,0.0037287973169917834
9517,1990794357,17,16.84589959774142,16.62671372365847,0.9761305105435292,0.0037287973169917834
9518,678070919,13,12.160434748212582,14.838821085141765,0.9761305105435292,0.0037287973169917834
9519,1493191113,11,11.709975214581224,15.98824932635932,0.9761305105435292,0.0037287973169917834
9520,3017947603,18,18.08639590778543,17.282327612259603,0.9761305105435292,0.0037287973169917834
9521,3915578731,20,20.350254591984633,15.607172873880254,0.9761305105435292,0.0037287973169917834
9522,2500657287,11,11.121018234562458,15.303271686439805,0.9761305105435292,0.0037287973169917834
9523,1033509239,18,19.208764419598495,17.0482911855179,0.9761305105435292,0.0037287973169917834
9524,182299220,15,15.499274671643425,17.083179568275764,0.9761305105435292,0.0037287973169917834
9525,3990089832,18,16.938813100659814,16.40050836195856,0.9761305105435292,0.0037287973169917834
9526,2358266830,14,14.499075744503164,14.904452626101707,0.9761305105435292,0.0037287973169917834
9527,792218147,14,14.230530643570336,17.84736440433712,0.9761305105435292,0.0037287973169917834
9528,472005407,15,15.946224339463473,16.600675980392488,0.9761305105435292,0.0037287973169917834
9529,413498906,15,14.978556441098291,17.07869218517494,0.9761305105435292,0.0037287973169917834
9530,2275039220,18,17.80102612320795,15.844465707341834,0.9761305105435292,0.0037287973169917834
9531,1593435622,21,21.84408057293954,17.56850704818694,0.9761305105435292,0.0037287973169917834
9532,1276480169,13,13.261150090378328,17.019063512136583,0.9761305105435292,0.0037287973169917834
9533,1440148082,18,18.140110839163036,15.532602941381754,0.9761305105435292,0.0037287973169917834
9534,3254290408,16,16.12383801127624,15.603091891291987,0.9761305105435292,0.0037287973169917834
9535,2832707375,20,20.595675642591363,15.334794370469542,0.9761305105435292,0.0037287973169917834
9536,2785055010,9,9.745301175674356,16.296289322119677,0.9761305105435292,0.0037287973169917834
9537,2865649450,17,17.068082030872883,17.01029745909567,0.9761305105435292,0.0037287973169917834
9538,3138572082,17,15.964839853680507,16.223032932958752,0.9761305105435292,0.0037287973169917834
9539,816242005,16,16.95096114842874,16.743166478832343,0.9761305105435292,0.0037287973169917834
9540,112017969,12,12.202906471747855,17.123313909393488,0.9761305105435292,0.0037287973169917834
9541,647871051,17,16.560800923037203,18.069739187544293,0.9761305105435292,0.0037287973169917834
9542,1452168654,17,16.893194832591153,17.420126060240268,0.9761305105435292,0.0037287973169917834
9543,3999193820,21,21.01048167262625,16.413316096909785,0.9761305105435292,0.0037287973169917834
9544,1500115287,18,19.031031332732844,15.607495902846509,0.9761305105435292,0.0037287973169917834
9545,3560952555,20,20.57214744373757,15.458886027813994,0.9761305105435292,0.0037287973169917834
9546,1495679078,12,12.14912095766914,17.09385827719124,0.9761305105435292,0.0037287973169917834
9547,1792726168,16,16.170437426058566,13.045765262381133,0.9761305105435292,0.0037287973169917834
9548,3956255733,23,22.45500236372253,17.64438081642316,0.9761305105435292,0.0037287973169917834
9549,773289951,21,21.445893745265966,14.857860439512368,0.9761305105435292,0.0037287973169917834
9550,2725320407,16,15.494882382380073,15.271077565490145,0.9761305105435292,0.0037287973169917834
9551,1193987033,17,16.449026423433786,16.554192503554855,0.9761305105435292,0.0037287973169917834
9552,3223354826,13,14.034238341061652,16.97389444383923,0.9761305105435292,0.0037287973169917834
9553,962626388,12,12.04406763561158,16.943686642478035,0.9761305105435292,0.0037287973169917834
9554,2673617106,16,15.630683928925048,15.151580385277919,0.9761305105435292,0.0037287973169917834
9555,4009772963,15,14.634785465556234,16.156519102281173,0.9761305105435292,0.0037287973169917834
9556,2980314410,18,18.686247785940896,16.59628491852908,0.9761305105435292,0.0037287973169917834
9557,3290659929,15,14.733776962251312,15.361579217509862,0.9761305105435292,0.0037287973169917834
9558,1151683697,13,13.660630940260214,15.754939774020267,0.9761305105435292,0.0037287973169917834
9559,2656486454,16,16.729948646934083,15.466126286542835,0.9761305105435292,0.0037287973169917834
9560,774463713,13,12.09426097986258,15.28746158494491,0.9761305105435292,0.0037287973169917834
9561,518457355,14,14.630355765138441,15.780364429664038,0.9761305105435292,0.0037287973169917834
9562,2346870245,17,17.550705558940177,16.68395247796782,0.9761305105435292,0.0037287973169917834
9563,4089946006,21,20.329620345410486,15.103543632827908,0.9761305105435292,0.0037287973169917834
9564,1303458807,19,18.693715944032164,16.007136332173598,0.9761305105435292,0.0037287973169917834
9565,763303959,17,16.93067772208319,13.869549325089432,0.9761305105435292,0.0037287973169917834
9566,405011536,13,12.877767923504303,16.8338719650986,0.9761305105435292,0.0037287973169917834
9567,3823075619,17,17.446199042689404,15.61218420767364,0.9761305105435292,0.0037287973169917834
9568,1423666653,20,19.15694173574161,17.238212431340607,0.9761305105435292,0.0037287973169917834
9569,1942545123,17,16.81627507233525,15.681899783165965,0.9761305105435292,0.0037287973169917834
9570,4268627389,21,20.678110730713282,16.131394117525723,0.9761305105435292,0.0037287973169917834
9571,864012971,20,18.65671354779255,16.863953456306053,0.9761305105435292,0.0037287973169917834
9572,1934377882,15,15.506117631253863,17.339662547554372,0.9761305105435292,0.0037287973169917834
9573,2122899425,19,18.530873493235674,16.04468726915997,0.9761305105435292,0.0037287973169917834
9574,2243567629,12,12.63207947687184,14.650324684670725,0.9761305105435292,0.0037287973169917834
9575,1820071494,15,15.242351138534554,15.797174714171437,0.9761305105435292,0.0037287973169917834
9576,3022698403,17,17.762511792366862,16.08919406745325,0.9761305105435292,0.0037287973169917834
9577,553135991,17,17.49815250783198,16.425404853871903,0.9761305105435292,0.0037287973169917834
9578,2974988197,17,16.232007861898417,16.672983028680562,0.9761305105435292,0.0037287973169917834
9579,770851622,15,15.611499695447236,15.228457300200592,0.9761305105435292,0.0037287973169917834
9580,167534305,17,17.726369599223176,17.709056074594315,0.9761305105435292,0.0037287973169917834
9581,1838798312,18,19.324110460755257,14.024639053208162,0.9761305105435292,0.0037287973169917834
9582,1315861283,17,17.599866150956387,16.16727189586887,0.9761305105435292,0.0037287973169917834
9583,3683439742,19,18.613095296071315,16.43138565112766,0.9761305105435292,0.0037287973169917834
9584,2749490068,16,16.565087132371467,16.294756007593353,0.9761305105435292,0.0037287973169917834
9585,1943180023,19,19.1404111459856,16.94528132579584,0.9761305105435292,0.0037287973169917834
9586,2940472756,15,14.323514960412144,14.980800710387655,0.9761305105435292,0.0037287973169917834
9587,3352680177,20,20.287842095402336,15.463424250741593,0.9761305105435292,0.0037287973169917834
9588,436156565,18,18.510188770358425,16.187447544826348,0.9761305105435292,0.0037287973169917834
9589,3880457231,16,15.412217197091064,15.930599711212105,0.9761305105435292,0.0037287973169917834
9590,3458208730,14,14.859060972759039,15.19817007886859,0.9761305105435292,0.0037287973169917834
9591,2081003363,16,16.41262949154183,16.260852233196463,0.9761305105435292,0.0037287973169917834
9592,3417472906,19,19.841698939284456,17.781619506136487,0.9761305105435292,0.0037287973169917834
9593,395349288,12,12.503560822454414,15.439744810016174,0.9761305105435292,0.0037287973169917834
9594,757202587,18,18.30939921019413,15.060801467944353,0.9761305105435292,0.0037287973169917834
9595,1536705297,13,13.020516740553521,14.816576041516408,0.9761305105435292,0.0037287973169917834
9596,3915238775,21,21.118879768032027,16.575123026210758,0.9761305105435292,0.0037287973169917834
9597,3628477179,17,17.47860281007213,16.62554982368073,0.9761305105435292,0.0037287973169917834
9598,239872255,16,16.896653917302075,16.33421385845216,0.9761305105435292,0.0037287973169917834
9599,571483660,8,9.599944359068123,16.291474707404497,0.9761305105435292,0.0037287973169917834
9600,4255995783,21,20.38119426547493,17.3388478517812,0.9761305105435292,0.0037287973169917834
9601,2860368289,16,16.107105977891813,14.780655635438332,0.9761305105435292,0.0037287973169917834
9602,4081282078,17,16.93058766349394,15.748400220605038,0.9761305105435292,0.0037287973169917834
9603,2470166805,15,14.413896121229987,15.032721673907849,0.9761305105435292,0.0037287973169917834
9604,503808349,14,14.002278599274826,16.83752229379728,0.9761305105435292,0.0037287973169917834
9605,1949310908,16,17.04959989064887,15.392833302628707,0.9761305105435292,0.0037287973169917834
9606,4181960943,19,18.82096873742025,16.3178396850603,0.9761305105435292,0.0037287973169917834
9607,22440869,14,13.84001682457836,16.541690489797695,0.9761305105435292,0.0037287973169917834
9608,356291006,16,16.208880866703634,15.471870419237337,0.9761305105435292,0.0037287973169917834
9609,2328061192,12,12.001556904486952,17.26287499361959,0.9761305105435292,0.0037287973169917834
9610,3098783162,19,18.392616901491582,15.254587669271876,0.9761305105435292,0.0037287973169917834
9611,3437052647,18,18.53252240931353,15.516879846765809,0.9761305105435292,0.0037287973169917834
9612,2781681614,18,16.94732657203047,17.038350003651757,0.9761305105435292,0.0037287973169917834
9613,1164202500,10,9.723529989887904,15.552956357039283,0.9761305105435292,0.0037287973169917834
9614,3280510634,15,14.36374582038079,14.927601247011193,0.9761305105435292,0.0037287973169917834
9615,4235894760,21,19.639738560682115,16.210971350220877,0.9761305105435292,0.0037287973169917834
9616,3383102830,16,16.69676403933095,17.19792260562119,0.9761305105435292,0.0037287973169917834
9617,2642671650,15,15.982271241359726,16.564335698647405,0.9761305105435292,0.0037287973169917834
9618,2251913122,16,15.214107505929539,17.532911623071737,0.9761305105435292,0.0037287973169917834
9619,2310927964,19,18.534286853230896,16.3326854874663,0.9761305105435292,0.0037287973169917834
9620,2510816009,11,9.976179459603134,16.87713336929891,0.9761305105435292,0.0037287973169917834
9621,30669453,16,16.401144219663248,18.45127518967825,0.9761305105435292,0.0037287973169917834
9622,795521119,18,18.330101010006352,16.88098923475936,0.9761305105435292,0.0037287973169917834
9623,1793135383,15,15.554994736159902,14.798140752312657,0.9761305105435292,0.0037287973169917834
9624,1244342404,11,11.078906220417414,16.533897336451982,0.9761305105435292,0.0037287973169917834
9625,3920759574,15,15.36206425975646,15.47992714581461,0.9761305105435292,0.0037287973169917834
9626,3841013839,17,15.100687641390929,15.880869678360444,0.9761305105435292,0.0037287973169917834
9627,2937067942,14,13.886269044672805,15.3719286555818,0.9761305105435292,0.0037287973169917834
9628,1299105169,16,16.419845590133924,14.452831933358727,0.9761305105435292,0.0037287973169917834
9629,2576440934,16,15.73272447966138,16.675515000715965,0.9761305105435292,0.0037287973169917834
9630,3959169416,16,15.888107771364758,15.913690845086029,0.9761305105435292,0.0037287973169917834
9631,2141400348,18,18.559718766103867,16.43822035831835,0.9761305105435292,0.0037287973169917834
9632,1350411999,19,19.913281080854418,16.187240908773855,0.9761305105435292,0.0037287973169917834
9633,2725063589,16,16.99358726381641,17.169235735490474,0.9761305105435292,0.0037287973169917834
9634,3120079997,19,19.414435702529637,18.07410517567282,0.9761305105435292,0.0037287973169917834
9635,3334777353,13,13.489281174617394,16.056098459672317,0.9761305105435292,0.0037287973169917834
9636,1685049769,17,16.665927012965096,15.313014973798872,0.9761305105435292,0.0037287973169917834
9637,2407443319,22,23.009945900675596,17.112183657838557,0.9761305105435292,0.0037287973169917834
9638,2128383081,18,17.784166402157215,18.076601623095012,0.9761305105435292,0.0037287973169917834
9639,2489655998,15,15.572543022368842,17.11947761438816,0.9761305105435292,0.0037287973169917834
9640,1895637933,18,17.97286335596117,17.438321499485397,0.9761305105435292,0.0037287973169917834
9641,3463267070,19,19.312410676971503,15.159168342268913,0.9761305105435292,0.0037287973169917834
9642,769741248,13,13.487930088957043,15.459073635273068,0.9761305105435292,0.0037287973169917834
9643,1725496185,20,20.56949094925341,15.541189956810769,0.9761305105435292,0.0037287973169917834
9644,1844205486,20,20.071096138831678,16.69020445395204,0.9761305105435292,0.0037287973169917834
9645,824894921,15,15.626614610995446,15.991318618737605,0.9761305105435292,0.0037287973169917834
9646,2496092040,15,15.17989092194866,14.302489954346877,0.9761305105435292,0.0037287973169917834
9647,1106061633,13,14.873372025452841,16.642923300694342,0.9761305105435292,0.0037287973169917834
9648,962135378,13,12.967989970557591,16.392124307364618,0.9761305105435292,0.0037287973169917834
9649,356196593,14,13.497084506167804,16.40763073355092,0.9761305105435292,0.0037287973169917834
9650,329112223,19,19.115606717263304,16.071646167771412,0.9761305105435292,0.0037287973169917834
9651,2567492881,12,11.492420760818508,16.08936469684128,0.9761305105435292,0.0037287973169917834
9652,346360368,10,9.732514482199116,16.230159062699823,0.9761305105435292,0.0037287973169917834
9653,1603907693,18,17.431767085487714,14.699151890179484,0.9761305105435292,0.0037287973169917834
9654,1543312275,19,18.65840930198397,16.664192669638027,0.9761305105435292,0.0037287973169917834
9655,1595074551,21,20.689092859075064,15.321236483745059,0.9761305105435292,0.0037287973169917834
9656,2637560011,19,18.119534521392936,17.55064367527163,0.9761305105435292,0.0037287973169917834
9657,1158613265,11,12.158162159186896,16.523174878446063,0.9761305105435292,0.0037287973169917834
9658,1198107412,15,15.541580386480817,14.897726164382428,0.9761305105435292,0.0037287973169917834
9659,2256224581,14,13.255951594971084,17.285862546441216,0.9761305105435292,0.0037287973169917834
9660,2169657811,14,14.862522603506466,15.584884594241846,0.9761305105435292,0.0037287973169917834
9661,176119664,18,18.482284186717692,16.43127046814401,0.9761305105435292,0.0037287973169917834
9662,1510995402,18,18.310860030973714,17.41345393537714,0.9761305105435292,0.0037287973169917834
9663,3186444279,23,22.219412099826762,16.95487342941267,0.9761305105435292,0.0037287973169917834
9664,4072526745,20,20.209493902678073,16.090514016624116,0.9761305105435292,0.0037287973169917834
9665,4290646217,19,19.003759752657402,15.585650105666868,0.9761305105435292,0.0037287973169917834
9666,2572328269,16,15.957559565917276,15.602816502683405,0.9761305105435292,0.0037287973169917834
9667,3909700203,15,14.300745807938593,14.754097048694813,0.9761305105435292,0.0037287973169917834
9668,3312808145,16,15.8729556714359,15.385578562546835,0.9761305105435292,0.0037287973169917834
9669,1397635428,15,14.493291675140796,15.843983074455497,0.9761305105435292,0.0037287973169917834
9670,321439309,13,14.193056418421458,16.472966814365016,0.9761305105435292,0.0037287973169917834
9671,1824746902,17,18.603458976921498,15.997959266384322,0.9761305105435292,0.0037287973169917834
9672,3109904327,21,21.86908084743996,14.50761460432704,0.9761305105435292,0.0037287973169917834
9673,2238650617,17,17.52413396580584,16.039113922913433,0.9761305105435292,0.0037287973169917834
9674,1196866865,17,17.179484505528844,15.899068117605145,0.9761305105435292,0.0037287973169917834
9675,2788799196,17,16.449744177427554,17.55138285089707,0.9761305105435292,0.0037287973169917834
9676,701863097,16,15.339312650465331,15.515126846726847,0.9761305105435292,0.0037287973169917834
9677,265271277,22,23.07444615131734,15.915700885118707,0.9761305105435292,0.0037287973169917834
9678,1551287505,16,15.112919293122975,15.887716014740622,0.9761305105435292,0.0037287973169917834
9679,992078393,16,16.591564295958005,17.357951124937586,0.9761305105435292,0.0037287973169917834
9680,376358927,15,14.902637571740234,14.85417447605091,0.9761305105435292,0.0037287973169917834
9681,191591156,17,17.75651856937869,16.048323691986933,0.9761305105435292,0.0037287973169917834
9682,752073583,20,19.48896661998479,16.82733356147466,0.9761305105435292,0.0037287973169917834
9683,3657853139,15,13.793634224666551,13.280784306173791,0.9761305105435292,0.0037287973169917834
9684,2773970507,18,18.039179742625464,15.214645410547515,0.9761305105435292,0.0037287973169917834
9685,923351355,16,16.722626529387675,16.731943178184544,0.9761305105435292,0.0037287973169917834
9686,1607963712,16,15.480465308276214,14.86863546025287,0.9761305105435292,0.0037287973169917834
9687,2426104618,15,16.099970967482527,15.418537847463645,0.9761305105435292,0.0037287973169917834
9688,1310945594,15,14.719522366308103,16.163272676722798,0.9761305105435292,0.0037287973169917834
9689,3759588770,13,12.645482173317323,14.976772562020248,0.9761305105435292,0.0037287973169917834
9690,1788596561,16,16.244918347975737,18.032139267395184,0.9761305105435292,0.0037287973169917834
9691,21914384,10,10.791174551439376,16.308941120624887,0.9761305105435292,0.0037287973169917834
9692,1752170596,9,9.148432237056502,16.487220135121767,0.9761305105435292,0.0037287973169917834
9693,2036202626,18,17.55508631186427,16.10925341062867,0.9761305105435292,0.0037287973169917834
9694,1513116817,12,10.368882700132446,18.221656478695643,0.9761305105435292,0.0037287973169917834
9695,331813098,14,14.04857234178112,15.102185778332828,0.9761305105435292,0.0037287973169917834
9696,3547608348,16,16.659907670073366,15.714452546697038,0.9761305105435292,0.0037287973169917834
9697,3080432057,20,19.8986007326559,17.696428322935656,0.9761305105435292,0.0037287973169917834
9698,1295202260,17,16.51267923682152,16.668329744952683,0.9761305105435292,0.0037287973169917834
9699,3746036334,22,23.481950257339225,17.371422520769443,0.9761305105435292,0.0037287973169917834
9700,3003948898,16,14.446439785888348,15.618385883053168,0.9761305105435292,0.0037287973169917834
9701,1599416038,18,18.78336295465928,16.463044574268284,0.9761305105435292,0.0037287973169917834
9702,3608403319,21,20.725685595025084,17.44898531606896,0.9761305105435292,0.0037287973169917834
9703,3699687539,14,12.322531931480306,17.424440849946727,0.9761305105435292,0.0037287973169917834
9704,2040535284,14,14.555040941823327,16.20335914070879,0.9761305105435292,0.0037287973169917834
9705,1426815128,14,14.291274839490693,16.740010233338758,0.9761305105435292,0.0037287973169917834
9706,1889346361,15,16.286513482416105,15.273449257683467,0.9761305105435292,0.0037287973169917834
9707,1719239226,15,15.023151045999958,16.3938812979982,0.9761305105435292,0.0037287973169917834
9708,4134499668,20,19.783311610879927,15.074665239458659,0.9761305105435292,0.0037287973169917834
9709,938869517,16,16.030795772462575,17.461900539604784,0.9761305105435292,0.0037287973169917834
9710,509106279,15,14.988154385392885,15.612615794071553,0.9761305105435292,0.0037287973169917834
9711,731439960,15,14.720397546105232,16.19303838088839,0.9761305105435292,0.0037287973169917834
9712,3795346996,14,13.397106423628017,15.754672716540364,0.9761305105435292,0.0037287973169917834
9713,2306165070,15,15.73014379605956,15.985299893396135,0.9761305105435292,0.0037287973169917834
9714,2003862909,18,19.385074764246976,14.780314573369418,0.9761305105435292,0.0037287973169917834
9715,1855241114,18,18.37563062569104,17.56634430381803,0.9761305105435292,0.0037287973169917834
9716,892074696,17,17.090817957398087,15.275227927015447,0.9761305105435292,0.0037287973169917834
9717,3335629214,17,16.623491519022007,16.348484230050225,0.9761305105435292,0.0037287973169917834
9718,867130168,18,18.443914636818242,14.250824729017676,0.9761305105435292,0.0037287973169917834
9719,3622199216,20,18.970153379044994,14.134184928590907,0.9761305105435292,0.0037287973169917834
9720,2837249674,17,17.4103288946022,15.434516342484955,0.9761305105435292,0.0037287973169917834
9721,635676479,19,18.306632961744825,16.219830664950585,0.9761305105435292,0.0037287973169917834
9722,3308432211,16,15.238843143145413,17.17858547876237,0.9761305105435292,0.0037287973169917834
9723,262651198,20,20.4998052843025,17.050773982695695,0.9761305105435292,0.0037287973169917834
9724,3737134392,14,14.089186352160613,16.813384270039126,0.9761305105435292,0.0037287973169917834
9725,3740254832,19,19.472661045045903,17.640551598034058,0.9761305105435292,0.0037287973169917834
9726,2947459376,17,16.72482963414221,16.281723901008217,0.9761305105435292,0.0037287973169917834
9727,850154038,14,13.853015291199156,16.275863493533475,0.9761305105435292,0.0037287973169917834
9728,1225630631,15,15.213565730008341,15.297023391648683,0.9761305105435292,0.0037287973169917834
9729,3555279513,16,16.42039454020842,15.453780544040914,0.9761305105435292,0.0037287973169917834
9730,3026978126,14,13.765830882295194,16.267298700443565,0.9761305105435292,0.0037287973169917834
9731,992459932,18,17.802834214357816,14.848488964049636,0.9761305105435292,0.0037287973169917834
9732,3170936984,12,11.181733831229751,16.13196486138206,0.9761305105435292,0.0037287973169917834
9733,485214842,18,18.152484781432207,14.237308249977493,0.9761305105435292,0.0037287973169917834
9734,99598796,16,15.421876430249094,16.012239541671942,0.9761305105435292,0.0037287973169917834
9735,3444912322,14,13.652329803451064,16.739624315550053,0.9761305105435292,0.0037287973169917834
9736,3274549940,16,16.488366458459748,17.585258039010398,0.9761305105435292,0.0037287973169917834
9737,750843860,16,15.998533336404114,19.015335189669976,0.9761305105435292,0.0037287973169917834
9738,2707183782,14,14.495367910331613,14.367898101080883,0.9761305105435292,0.0037287973169917834
9739,4289703809,22,22.099790570097465,15.433927433062536,0.9761305105435292,0.0037287973169917834
9740,911765699,14,14.321939826383126,13.25483801624289,0.9761305105435292,0.0037287973169917834
9741,600362999,19,20.77702152639934,16.81769293177491,0.9761305105435292,0.0037287973169917834
9742,547782751,12,12.282840164932074,16.030006001951897,0.9761305105435292,0.0037287973169917834
9743,3445127434,15,14.527143045007211,15.723349921499885,0.9761305105435292,0.0037287973169917834
9744,1701230855,16,17.756352626869692,16.412433947457515,0.9761305105435292,0.0037287973169917834
9745,1957610431,20,19.07313323268945,19.4216925577172,0.9761305105435292,0.0037287973169917834
9746,2583238375,19,18.99519468951989,16.339806446029037,0.9761305105435292,0.0037287973169917834
9747,125441758,17,17.006087375672635,16.771116173407062,0.9761305105435292,0.0037287973169917834
9748,4222389349,18,17.723144230717587,15.124847598326422,0.9761305105435292,0.0037287973169917834
9749,896369877,16,16.87486616206518,16.25180387765399,0.9761305105435292,0.0037287973169917834
9750,687976712,9,9.0360156366355,15.065486115367586,0.9761305105435292,0.0037287973169917834
9751,2440587631,17,16.541810971723766,16.13134308510626,0.9761305105435292,0.0037287973169917834
9752,202334640,12,11.914415969921285,14.689416141615439,0.9761305105435292,0.0037287973169917834
9753,3909632835,12,12.100274390552077,15.036803991359042,0.9761305105435292,0.0037287973169917834
9754,3160799982,21,20.09296098487457,15.820099114301275,0.9761305105435292,0.0037287973169917834
9755,2137132092,16,16.00258603591731,18.723382990787705,0.9761305105435292,0.0037287973169917834
9756,623402095,15,14.890441950399724,17.46463912405551,0.9761305105435292,0.0037287973169917834
9757,3424853232,14,14.250949308431018,16.24033657370429,0.9761305105435292,0.0037287973169917834
9758,3371591806,18,17.31243082990887,14.164279743669734,0.9761305105435292,0.0037287973169917834
9759,3200346948,16,15.61549717922552,16.47916676522301,0.9761305105435292,0.0037287973169917834
9760,4132901235,18,17.469337852966625,14.36638227117598,0.9761305105435292,0.0037287973169917834
9761,3303846364,17,17.26292119988674,17.544022583265697,0.9761305105435292,0.0037287973169917834
9762,2794123261,21,20.88136392433807,14.015116296100336,0.9761305105435292,0.0037287973169917834
9763,3367205943,18,18.091314212706543,15.131829445538168,0.9761305105435292,0.0037287973169917834
9764,1833339054,15,15.722150920298073,16.047981207200316,0.9761305105435292,0.0037287973169917834
9765,3058043580,15,14.726893060435074,16.84295501583113,0.9761305105435292,0.0037287973169917834
9766,2533209330,20,20.27670936896574,17.16928602553055,0.9761305105435292,0.0037287973169917834
9767,2018659830,17,16.254540729353973,16.38242902579733,0.9761305105435292,0.0037287973169917834
9768,1050938513,13,13.656993493448578,15.375938426709785,0.9761305105435292,0.0037287973169917834
9769,971095234,16,16.012575910504488,14.534191945514968,0.9761305105435292,0.0037287973169917834
9770,952108169,9,9.224917524741924,16.752406490683178,0.9761305105435292,0.0037287973169917834
9771,2173981521,12,12.644387571383547,17.713974360585514,0.9761305105435292,0.0037287973169917834
9772,867682641,17,17.110151868690664,14.834637013032179,0.9761305105435292,0.0037287973169917834
9773,1643797256,15,15.318514625938585,15.66092408787414,0.9761305105435292,0.0037287973169917834
9774,2607657091,16,15.657881871404081,18.13937859715963,0.9761305105435292,0.0037287973169917834
9775,3218104944,16,16.28850334475367,16.192436988647692,0.9761305105435292,0.0037287973169917834
9776,2968148242,14,14.753582320095635,16.117368305085115,0.9761305105435292,0.0037287973169917834
9777,2532029575,18,17.826872148975458,16.77109506536555,0.9761305105435292,0.0037287973169917834
9778,2391678906,18,18.5282673222788,16.705501713715524,0.9761305105435292,0.0037287973169917834
9779,3026503906,14,15.519791994076092,16.010637060177547,0.9761305105435292,0.0037287973169917834
9780,2785443588,14,13.445766383030776,16.8506933330383,0.9761305105435292,0.0037287973169917834
9781,2167269030,15,14.543368013683462,16.20724935041433,0.9761305105435292,0.0037287973169917834
9782,2491017125,18,17.97134192499656,17.180175781271736,0.9761305105435292,0.0037287973169917834
9783,496829969,13,12.701671649209638,15.717254349977328,0.9761305105435292,0.0037287973169917834
9784,954817284,14,13.53174341625908,13.6156233330916,0.9761305105435292,0.0037287973169917834
9785,776711554,15,15.701610135901422,15.200408271465886,0.9761305105435292,0.0037287973169917834
9786,1267403926,14,14.073404596939131,14.947870034644632,0.9761305105435292,0.0037287973169917834
9787,1201100985,17,17.119707505202463,17.216400863864376,0.9761305105435292,0.0037287973169917834
9788,4058205635,18,18.17977212239737,15.65632350405589,0.9761305105435292,0.0037287973169917834
9789,3531388402,19,18.94101674558801,17.65447686226557,0.9761305105435292,0.0037287973169917834
9790,1316892256,16,15.397915671860023,15.280899942367219,0.9761305105435292,0.0037287973169917834
9791,2402490527,17,18.031798915025018,16.168379872879985,0.9761305105435292,0.0037287973169917834
9792,581252089,16,15.71432587566357,16.761187685668492,0.9761305105435292,0.0037287973169917834
9793,2289454710,16,16.55106595656664,16.20457499155617,0.9761305105435292,0.0037287973169917834
9794,4012864045,20,19.276270398620852,15.916169757621034,0.9761305105435292,0.0037287973169917834
9795,450751273,18,17.831806987814115,13.51331528848147,0.9761305105435292,0.0037287973169917834
9796,2997097178,14,13.679243028183048,17.857212330976303,0.9761305105435292,0.0037287973169917834
9797,1515767884,13,13.14765994313802,16.60344501668642,0.9761305105435292,0.0037287973169917834
9798,2097157043,14,15.12298991349173,16.644825520958864,0.9761305105435292,0.0037287973169917834
9799,259303504,13,14.501104046137439,15.798581391609275,0.9761305105435292,0.0037287973169917834
9800,362805599,21,21.398056200345813,16.373505150605478,0.9761305105435292,0.0037287973169917834
9801,1557482125,16,16.022044149171215,17.863900785994474,0.9761305105435292,0.0037287973169917834
9802,2264493065,15,16.066679129740628,15.00518736522838,0.9761305105435292,0.0037287973169917834
9803,1453258847,20,21.151066689111115,18.17604322948344,0.9761305105435292,0.0037287973169917834
9804,1579582486,13,13.037320366468194,14.72371612328686,0.9761305105435292,0.0037287973169917834
9805,4241991327,22,23.278606560529518,17.012275904043968,0.9761305105435292,0.0037287973169917834
9806,3868708999,17,16.838767462415365,16.050892026630716,0.9761305105435292,0.0037287973169917834
9807,3355555838,17,16.345663635861953,14.838471840536432,0.9761305105435292,0.0037287973169917834
9808,1413418411,17,17.473800552389054,16.487620923182817,0.9761305105435292,0.0037287973169917834
9809,1818835052,15,16.94735317533705,14.682489976806073,0.9761305105435292,0.0037287973169917834
9810,2420967494,10,8.623907538976257,16.25601613388335,0.9761305105435292,0.0037287973169917834
9811,1966365771,16,16.496635476925395,15.623464203968481,0.9761305105435292,0.0037287973169917834
9812,3905931063,20,20.77860529047556,14.668068380497877,0.9761305105435292,0.0037287973169917834
9813,2986987974,14,13.918021469939031,16.06424140908576,0.9761305105435292,0.0037287973169917834
9814,3548264836,17,16.75659402161916,15.628854331972482,0.9761305105435292,0.0037287973169917834
9815,2961556359,14,14.49661936379216,15.939517515432318,0.9761305105435292,0.0037287973169917834
9816,1116677438,15,15.129491855071347,15.982785157996958,0.9761305105435292,0.0037287973169917834
9817,3977279770,15,15.593908937945377,16.564177735247306,0.9761305105435292,0.0037287973169917834
9818,3444501371,21,21.13867690617115,17.085093859320935,0.9761305105435292,0.0037287973169917834
9819,692138904,12,12.540523462001664,14.829563602667644,0.9761305105435292,0.0037287973169917834
9820,959806107,18,17.81446824548526,16.474886098872076,0.9761305105435292,0.0037287973169917834
9821,1850400296,16,16.00834818685335,16.527104345155685,0.9761305105435292,0.0037287973169917834
9822,2166628549,9,8.280931453314865,14.44919738214385,0.9761305105435292,0.0037287973169917834
9823,2709129870,14,14.836614954689258,15.009716751386293,0.9761305105435292,0.0037287973169917834
9824,2465716769,17,17.144232380495907,18.195546248329897,0.9761305105435292,0.0037287973169917834
9825,1278979413,17,17.666628725209236,17.56111828974833,0.9761305105435292,0.0037287973169917834
9826,624565438,16,15.448734274044796,16.821051791038215,0.9761305105435292,0.0037287973169917834
9827,3135124659,19,18.782628233772645,16.56359211388417,0.9761305105435292,0.0037287973169917834
9828,4033888391,12,12.66580039800993,15.368580778710399,0.9761305105435292,0.0037287973169917834
9829,745431077,13,12.812567250828476,14.748647330669048,0.9761305105435292,0.0037287973169917834
9830,2678964496,15,14.562296376101667,17.593048487987403,0.9761305105435292,0.0037287973169917834
9831,1356562697,12,12.639643830679166,18.45204833283389,0.9761305105435292,0.0037287973169917834
9832,1585043921,19,18.38410758841932,16.978881923857028,0.9761305105435292,0.0037287973169917834
9833,3953745654,21,21.405442947808936,14.669805426430594,0.9761305105435292,0.0037287973169917834
9834,2197137688,14,13.459971571335924,16.428734436777596,0.9761305105435292,0.0037287973169917834
9835,213328262,13,12.872434004765614,16.073311539066985,0.9761305105435292,0.0037287973169917834
9836,2983784233,18,19.459300527683922,15.772075982372826,0.9761305105435292,0.0037287973169917834
9837,1500305710,17,17.916202220807534,16.29332249932255,0.9761305105435292,0.0037287973169917834
9838,527743894,19,18.851096510768013,15.684078853263566,0.9761305105435292,0.0037287973169917834
9839,407573385,12,11.671229201492423,13.708688779535546,0.9761305105435292,0.0037287973169917834
9840,2748365235,17,17.19189726714059,15.289068154921537,0.9761305105435292,0.0037287973169917834
9841,1301468793,17,17.045515840293234,16.603934391185298,0.9761305105435292,0.0037287973169917834
9842,585169652,16,16.532839650670052,15.039478712326982,0.9761305105435292,0.0037287973169917834
9843,4067816677,20,20.548146321438985,13.680705030184779,0.9761305105435292,0.0037287973169917834
9844,411951938,13,13.478061499812796,14.889746057953863,0.9761305105435292,0.0037287973169917834
9845,2457162813,16,15.72254480321098,15.890052255648765,0.9761305105435292,0.0037287973169917834
9846,3516734309,17,18.031697357368056,17.73092780853181,0.9761305105435292,0.0037287973169917834
9847,3691075517,17,17.07603771523882,16.77485975146293,0.9761305105435292,0.0037287973169917834
9848,2103861718,18,17.885859079853542,16.093474436622454,0.9761305105435292,0.0037287973169917834
9849,383444077,17,16.796363754417207,15.227353084288112,0.9761305105435292,0.0037287973169917834
9850,3435228130,16,16.553728538335893,14.500417543292722,0.9761305105435292,0.0037287973169917834
9851,1819413718,15,14.69539713159784,18.1133542685743,0.9761305105435292,0.0037287973169917834
9852,4195018034,16,15.836899056747148,16.208194125495382,0.9761305105435292,0.0037287973169917834
9853,3548630796,16,16.29130367727201,16.614450975322228,0.9761305105435292,0.0037287973169917834
9854,11114002,10,9.107114570091577,15.02127031284139,0.9761305105435292,0.0037287973169917834
9855,3835767573,14,14.548609197131222,15.163464378789763,0.9761305105435292,0.0037287973169917834
9856,1670484469,16,15.725057216733038,18.717370404000395,0.9761305105435292,0.0037287973169917834
9857,2897827407,18,17.809297389752977,16.82118905175057,0.9761305105435292,0.0037287973169917834
9858,3280115902,15,15.802648339675326,15.837512544602635,0.9761305105435292,0.0037287973169917834
9859,3250262726,15,15.057198462135554,15.428271954313175,0.9761305105435292,0.0037287973169917834
9860,739030170,13,13.267441971446392,16.386672160619803,0.9761305105435292,0.0037287973169917834
9861,1202882011,17,16.134972939312735,15.103849043426683,0.9761305105435292,0.0037287973169917834
9862,2950506942,21,20.242074230237275,15.16297190837366,0.9761305105435292,0.0037287973169917834
9863,4030274209,14,13.709111453001722,15.690742592728409,0.9761305105435292,0.0037287973169917834
9864,2551158001,15,15.04652537139726,16.446784774884037,0.9761305105435292,0.0037287973169917834
9865,1299250437,16,16.919157168200293,16.072483104864567,0.9761305105435292,0.0037287973169917834
9866,1843517747,18,17.726910883991447,17.001467916902534,0.9761305105435292,0.0037287973169917834
9867,3194810368,14,14.055260597061453,18.252469504274977,0.9761305105435292,0.0037287973169917834
9868,2999048686,18,17.953971588308807,16.84049695826631,0.9761305105435292,0.0037287973169917834
9869,2936478183,18,18.00326545363843,15.87707863832075,0.9761305105435292,0.0037287973169917834
9870,4040032002,18,18.525913889008542,15.035321927395277,0.9761305105435292,0.0037287973169917834
9871,2962399986,14,14.933646996343901,16.38740904494428,0.9761305105435292,0.0037287973169917834
9872,2802477698,13,12.507687725797052,16.683672104260005,0.9761305105435292,0.0037287973169917834
9873,1122427633,16,15.734607200041703,17.553874443545983,0.9761305105435292,0.0037287973169917834
9874,735665017,19,19.858020461838482,16.75092583772951,0.9761305105435292,0.0037287973169917834
9875,2590958623,18,18.314631975273787,14.990918042754782,0.9761305105435292,0.0037287973169917834
9876,3280462947,16,16.607935837595186,15.146891729431303,0.9761305105435292,0.0037287973169917834
9877,4001268759,18,17.36730807519237,17.2770760944777,0.9761305105435292,0.0037287973169917834
9878,3781520358,18,17.951350026667367,16.975400558695142,0.9761305105435292,0.0037287973169917834
9879,3347215503,16,15.605333650256359,16.360771508763502,0.9761305105435292,0.0037287973169917834
9880,209327799,16,15.388923660192711,15.506621018890812,0.9761305105435292,0.0037287973169917834
9881,806394230,12,11.954129016456315,17.116183106621577,0.9761305105435292,0.0037287973169917834
9882,3088320543,12,11.508512616852073,14.935548886706872,0.9761305105435292,0.0037287973169917834
9883,475523537,17,17.227024976637715,14.829716013048309,0.9761305105435292,0.0037287973169917834
9884,4025918333,23,22.81448412405588,17.186273848676002,0.9761305105435292,0.0037287973169917834
9885,1813548145,13,12.321770147682855,15.358393782550175,0.9761305105435292,0.0037287973169917834
9886,2305658419,16,15.226134774538124,16.949914244519753,0.9761305105435292,0.0037287973169917834
9887,2187652453,15,14.430109083823018,16.805634155213873,0.9761305105435292,0.0037287973169917834
9888,2523142702,14,13.999927346009226,15.036641484607918,0.9761305105435292,0.0037287973169917834
9889,2784761798,18,18.088092622658486,15.647210075531024,0.9761305105435292,0.0037287973169917834
9890,1282760021,17,16.65696802322871,16.095928136430455,0.9761305105435292,0.0037287973169917834
9891,377739126,17,16.849717076442037,15.958546868085216,0.9761305105435292,0.0037287973169917834
9892,569774074,18,16.77752286759435,16.692316053007154,0.9761305105435292,0.0037287973169917834
9893,3574450979,16,15.921761301230873,15.987721539981896,0.9761305105435292,0.0037287973169917834
9894,2214708412,11,10.726741608348387,13.897607038201773,0.9761305105435292,0.0037287973169917834
9895,2588068504,13,12.66899671045619,16.963769508935666,0.9761305105435292,0.0037287973169917834
9896,3974135399,19,20.004059783757747,16.56582114895754,0.9761305105435292,0.0037287973169917834
9897,3557025394,15,14.907747594937408,15.896328271070866,0.9761305105435292,0.0037287973169917834
9898,1963078812,13,12.066053683412491,16.77581185398093,0.9761305105435292,0.0037287973169917834
9899,149939959,20,19.723767223647478,16.071298987864996,0.9761305105435292,0.0037287973169917834
9900,2755586168,16,15.212720070099959,18.54715982124487,0.9761305105435292,0.0037287973169917834
9901,1666425166,15,15.811122843157449,14.392351520045116,0.9761305105435292,0.0037287973169917834
9902,1460621087,19,19.225853549920934,16.274223871230383,0.9761305105435292,0.0037287973169917834
9903,940530307,14,14.730184827998858,15.86156262241847,0.9761305105435292,0.0037287973169917834
9904,3106545772,13,12.626751224137765,16.998710837408552,0.9761305105435292,0.0037287973169917834
9905,1179297063,14,14.180015160409473,16.75426871310872,0.9761305105435292,0.0037287973169917834
9906,4073372823,19,18.44640155364613,15.266588653153331,0.9761305105435292,0.0037287973169917834
9907,1190388767,18,17.665983278724394,16.94611843805223,0.9761305105435292,0.0037287973169917834
9908,803629316,15,14.210111592404644,17.163708709489136,0.9761305105435292,0.0037287973169917834
9909,2983044429,17,16.11155731785541,17.297740563663268,0.9761305105435292,0.0037287973169917834
9910,1084059241,15,14.726582670551053,15.276888308540288,0.9761305105435292,0.0037287973169917834
9911,947906167,21,21.121005102316598,16.739663845324976,0.9761305105435292,0.0037287973169917834
9912,1778700849,12,12.916409144649018,16.077112662889164,0.9761305105435292,0.0037287973169917834
9913,2371023449,16,16.02750402059919,16.584700403101316,0.9761305105435292,0.0037287973169917834
9914,4087651258,19,19.348500085837806,13.445530743203927,0.9761305105435292,0.0037287973169917834
9915,1849537157,17,16.40387930978927,17.491165758206265,0.9761305105435292,0.0037287973169917834
9916,1274391738,19,19.831074534002916,15.222680000960437,0.9761305105435292,0.0037287973169917834
9917,2198104328,9,9.10071170459476,15.77630077791414,0.9761305105435292,0.0037287973169917834
9918,239299225,14,12.890877258202641,17.6323250177099,0.9761305105435292,0.0037287973169917834
9919,265577189,16,15.753154672846197,15.246907212950703,0.9761305105435292,0.0037287973169917834
9920,4193288742,15,16.302893027455426,15.691568857457474,0.9761305105435292,0.0037287973169917834
9921,3956602651,21,20.682509164637942,14.9657079071999,0.9761305105435292,0.0037287973169917834
9922,3295611200,12,12.295161641345855,16.179722850170485,0.9761305105435292,0.0037287973169917834
9923,3132994857,19,19.713347205325103,14.796660139080638,0.9761305105435292,0.0037287973169917834
9924,134193781,19,19.551411482321058,13.540766242095145,0.9761305105435292,0.0037287973169917834
9925,2143519764,15,16.102019608015517,15.319867141711038,0.9761305105435292,0.0037287973169917834
9926,3674431190,18,18.06423399826236,18.209235632739762,0.9761305105435292,0.0037287973169917834
9927,1566469867,21,21.190828385468038,16.398497093804604,0.9761305105435292,0.0037287973169917834
9928,1645972086,15,16.30807544141514,14.800073935386198,0.9761305105435292,0.0037287973169917834
9929,2509021244,13,12.470242737228931,14.910616657114351,0.9761305105435292,0.0037287973169917834
9930,2621374868,14,14.727244387682621,15.53751946126015,0.9761305105435292,0.0037287973169917834
9931,1781834295,15,14.891679988422734,16.654049709135577,0.9761305105435292,0.0037287973169917834
9932,2914644330,19,20.2616383854818,15.761617885183776,0.9761305105435292,0.0037287973169917834
9933,2454657916,17,17.72334272160382,15.499229472474033,0.9761305105435292,0.0037287973169917834
9934,3796537223,16,15.667760769784886,15.360007128612835,0.9761305105435292,0.0037287973169917834
9935,3867435199,16,15.238822304599704,15.672972602142531,0.9761305105435292,0.0037287973169917834
9936,2428887202,12,11.620355619268127,14.871813772839527,0.9761305105435292,0.0037287973169917834
9937,937990297,16,16.133034043278986,16.47210191013709,0.9761305105435292,0.0037287973169917834
9938,969736067,19,18.39986341771634,15.508343395159264,0.9761305105435292,0.0037287973169917834
9939,889718144,8,7.72470689088817,15.37018402494542,0.9761305105435292,0.0037287973169917834
9940,2533017116,17,17.09421721968061,17.364604508603062,0.9761305105435292,0.0037287973169917834
9941,2492967999,18,19.07431085391499,16.124932346131793,0.9761305105435292,0.0037287973169917834
9942,2515726239,22,22.6629606797841,15.001050052436401,0.9761305105435292,0.0037287973169917834
9943,2201381056,12,12.531462805669225,13.880665949405824,0.9761305105435292,0.0037287973169917834
9944,1163421117,16,16.639641725252623,16.765801895947213,0.9761305105435292,0.0037287973169917834
9945,2033775136,14,13.832991421017166,17.841370790854718,0.9761305105435292,0.0037287973169917834
9946,1769836966,17,17.776764144465,19.28073612775433,0.9761305105435292,0.0037287973169917834
9947,2459420980,15,14.96822626251696,14.380693101448895,0.9761305105435292,0.0037287973169917834
9948,1984903890,18,17.53382364251834,15.351024859331442,0.9761305105435292,0.0037287973169917834
9949,526269404,20,20.243454466554347,16.276116689014017,0.9761305105435292,0.0037287973169917834
9950,72020208,12,11.42129139654361,15.291938325292312,0.9761305105435292,0.0037287973169917834
9951,2144024373,21,20.56693192540379,17.219086800465487,0.9761305105435292,0.0037287973169917834
9952,2023916341,14,13.489337589293203,16.787594569352528,0.9761305105435292,0.0037287973169917834
9953,1397917259,14,14.177081864307876,14.79708283073307,0.9761305105435292,0.0037287973169917834
9954,1221475337,13,12.873712262402254,16.953505425007243,0.9761305105435292,0.0037287973169917834
9955,2443423158,17,16.842260977979063,17.260439948250024,0.9761305105435292,0.0037287973169917834
9956,278025072,11,10.832494483303178,14.667795560739535,0.9761305105435292,0.0037287973169917834
9957,587088674,14,12.624181787326409,14.845146398407048,0.9761305105435292,0.0037287973169917834
9958,3001239353,17,16.58026950980564,16.02161061634676,0.9761305105435292,0.0037287973169917834
9959,2616941183,23,23.566360439895938,17.471279978907425,0.9761305105435292,0.0037287973169917834
9960,1964032808,12,12.031174563311176,15.648966469888805,0.9761305105435292,0.0037287973169917834
9961,618495848,18,17.39385297609252,18.321610833037703,0.9761305105435292,0.0037287973169917834
9962,2965109974,20,20.500427297695648,14.551049683612183,0.9761305105435292,0.0037287973169917834
9963,462941235,18,18.164572041515086,14.332660486336943,0.9761305105435292,0.0037287973169917834
9964,1534283220,18,18.954255855330977,18.010102776815273,0.9761305105435292,0.0037287973169917834
9965,2297197337,15,15.09989197513515,14.916976097375265,0.9761305105435292,0.0037287973169917834
9966,4284470423,23,23.21349022146788,15.70549312646369,0.9761305105435292,0.0037287973169917834
9967,2161079217,16,15.835965687974857,16.399453955955444,0.9761305105435292,0.0037287973169917834
9968,1287447698,15,14.901403977532064,16.163723748169282,0.9761305105435292,0.0037287973169917834
9969,3728657727,22,20.49839937062426,15.91733970580816,0.9761305105435292,0.0037287973169917834
9970,370703467,15,15.00234779971793,15.621703126966228,0.9761305105435292,0.0037287973169917834
9971,719002533,17,16.444509043535067,18.341982116223427,0.9761305105435292,0.0037287973169917834
9972,921416001,16,15.657613970704748,17.08365050346391,0.9761305105435292,0.0037287973169917834
9973,3089444627,15,15.011288604722292,15.788174894420738,0.9761305105435292,0.0037287973169917834
9974,4111386314,17,16.891192395694635,14.07268736963481,0.9761305105435292,0.0037287973169917834
9975,183189684,13,13.110328675561576,16.853590993900994,0.9761305105435292,0.0037287973169917834
9976,2176584132,12,12.741016870704815,17.069518487060733,0.9761305105435292,0.0037287973169917834
9977,596059875,15,15.02697614529852,15.775738430675952,0.9761305105435292,0.0037287973169917834
9978,353221245,17,16.72295956173067,16.265636781277443,0.9761305105435292,0.0037287973169917834
9979,3352155755,20,19.4788253555729,17.55675980565814,0.9761305105435292,0.0037287973169917834
9980,1237467875,13,12.678957004123346,16.963965474441174,0.9761305105435292,0.0037287973169917834
9981,3284601789,18,18.429771272651102,16.29723452834975,0.9761305105435292,0.0037287973169917834
9982,1512075712,11,10.352163960884742,15.464371543524626,0.9761305105435292,0.0037287973169917834
9983,3181131796,15,14.89104684528383,17.602916879656405,0.9761305105435292,0.0037287973169917834
9984,313696481,12,12.108516198190266,14.348694560798004,0.9761305105435292,0.0037287973169917834
9985,2497812806,14,13.80464848128789,15.919254826239117,0.9761305105435292,0.0037287973169917834
9986,357117798,15,14.080767021621318,16.89182324825456,0.9761305105435292,0.0037287973169917834
9987,2514754343,16,15.040894870671618,14.487766142285153,0.9761305105435292,0.0037287973169917834
9988,3424619495,19,18.017802822619753,16.40193159888624,0.9761305105435292,0.0037287973169917834
9989,946980706,15,14.392502344646568,15.328750217279469,0.9761305105435292,0.0037287973169917834
9990,2765312071,14,15.493209283095473,17.045113811032262,0.9761305105435292,0.0037287973169917834
9991,3244080846,18,17.956420920710393,16.041843892345863,0.9761305105435292,0.0037287973169917834
9992,445296612,16,15.981298387095975,14.7923319470292,0.9761305105435292,0.0037287973169917834
9993,3575899493,17,18.407482831144957,17.7280501991869,0.9761305105435292,0.0037287973169917834
9994,3108460772,16,15.928152327937923,15.94450447610023,0.9761305105435292,0.0037287973169917834
9995,1557027466,16,16.43265366868274,14.831022205999734,0.9761305105435292,0.0037287973169917834
9996,571781158,10,10.26616027642118,15.064536220459749,0.9761305105435292,0.0037287973169917834
9997,406432146,13,13.309812364894748,16.323232198309555,0.9761305105435292,0.0037287973169917834
9998,1213228039,10,9.036436112490616,18.580340849202567,0.9761305105435292,0.0037287973169917834
9999,3764150749,16,15.036199290269213,15.323820699901074,0.9761305105435292,0.0037287973169917834
10000,2941591214,19,18.390146332629946,15.653569353597604,0.9761305105435292,0.0037287973169917834
